chunk_id,segment_index,segment_id,segment_type,page_number,content,html,markdown,image,bbox_left,bbox_top,bbox_width,bbox_height
026d8a85-5351-4799-b2b3-0f50f86bcf58,0,F8WT5ze,Text,1,AECOM,<p>AECOM</p>,AECOM,,147.4704,58.4208,215.5104,54.2016
026d8a85-5351-4799-b2b3-0f50f86bcf58,1,KOGRG7A,Text,1,Consultancy Agreement No. C1501 Design Services for Tuen Ma Extension,<p>Consultancy Agreement No. C1501 Design Services for Tuen Ma Extension</p>,Consultancy Agreement No. C1501 Design Services for Tuen Ma Extension,,1872.3888,51.6384,356.328,48.2112
026d8a85-5351-4799-b2b3-0f50f86bcf58,2,FqL_95L,Text,1,MTR Corporation Limited,<p>MTR Corporation Limited</p>,MTR Corporation Limited,,1214.8704,257.7744,433.00806,40.823975
026d8a85-5351-4799-b2b3-0f50f86bcf58,3,RlRZE6Q,Text,1,Consultancy Agreement No. C1501 Design Services for Tuen Ma Extension,<p>Consultancy Agreement No. C1501 Design Services for Tuen Ma Extension</p>,Consultancy Agreement No. C1501 Design Services for Tuen Ma Extension,,1214.1648,381.2688,674.06396,123.98401
026d8a85-5351-4799-b2b3-0f50f86bcf58,4,pfPCLWY,Text,1,2.4C A16 Reference Design Building Services Design Final Report with Federated Design Model and Drawings,<p>2.4C A16 Reference Design Building Services Design Final Report with Federated Design Model and Drawings</p>,2.4C A16 Reference Design Building Services Design Final Report with Federated Design Model and Drawings,,1213.5312,715.7088,1011.85913,81.90723
026d8a85-5351-4799-b2b3-0f50f86bcf58,5,IFuVZXO,Text,1,Rev. A January 2023,<p>Rev. A January 2023</p>,Rev. A January 2023,,1212.1632,882.5472,230.81763,122.05444
026d8a85-5351-4799-b2b3-0f50f86bcf58,6,zuyy3GO,Text,1,"This report is prepared for MTR Corporation Limited (MTR) and is given for its sole benefit in relation to and pursuant to Consultancy Agreement No. C1501 Design Services for Tuen Ma Extension and may not be disclosed to, quoted to or relied upon by any person other than MTR. No person (other than MTR) into whose possession a copy of this report comes may rely on this report without our express written consent and MTR may not rely on it for any purpose other than as described above","<p>This report is prepared for MTR Corporation Limited (MTR) and is given for its sole benefit in relation to and pursuant to Consultancy Agreement No. C1501 Design Services for Tuen Ma Extension and may not be disclosed to, quoted to or relied upon by any person other than MTR. No person (other than MTR) into whose possession a copy of this report comes may rely on this report without our express written consent and MTR may not rely on it for any purpose other than as described above</p>","This report is prepared for MTR Corporation Limited (MTR) and is given for its sole benefit in relation to and pursuant to Consultancy Agreement No. C1501 Design Services for Tuen Ma Extension and may not be disclosed to, quoted to or relied upon by any person other than MTR. No person (other than MTR) into whose possession a copy of this report comes may rely on this report without our express written consent and MTR may not rely on it for any purpose other than as described above",,132.6528,1438.1569,947.9232,118.353516
026d8a85-5351-4799-b2b3-0f50f86bcf58,7,xSYm2xe,Table,1,"<table>
  <thead>
    <tr>
      <th>Date</th>
      <th>Rev.</th>
      <th colspan=""2"">Prepared</th>
      <th colspan=""2"">Checked</th>
      <th colspan=""2"">Approved</th>
    </tr>
  </thead>
  <tbody>
    <tr>
      <td>July 2022</td>
      <td>0</td>
      <td>CT</td>
      <td></td>
      <td>JY</td>
      <td></td>
      <td>JBM</td>
      <td></td>
    </tr>
    <tr>
      <td>Jan 2023</td>
      <td>A</td>
      <td>CT</td>
      <td></td>
      <td>JY</td>
      <td></td>
      <td>JBM</td>
      <td></td>
    </tr>
    <tr>
      <td></td>
      <td></td>
      <td></td>
      <td></td>
      <td></td>
      <td></td>
      <td></td>
      <td></td>
    </tr>
    <tr>
      <td></td>
      <td></td>
      <td></td>
      <td></td>
      <td></td>
      <td></td>
      <td></td>
      <td></td>
    </tr>
    <tr>
      <td></td>
      <td></td>
      <td></td>
      <td></td>
      <td></td>
      <td></td>
      <td></td>
      <td></td>
    </tr>
  </tbody>
</table>","<table>
  <thead>
    <tr>
      <th>Date</th>
      <th>Rev.</th>
      <th colspan=""2"">Prepared</th>
      <th colspan=""2"">Checked</th>
      <th colspan=""2"">Approved</th>
    </tr>
  </thead>
  <tbody>
    <tr>
      <td>July 2022</td>
      <td>0</td>
      <td>CT</td>
      <td></td>
      <td>JY</td>
      <td></td>
      <td>JBM</td>
      <td></td>
    </tr>
    <tr>
      <td>Jan 2023</td>
      <td>A</td>
      <td>CT</td>
      <td></td>
      <td>JY</td>
      <td></td>
      <td>JBM</td>
      <td></td>
    </tr>
    <tr>
      <td></td>
      <td></td>
      <td></td>
      <td></td>
      <td></td>
      <td></td>
      <td></td>
      <td></td>
    </tr>
    <tr>
      <td></td>
      <td></td>
      <td></td>
      <td></td>
      <td></td>
      <td></td>
      <td></td>
      <td></td>
    </tr>
    <tr>
      <td></td>
      <td></td>
      <td></td>
      <td></td>
      <td></td>
      <td></td>
      <td></td>
      <td></td>
    </tr>
  </tbody>
</table>","|           |      |              |      |         |              |          |     |
|-----------|------|--------------|------|---------|--------------|----------|-----|
| Date      | Rev. | Prepared     |      | Checked |              | Approved |     |
| July 2022 | 0    | CT           | cafe | JY      | 0 [x] | JBM      |     |
| Jan 2023  | A    | CT           | ate  | JY      | 0 [x] | JBM      |     |
|           |      |              |      |         |              |          | f   |
|           |      |              |      |         |              |          |     |
|           |      | [ ] |      |         | [ ] |          |     |",https://storage.googleapis.com/chunkr-prod-bucket/b1e41788-2d6e-4f8e-ad16-2e39fb334c57/5d9ffc1b-8d78-44ef-813d-5174c6bbebed/images/xSYm2xe.jpg?x-id=GetObject&response-content-disposition=inline&response-content-encoding=utf-8&response-content-type=image%2Fjpeg&X-Amz-Algorithm=AWS4-HMAC-SHA256&X-Amz-Credential=GOOG1EBMQ2D33SPB3VQ4MMVJEKXWQFNK5WS57JRFVYUSD3ZCA76OC3B74IG7C%2F20260119%2Fus-east-1%2Fs3%2Faws4_request&X-Amz-Date=20260119T145120Z&X-Amz-Expires=3600&X-Amz-SignedHeaders=host&X-Amz-Signature=6987852f11fdf39e0d20c80b5a03b6077a3d06610d05b5c76fc2f747ecb46cd2,1217.5776,1379.9664,1017.4607,151.73279
026d8a85-5351-4799-b2b3-0f50f86bcf58,8,TjhZ2EM,Text,1,ePMS Transmittal No .: C1501-DED-ACM-BS-000021A File: 60644470/18.2.4C,<p>ePMS Transmittal No .: C1501-DED-ACM-BS-000021A File: 60644470/18.2.4C</p>,ePMS Transmittal No .: C1501-DED-ACM-BS-000021A File: 60644470/18.2.4C,,1217.9664,1554.912,488.24634,56.750366
026d8a85-5351-4799-b2b3-0f50f86bcf58,9,019k2ej,Text,2,AECOM,<p>AECOM</p>,AECOM,,139.9392,50.1264,164.44801,41.3568
026d8a85-5351-4799-b2b3-0f50f86bcf58,10,eNvXWqk,PageHeader,2,Consultancy Agreement No. C1501 Design Services for Tuen Ma Extension 2.4C A16 Reference Design Building Services Design Final Report with Federated Design Model and Drawings,"<div class=""page-header"">Consultancy Agreement No. C1501 Design Services for Tuen Ma Extension 2.4C A16 Reference Design Building Services Design Final Report with Federated Design Model and Drawings</div>",Consultancy Agreement No. C1501 Design Services for Tuen Ma Extension 2.4C A16 Reference Design Building Services Design Final Report with Federated Design Model and Drawings,,1259.9136,59.1696,978.0337,79.56
026d8a85-5351-4799-b2b3-0f50f86bcf58,11,gz8ap_w,Table,2,"<table>
  <tbody>
    <tr>
      <td>Appendix O</td>
      <td>Major Equipment Size and Delivery Route Requirement</td>
    </tr>
    <tr>
      <td>Appendix FC</td>
      <td>Proposed Earth Mat Layout in Feeder Station</td>
    </tr>
  </tbody>
</table>","<table>
  <tbody>
    <tr>
      <td>Appendix O</td>
      <td>Major Equipment Size and Delivery Route Requirement</td>
    </tr>
    <tr>
      <td>Appendix FC</td>
      <td>Proposed Earth Mat Layout in Feeder Station</td>
    </tr>
  </tbody>
</table>","|             |                                                     |
|-------------|-----------------------------------------------------|
| Appendix O  | Major Equipment Size and Delivery Route Requirement |
| Appendix FC | Proposed Earth Mat Layout in Feeder Station         |",https://storage.googleapis.com/chunkr-prod-bucket/b1e41788-2d6e-4f8e-ad16-2e39fb334c57/5d9ffc1b-8d78-44ef-813d-5174c6bbebed/images/gz8ap_w.jpg?x-id=GetObject&response-content-disposition=inline&response-content-encoding=utf-8&response-content-type=image%2Fjpeg&X-Amz-Algorithm=AWS4-HMAC-SHA256&X-Amz-Credential=GOOG1EBMQ2D33SPB3VQ4MMVJEKXWQFNK5WS57JRFVYUSD3ZCA76OC3B74IG7C%2F20260119%2Fus-east-1%2Fs3%2Faws4_request&X-Amz-Date=20260119T145120Z&X-Amz-Expires=3600&X-Amz-SignedHeaders=host&X-Amz-Signature=cd466d809135799392b6ce9e63a2f6cdba3bb1193e7c4a1612c086a5a0cf8dbf,1347.552,171.5616,837.23047,102.513596
e53ec316-9d57-48db-b0d6-88d3c3957722,0,QYEDmxC,SectionHeader,2,## List of Volumes,<h2>List of Volumes</h2>,## List of Volumes,,142.3008,186.7104,232.2,31.291199
e53ec316-9d57-48db-b0d6-88d3c3957722,1,KTYvqqw,Text,2,Volume 1 - Main Text,<p>Volume 1 - Main Text</p>,Volume 1 - Main Text,,141.3936,251.8848,258.9408,26.567993
e53ec316-9d57-48db-b0d6-88d3c3957722,2,IpkHTdq,Text,2,Volume 2 - Drawings - Environmental Control Systems and Fire Services,<p>Volume 2 - Drawings - Environmental Control Systems and Fire Services</p>,Volume 2 - Drawings - Environmental Control Systems and Fire Services,,141.2928,310.1472,826.3872,28.59842
e53ec316-9d57-48db-b0d6-88d3c3957722,3,sNyqy29,Text,2,Volume 3 - Drawings - Plumbing & Drainage Services and Electrical Services,<p>Volume 3 - Drawings - Plumbing & Drainage Services and Electrical Services</p>,Volume 3 - Drawings - Plumbing & Drainage Services and Electrical Services,,141.2064,368.1216,868.5072,29.260773
e53ec316-9d57-48db-b0d6-88d3c3957722,4,ea5CLeC,Text,2,Volume 4 - Appendices,<p>Volume 4 - Appendices</p>,Volume 4 - Appendices,,141.3072,426.4704,271.16638,27.964813
e53ec316-9d57-48db-b0d6-88d3c3957722,5,c5V1BD9,Table,2,"<table>
  <tbody>
    <tr>
      <td>Appendix A</td>
      <td>Assessment of Station Passenger Distribution for Cooling Load<br>Calculation</td>
    </tr>
    <tr>
      <td>Appendix B</td>
      <td>ECS Requirements for Staff and Plantrooms</td>
    </tr>
    <tr>
      <td>Appendix C1</td>
      <td>Electrical Loading Breakdown Detail</td>
    </tr>
    <tr>
      <td>Appendix C2</td>
      <td>Power Supply Scheme for A16 Station</td>
    </tr>
    <tr>
      <td>Appendix C3</td>
      <td>Proposed CLP HV Cable Routing</td>
    </tr>
    <tr>
      <td>Appendix D</td>
      <td>Major BS Equipment and Plant Schedule</td>
    </tr>
    <tr>
      <td>Appendix E</td>
      <td>BS Plantroom Schedule</td>
    </tr>
    <tr>
      <td>Appendix F</td>
      <td>Systemwide E&amp;M Plantroom Schedule</td>
    </tr>
    <tr>
      <td>Appendix G</td>
      <td>Systemwide E&amp;M Equipment Heat Dissipation Schedule</td>
    </tr>
    <tr>
      <td>Appendix H</td>
      <td>Systemwide E&amp;M Equipment Power Demand Schedule</td>
    </tr>
    <tr>
      <td>Appendix I</td>
      <td>TECS Trackway Schematic</td>
    </tr>
    <tr>
      <td>Appendix J1</td>
      <td>FTNS Application Letter</td>
    </tr>
    <tr>
      <td>Appendix J2</td>
      <td>CLP Power Supply Application Letter</td>
    </tr>
    <tr>
      <td>Appendix J3</td>
      <td>CLP Transformer Rooms Approval Drawings</td>
    </tr>
    <tr>
      <td>Appendix K</td>
      <td>Systemwide E&amp;M Cable Containment Schedule</td>
    </tr>
    <tr>
      <td>Appendix L</td>
      <td>Station Based Control System (SBCS) Architecture</td>
    </tr>
    <tr>
      <td>Appendix M</td>
      <td>Lighting Control Principle Summary</td>
    </tr>
    <tr>
      <td>Appendix N</td>
      <td>Application of Fresh Water Cooling Towers Scheme</td>
    </tr>
  </tbody>
</table>","<table>
  <tbody>
    <tr>
      <td>Appendix A</td>
      <td>Assessment of Station Passenger Distribution for Cooling Load<br>Calculation</td>
    </tr>
    <tr>
      <td>Appendix B</td>
      <td>ECS Requirements for Staff and Plantrooms</td>
    </tr>
    <tr>
      <td>Appendix C1</td>
      <td>Electrical Loading Breakdown Detail</td>
    </tr>
    <tr>
      <td>Appendix C2</td>
      <td>Power Supply Scheme for A16 Station</td>
    </tr>
    <tr>
      <td>Appendix C3</td>
      <td>Proposed CLP HV Cable Routing</td>
    </tr>
    <tr>
      <td>Appendix D</td>
      <td>Major BS Equipment and Plant Schedule</td>
    </tr>
    <tr>
      <td>Appendix E</td>
      <td>BS Plantroom Schedule</td>
    </tr>
    <tr>
      <td>Appendix F</td>
      <td>Systemwide E&amp;M Plantroom Schedule</td>
    </tr>
    <tr>
      <td>Appendix G</td>
      <td>Systemwide E&amp;M Equipment Heat Dissipation Schedule</td>
    </tr>
    <tr>
      <td>Appendix H</td>
      <td>Systemwide E&amp;M Equipment Power Demand Schedule</td>
    </tr>
    <tr>
      <td>Appendix I</td>
      <td>TECS Trackway Schematic</td>
    </tr>
    <tr>
      <td>Appendix J1</td>
      <td>FTNS Application Letter</td>
    </tr>
    <tr>
      <td>Appendix J2</td>
      <td>CLP Power Supply Application Letter</td>
    </tr>
    <tr>
      <td>Appendix J3</td>
      <td>CLP Transformer Rooms Approval Drawings</td>
    </tr>
    <tr>
      <td>Appendix K</td>
      <td>Systemwide E&amp;M Cable Containment Schedule</td>
    </tr>
    <tr>
      <td>Appendix L</td>
      <td>Station Based Control System (SBCS) Architecture</td>
    </tr>
    <tr>
      <td>Appendix M</td>
      <td>Lighting Control Principle Summary</td>
    </tr>
    <tr>
      <td>Appendix N</td>
      <td>Application of Fresh Water Cooling Towers Scheme</td>
    </tr>
  </tbody>
</table>","|             |                                                               |
|-------------|---------------------------------------------------------------|
| Appendix A  | Assessment of Station Passenger Distribution for Cooling Load |
|             | Calculation                                                   |
| Appendix B  | ECS Requirements for Staff and Plantrooms                     |
| Appendix C1 | Electrical Loading Breakdown Detail                           |
| Appendix C2 | Power Supply Scheme for A16 Station                           |
| Appendix C3 | Proposed CLP HV Cable Routing                                 |
| Appendix D  | Major BS Equipment and Plant Schedule                         |
| Appendix E  | BS Plantroom Schedule                                         |
| Appendix F  | Systemwide E&M Plantroom Schedule                             |
| Appendix G  | Systemwide E&M Equipment Heat Dissipation Schedule            |
| Appendix H  | Systemwide E&M Equipment Power Demand Schedule                |
| Appendix I  | TECS Trackway Schematic                                       |
| Appendix J1 | FTNS Application Letter                                       |
| Appendix J2 | CLP Power Supply Application Letter                           |
| Appendix J3 | CLP Transformer Rooms Approval Drawings                       |
| Appendix K  | Systemwide E&M Cable Containment Schedule                     |
| Appendix L  | Station Based Control System (SBCS) Architecture              |
| Appendix M  | Lighting Control Principle Summary                            |
| Appendix N  | Application of Fresh Water Cooling Towers Scheme              |",https://storage.googleapis.com/chunkr-prod-bucket/b1e41788-2d6e-4f8e-ad16-2e39fb334c57/5d9ffc1b-8d78-44ef-813d-5174c6bbebed/images/c5V1BD9.jpg?x-id=GetObject&response-content-disposition=inline&response-content-encoding=utf-8&response-content-type=image%2Fjpeg&X-Amz-Algorithm=AWS4-HMAC-SHA256&X-Amz-Credential=GOOG1EBMQ2D33SPB3VQ4MMVJEKXWQFNK5WS57JRFVYUSD3ZCA76OC3B74IG7C%2F20260119%2Fus-east-1%2Fs3%2Faws4_request&X-Amz-Date=20260119T145120Z&X-Amz-Expires=3600&X-Amz-SignedHeaders=host&X-Amz-Signature=e8a7e0d15ac9d8c733ccf241bf691fcdd5f5c053dc326acefec35184b9b224ef,264.024,478.6704,914.8608,1085.9471
e53ec316-9d57-48db-b0d6-88d3c3957722,6,iQ7JgGj,PageFooter,2,Rev. A,"<div class=""page-footer"">Rev. A</div>",Rev. A,,141.624,1601.4095,60.163208,19.900879
e53ec316-9d57-48db-b0d6-88d3c3957722,7,-8GNXrf,PageFooter,2,Page i,"<div class=""page-footer"">Page i</div>",Page i,,1159.5743,1601.2512,56.44812,22.23352
e53ec316-9d57-48db-b0d6-88d3c3957722,8,OAF2fc1,PageFooter,2,January 2023,"<div class=""page-footer"">January 2023</div>",January 2023,,2110.7375,1600.8624,123.998535,22.70874
e53ec316-9d57-48db-b0d6-88d3c3957722,9,-catYWS,Text,3,AECOM,<p>AECOM</p>,AECOM,,139.6944,49.4496,163.88641,42.2352
e53ec316-9d57-48db-b0d6-88d3c3957722,10,LbyGD3o,PageHeader,3,Consultancy Agreement No. C1501 Design Services for Tuen Ma Extension 2.4C A16 Reference Design Building Services Design Final Report with Federated Design Model and Drawings,"<div class=""page-header"">Consultancy Agreement No. C1501 Design Services for Tuen Ma Extension 2.4C A16 Reference Design Building Services Design Final Report with Federated Design Model and Drawings</div>",Consultancy Agreement No. C1501 Design Services for Tuen Ma Extension 2.4C A16 Reference Design Building Services Design Final Report with Federated Design Model and Drawings,,1259.712,58.7664,978.00476,79.2
e39b6984-3a3f-4167-a6fe-8220a1f76023,0,qJjbrXo,SectionHeader,3,## Table of Contents,<h2>Table of Contents</h2>,## Table of Contents,,140.9616,210.2544,267.1488,32.65921
e39b6984-3a3f-4167-a6fe-8220a1f76023,1,AJgfF79,Text,3,1,<p>1</p>,1,,143.3232,282.8592,11.462402,17.8992
e39b6984-3a3f-4167-a6fe-8220a1f76023,2,f8XrrXR,Text,3,2,<p>2</p>,2,,142.7184,434.9376,11.980804,18.691223
e39b6984-3a3f-4167-a6fe-8220a1f76023,3,wrBoIIL,Text,3,3,<p>3</p>,3,,142.7184,586.9872,11.880005,18.936035
e39b6984-3a3f-4167-a6fe-8220a1f76023,4,Rn15k16,Text,3,4 5,<p>4 5</p>,4 5,,142.5888,892.2096,12.715195,120.19678
e39b6984-3a3f-4167-a6fe-8220a1f76023,5,asCzOIb,Text,3,6,<p>6</p>,6,,143.0928,1349.7552,12.369598,18.302368
e39b6984-3a3f-4167-a6fe-8220a1f76023,6,hb0Ixc5,Text,3,7,<p>7</p>,7,,142.7184,1450.7856,12.4272,17.971191
e39b6984-3a3f-4167-a6fe-8220a1f76023,7,xyQubEs,Table,3,"<table>
  <tbody>
    <tr>
      <td colspan=""2"">EXECUTIVE SUMMARY</td>
      <td>1</td>
    </tr>
    <tr>
      <td>1.1</td>
      <td>General</td>
      <td>1</td>
    </tr>
    <tr>
      <td>1.2</td>
      <td>Report Limitations</td>
      <td>1</td>
    </tr>
    <tr>
      <td colspan=""2"">INTRODUCTION</td>
      <td>2</td>
    </tr>
    <tr>
      <td>2.1</td>
      <td>Background</td>
      <td>2</td>
    </tr>
    <tr>
      <td>2.2</td>
      <td>Purpose of Report</td>
      <td>2</td>
    </tr>
    <tr>
      <td colspan=""2"">DESIGN PARAMETERS</td>
      <td>3</td>
    </tr>
    <tr>
      <td>3.1</td>
      <td>General</td>
      <td>3</td>
    </tr>
    <tr>
      <td>3.2</td>
      <td>Environmental Control System (ECS)</td>
      <td>3</td>
    </tr>
    <tr>
      <td>3.3</td>
      <td>Fire Services (FS)</td>
      <td>11</td>
    </tr>
    <tr>
      <td>3.4</td>
      <td>Plumbing and Drainage Services (PD)</td>
      <td>15</td>
    </tr>
    <tr>
      <td>3.5</td>
      <td>Electrical Services (ES)</td>
      <td>20</td>
    </tr>
    <tr>
      <td colspan=""2"">ECS SIMULATION</td>
      <td>24</td>
    </tr>
    <tr>
      <td>4.1</td>
      <td>General</td>
      <td>24</td>
    </tr>
    <tr>
      <td colspan=""2"">POWER SUPPLY REQUIREMENTS</td>
      <td>26</td>
    </tr>
    <tr>
      <td>5.1</td>
      <td>General</td>
      <td>26</td>
    </tr>
    <tr>
      <td>5.2</td>
      <td>11kV Power Supply Network Summary</td>
      <td>26</td>
    </tr>
    <tr>
      <td>5.3</td>
      <td>LV Power Supply to Feeder Station</td>
      <td>26</td>
    </tr>
    <tr>
      <td>5.4</td>
      <td>Power Supply Modes</td>
      <td>26</td>
    </tr>
    <tr>
      <td>5.5</td>
      <td>Power Supply Requirement Summary</td>
      <td>27</td>
    </tr>
    <tr>
      <td>5.6</td>
      <td>LV Power Supply Requirement</td>
      <td>27</td>
    </tr>
    <tr>
      <td colspan=""2"">ENVIRONMENTAL CONTROL SYSTEM (ECS) SCHEME DESIGN</td>
      <td>29</td>
    </tr>
    <tr>
      <td>6.1</td>
      <td>A16 Station</td>
      <td>29</td>
    </tr>
    <tr>
      <td colspan=""2"">FIRE SERVICES SYSTEM (FS) SCHEME DESIGN</td>
      <td>35</td>
    </tr>
    <tr>
      <td>7.1</td>
      <td>A16 Station</td>
      <td>35</td>
    </tr>
  </tbody>
</table>","<table>
  <tbody>
    <tr>
      <td colspan=""2"">EXECUTIVE SUMMARY</td>
      <td>1</td>
    </tr>
    <tr>
      <td>1.1</td>
      <td>General</td>
      <td>1</td>
    </tr>
    <tr>
      <td>1.2</td>
      <td>Report Limitations</td>
      <td>1</td>
    </tr>
    <tr>
      <td colspan=""2"">INTRODUCTION</td>
      <td>2</td>
    </tr>
    <tr>
      <td>2.1</td>
      <td>Background</td>
      <td>2</td>
    </tr>
    <tr>
      <td>2.2</td>
      <td>Purpose of Report</td>
      <td>2</td>
    </tr>
    <tr>
      <td colspan=""2"">DESIGN PARAMETERS</td>
      <td>3</td>
    </tr>
    <tr>
      <td>3.1</td>
      <td>General</td>
      <td>3</td>
    </tr>
    <tr>
      <td>3.2</td>
      <td>Environmental Control System (ECS)</td>
      <td>3</td>
    </tr>
    <tr>
      <td>3.3</td>
      <td>Fire Services (FS)</td>
      <td>11</td>
    </tr>
    <tr>
      <td>3.4</td>
      <td>Plumbing and Drainage Services (PD)</td>
      <td>15</td>
    </tr>
    <tr>
      <td>3.5</td>
      <td>Electrical Services (ES)</td>
      <td>20</td>
    </tr>
    <tr>
      <td colspan=""2"">ECS SIMULATION</td>
      <td>24</td>
    </tr>
    <tr>
      <td>4.1</td>
      <td>General</td>
      <td>24</td>
    </tr>
    <tr>
      <td colspan=""2"">POWER SUPPLY REQUIREMENTS</td>
      <td>26</td>
    </tr>
    <tr>
      <td>5.1</td>
      <td>General</td>
      <td>26</td>
    </tr>
    <tr>
      <td>5.2</td>
      <td>11kV Power Supply Network Summary</td>
      <td>26</td>
    </tr>
    <tr>
      <td>5.3</td>
      <td>LV Power Supply to Feeder Station</td>
      <td>26</td>
    </tr>
    <tr>
      <td>5.4</td>
      <td>Power Supply Modes</td>
      <td>26</td>
    </tr>
    <tr>
      <td>5.5</td>
      <td>Power Supply Requirement Summary</td>
      <td>27</td>
    </tr>
    <tr>
      <td>5.6</td>
      <td>LV Power Supply Requirement</td>
      <td>27</td>
    </tr>
    <tr>
      <td colspan=""2"">ENVIRONMENTAL CONTROL SYSTEM (ECS) SCHEME DESIGN</td>
      <td>29</td>
    </tr>
    <tr>
      <td>6.1</td>
      <td>A16 Station</td>
      <td>29</td>
    </tr>
    <tr>
      <td colspan=""2"">FIRE SERVICES SYSTEM (FS) SCHEME DESIGN</td>
      <td>35</td>
    </tr>
    <tr>
      <td>7.1</td>
      <td>A16 Station</td>
      <td>35</td>
    </tr>
  </tbody>
</table>","|                                                  |                                     |     |
|--------------------------------------------------|-------------------------------------|-----|
| EXECUTIVE SUMMARY                                |                                     | 1   |
| 1.1                                              | General                             | 1   |
| 1.2                                              | Report Limitations                  | 1   |
| INTRODUCTION                                     |                                     | 2   |
| 2.1                                              | Background                          | 2   |
| 2.2                                              | Purpose of Report                   | 2   |
| DESIGN PARAMETERS                                |                                     | 3   |
| 3.1                                              | General                             | 3   |
| 3.2                                              | Environmental Control System (ECS)  | 3   |
| 3.3                                              | Fire Services (FS)                  | 11  |
| 3.4                                              | Plumbing and Drainage Services (PD) | 15  |
| 3.5                                              | Electrical Services (ES)            | 20  |
| ECS SIMULATION                                   |                                     | 24  |
| 4.1                                              | General                             | 24  |
| POWER SUPPLY REQUIREMENTS                        |                                     | 26  |
| 5.1                                              | General                             | 26  |
| 5.2                                              | 11kV Power Supply Network Summary   | 26  |
| 5.3                                              | LV Power Supply to Feeder Station   | 26  |
| 5.4                                              | Power Supply Modes                  | 26  |
| 5.5                                              | Power Supply Requirement Summary    | 27  |
| 5.6                                              | LV Power Supply Requirement         | 27  |
| ENVIRONMENTAL CONTROL SYSTEM (ECS) SCHEME DESIGN |                                     | 29  |
| 6.1                                              | A16 Station.                        | 29  |
| FIRE SERVICES SYSTEM (FS) SCHEME DESIGN          |                                     | 35  |
| 7.1                                              | A16 Station                         | 35  |",https://storage.googleapis.com/chunkr-prod-bucket/b1e41788-2d6e-4f8e-ad16-2e39fb334c57/5d9ffc1b-8d78-44ef-813d-5174c6bbebed/images/xyQubEs.jpg?x-id=GetObject&response-content-disposition=inline&response-content-encoding=utf-8&response-content-type=image%2Fjpeg&X-Amz-Algorithm=AWS4-HMAC-SHA256&X-Amz-Credential=GOOG1EBMQ2D33SPB3VQ4MMVJEKXWQFNK5WS57JRFVYUSD3ZCA76OC3B74IG7C%2F20260119%2Fus-east-1%2Fs3%2Faws4_request&X-Amz-Date=20260119T145120Z&X-Amz-Expires=3600&X-Amz-SignedHeaders=host&X-Amz-Signature=3d7433f59e3885a80ab3ed27aa0c07af0eb67528ca2725bedce5ead829e3f39c,195.696,254.8368,970.9344,1273.608
e39b6984-3a3f-4167-a6fe-8220a1f76023,8,Lm3C-X1,Text,3,8,<p>8</p>,8,,1224.4752,285.7392,12.484741,18.331207
e39b6984-3a3f-4167-a6fe-8220a1f76023,9,YqZqH8z,Text,3,9,<p>9</p>,9,,1224.1008,387.504,12.34082,18.316803
e39b6984-3a3f-4167-a6fe-8220a1f76023,10,0_glp1J,Text,3,10,<p>10</p>,10,,1225.0511,844.0272,23.01123,19.46875
e39b6984-3a3f-4167-a6fe-8220a1f76023,11,2fuM-Ir,Text,3,11,<p>11</p>,11,,1225.0944,1149.0624,22.075195,18.74878
e39b6984-3a3f-4167-a6fe-8220a1f76023,12,IJ9kSY5,Text,3,12,<p>12</p>,12,,1225.0225,1199.7648,22.967896,18.936035
e39b6984-3a3f-4167-a6fe-8220a1f76023,13,90RuEnh,Text,3,13,<p>13</p>,13,,1224.8496,1352.4768,22.766357,19.19519
e39b6984-3a3f-4167-a6fe-8220a1f76023,14,pAfLrgw,Table,3,"<table>
  <tbody>
    <tr>
      <td colspan=""2"">PLUMBING AND DRAINAGE Services (PD) SCHEME DESIGN</td>
      <td>38</td>
    </tr>
    <tr>
      <td>8.1</td>
      <td>A16 Station</td>
      <td>38</td>
    </tr>
    <tr>
      <td colspan=""2"">ELECTRICAL SERVICES (ES) SCHEME DESIGN</td>
      <td>41</td>
    </tr>
    <tr>
      <td>9.1</td>
      <td>Electrical Power Distribution Strategy</td>
      <td>41</td>
    </tr>
    <tr>
      <td>9.2</td>
      <td>Lighting</td>
      <td>41</td>
    </tr>
    <tr>
      <td>9.3</td>
      <td>Cable Containment System</td>
      <td>41</td>
    </tr>
    <tr>
      <td>9.4</td>
      <td>Voltage Drop Interface Requirements</td>
      <td>42</td>
    </tr>
    <tr>
      <td>9.5</td>
      <td>UPS System Protective Device Discrimination</td>
      <td>42</td>
    </tr>
    <tr>
      <td>9.6</td>
      <td>Earthing and Bonding</td>
      <td>42</td>
    </tr>
    <tr>
      <td>9.7</td>
      <td>Lightning Protection System</td>
      <td>42</td>
    </tr>
    <tr>
      <td>9.8</td>
      <td>Metering</td>
      <td>43</td>
    </tr>
    <tr>
      <td colspan=""2"">UTILITIES CONNECTIONS</td>
      <td>44</td>
    </tr>
    <tr>
      <td>10.1</td>
      <td>General</td>
      <td>44</td>
    </tr>
    <tr>
      <td>10.2</td>
      <td>Electricity Supply</td>
      <td>44</td>
    </tr>
    <tr>
      <td>10.3</td>
      <td>Telecommunication Services</td>
      <td>44</td>
    </tr>
    <tr>
      <td>10.4</td>
      <td>Water Supply</td>
      <td>44</td>
    </tr>
    <tr>
      <td>10.5</td>
      <td>Storm Water Drainage</td>
      <td>44</td>
    </tr>
    <tr>
      <td colspan=""2"">BS INTERFACES WITH SYSTEMWIDE E&M</td>
      <td>45</td>
    </tr>
    <tr>
      <td colspan=""2"">DAY 1 ARRANGEMENT FOR COMMUNITY GARDEN AND COMMUNITY GALLERY/ACCESS</td>
      <td>46</td>
    </tr>
    <tr>
      <td>12.1</td>
      <td>General</td>
      <td>46</td>
    </tr>
    <tr>
      <td>12.2</td>
      <td>Building Services Provision Reserved for Renovation in Future</td>
      <td>46</td>
    </tr>
    <tr>
      <td colspan=""2"">BS ENVIRONMENTAL IMPACT</td>
      <td>47</td>
    </tr>
    <tr>
      <td>13.1</td>
      <td>General</td>
      <td>47</td>
    </tr>
    <tr>
      <td>13.2</td>
      <td>Heat Rejection from Central Chiller Plant</td>
      <td>47</td>
    </tr>
    <tr>
      <td>13.3</td>
      <td>Noise & Vibration Control</td>
      <td>47</td>
    </tr>
  </tbody>
</table>","<table>
  <tbody>
    <tr>
      <td colspan=""2"">PLUMBING AND DRAINAGE Services (PD) SCHEME DESIGN</td>
      <td>38</td>
    </tr>
    <tr>
      <td>8.1</td>
      <td>A16 Station</td>
      <td>38</td>
    </tr>
    <tr>
      <td colspan=""2"">ELECTRICAL SERVICES (ES) SCHEME DESIGN</td>
      <td>41</td>
    </tr>
    <tr>
      <td>9.1</td>
      <td>Electrical Power Distribution Strategy</td>
      <td>41</td>
    </tr>
    <tr>
      <td>9.2</td>
      <td>Lighting</td>
      <td>41</td>
    </tr>
    <tr>
      <td>9.3</td>
      <td>Cable Containment System</td>
      <td>41</td>
    </tr>
    <tr>
      <td>9.4</td>
      <td>Voltage Drop Interface Requirements</td>
      <td>42</td>
    </tr>
    <tr>
      <td>9.5</td>
      <td>UPS System Protective Device Discrimination</td>
      <td>42</td>
    </tr>
    <tr>
      <td>9.6</td>
      <td>Earthing and Bonding</td>
      <td>42</td>
    </tr>
    <tr>
      <td>9.7</td>
      <td>Lightning Protection System</td>
      <td>42</td>
    </tr>
    <tr>
      <td>9.8</td>
      <td>Metering</td>
      <td>43</td>
    </tr>
    <tr>
      <td colspan=""2"">UTILITIES CONNECTIONS</td>
      <td>44</td>
    </tr>
    <tr>
      <td>10.1</td>
      <td>General</td>
      <td>44</td>
    </tr>
    <tr>
      <td>10.2</td>
      <td>Electricity Supply</td>
      <td>44</td>
    </tr>
    <tr>
      <td>10.3</td>
      <td>Telecommunication Services</td>
      <td>44</td>
    </tr>
    <tr>
      <td>10.4</td>
      <td>Water Supply</td>
      <td>44</td>
    </tr>
    <tr>
      <td>10.5</td>
      <td>Storm Water Drainage</td>
      <td>44</td>
    </tr>
    <tr>
      <td colspan=""2"">BS INTERFACES WITH SYSTEMWIDE E&M</td>
      <td>45</td>
    </tr>
    <tr>
      <td colspan=""2"">DAY 1 ARRANGEMENT FOR COMMUNITY GARDEN AND COMMUNITY GALLERY/ACCESS</td>
      <td>46</td>
    </tr>
    <tr>
      <td>12.1</td>
      <td>General</td>
      <td>46</td>
    </tr>
    <tr>
      <td>12.2</td>
      <td>Building Services Provision Reserved for Renovation in Future</td>
      <td>46</td>
    </tr>
    <tr>
      <td colspan=""2"">BS ENVIRONMENTAL IMPACT</td>
      <td>47</td>
    </tr>
    <tr>
      <td>13.1</td>
      <td>General</td>
      <td>47</td>
    </tr>
    <tr>
      <td>13.2</td>
      <td>Heat Rejection from Central Chiller Plant</td>
      <td>47</td>
    </tr>
    <tr>
      <td>13.3</td>
      <td>Noise & Vibration Control</td>
      <td>47</td>
    </tr>
  </tbody>
</table>","|                                                   |                                                               |     |
|---------------------------------------------------|---------------------------------------------------------------|-----|
| PLUMBING AND DRAINAGE Services (PD) SCHEME DESIGN |                                                               | 38  |
| 8.1                                               | A16 Station                                                   | 38  |
| ELECTRICAL SERVICES (ES) SCHEME DESIGN            |                                                               | 41  |
| 9.1                                               | Electrical Power Distribution Strategy                        | 41  |
| 9.2                                               | Lighting                                                      | 41  |
| 9.3                                               | Cable Containment System                                      | 41  |
| 9.4                                               | Voltage Drop Interface Requirements                           | 42  |
| 9.5                                               | UPS System Protective Device Discrimination                   | 42  |
| 9.6                                               | Earthing and Bonding.                                         | 42  |
| 9.7                                               | Lightning Protection System                                   | 42  |
| 9.8                                               | Metering                                                      | 43  |
| UTILITIES CONNECTIONS                             |                                                               | 44  |
| 10.1                                              | General                                                       | 44  |
| 10.2                                              | Electricity Supply                                            | 44  |
| 10.3                                              | Telecommunication Services                                    | 44  |
| 10.4                                              | Water Supply                                                  | 44  |
| 10.5                                              | Storm Water Drainage                                          | 44  |
| BS INTERFACES WITH SYSTEMWIDE E&M                 |                                                               | 45  |
| DAY 1                                             | ARRANGEMENT FOR COMMUNITY GARDEN AND COMMUNITY GALLERY/ACCESS | 46  |
| 12.1                                              | General                                                       | 46  |
| 12.2                                              | Building Services Provision Reserved for Renovation in Future | 46  |
| BS ENVIRONMENTAL IMPACT                           |                                                               | 47  |
| 13.1                                              | General                                                       | 47  |
| 13.2                                              | Heat Rejection from Central Chiller Plant                     | 47  |
| 13.3                                              | Noise & Vibration Control                                     | 47  |",https://storage.googleapis.com/chunkr-prod-bucket/b1e41788-2d6e-4f8e-ad16-2e39fb334c57/5d9ffc1b-8d78-44ef-813d-5174c6bbebed/images/pAfLrgw.jpg?x-id=GetObject&response-content-disposition=inline&response-content-encoding=utf-8&response-content-type=image%2Fjpeg&X-Amz-Algorithm=AWS4-HMAC-SHA256&X-Amz-Credential=GOOG1EBMQ2D33SPB3VQ4MMVJEKXWQFNK5WS57JRFVYUSD3ZCA76OC3B74IG7C%2F20260119%2Fus-east-1%2Fs3%2Faws4_request&X-Amz-Date=20260119T145120Z&X-Amz-Expires=3600&X-Amz-SignedHeaders=host&X-Amz-Signature=80d4536c89e971e34e4110cc1135d36853c1daed92edff4ac6489caa92d9c8fe,1280.3904,263.4912,965.3616,1275.3359
e39b6984-3a3f-4167-a6fe-8220a1f76023,15,84KNNev,PageFooter,3,Rev. A,"<div class=""page-footer"">Rev. A</div>",Rev. A,,142.1856,1601.8992,58.824005,18.84961
e39b6984-3a3f-4167-a6fe-8220a1f76023,16,cHbwHbb,PageFooter,3,Page i,"<div class=""page-footer"">Page i</div>",Page i,,1160.208,1601.9568,55.151978,20.952026
e39b6984-3a3f-4167-a6fe-8220a1f76023,17,AI8yb7m,PageFooter,3,January 2023,"<div class=""page-footer"">January 2023</div>",January 2023,,2111.3423,1601.2656,122.40015,22.060791
e39b6984-3a3f-4167-a6fe-8220a1f76023,18,afD6IAw,Text,4,AECOM,<p>AECOM</p>,AECOM,,139.896,49.3056,163.656,42.3792
e39b6984-3a3f-4167-a6fe-8220a1f76023,19,2dBTheh,Text,4,Consultancy Agreement No. C1501 Design Services for Tuen Ma Extension 2.4C A16 Reference Design Building Services Design Final Report with Federated Design Model and Drawings,<p>Consultancy Agreement No. C1501 Design Services for Tuen Ma Extension 2.4C A16 Reference Design Building Services Design Final Report with Federated Design Model and Drawings</p>,Consultancy Agreement No. C1501 Design Services for Tuen Ma Extension 2.4C A16 Reference Design Building Services Design Final Report with Federated Design Model and Drawings,,1259.2512,58.1904,978.40796,80.092804
e39b6984-3a3f-4167-a6fe-8220a1f76023,20,KI0uXNT,Table,4,"<table>
  <tbody>
    <tr>
      <td>13.4</td>
      <td>Waste Water Discharge</td>
      <td>47</td>
    </tr>
    <tr>
      <td>14</td>
      <td>MAJOR BS EQUIPMENT AND PLANT SCHEDULES</td>
      <td>48</td>
    </tr>
    <tr>
      <td></td>
      <td>14.1 Major BS Equipment Schedules</td>
      <td>48</td>
    </tr>
    <tr>
      <td></td>
      <td>14.2 BS and Systemwide Plantroom Schedules</td>
      <td>48</td>
    </tr>
    <tr>
      <td></td>
      <td>14.3 Major Equipment Delivery Schedules</td>
      <td>48</td>
    </tr>
    <tr>
      <td>15</td>
      <td>NEW TRACTION FEEDER STATION</td>
      <td>49</td>
    </tr>
    <tr>
      <td></td>
      <td>15.1 General</td>
      <td>49</td>
    </tr>
    <tr>
      <td></td>
      <td>15.2 Environment Control System (ECS) Design</td>
      <td>49</td>
    </tr>
    <tr>
      <td></td>
      <td>15.3 Fire Services (FS)</td>
      <td>54</td>
    </tr>
    <tr>
      <td></td>
      <td>15.4 Plumbing & Drainage Services (P&D)</td>
      <td>56</td>
    </tr>
    <tr>
      <td></td>
      <td>15.5 Electrical Services (ES)</td>
      <td>58</td>
    </tr>
    <tr>
      <td>16</td>
      <td>NEW INITIATIVES FOR TME(A16)</td>
      <td>60</td>
    </tr>
    <tr>
      <td></td>
      <td>16.1 Lithium-Ion Battery (LIB) for UPS</td>
      <td>60</td>
    </tr>
    <tr>
      <td></td>
      <td>16.2 LED Lighting</td>
      <td>60</td>
    </tr>
    <tr>
      <td></td>
      <td>16.3 Intelligent Controlled Lighting System</td>
      <td>60</td>
    </tr>
    <tr>
      <td></td>
      <td>16.4 Infrared Scanning on Switchboard</td>
      <td>60</td>
    </tr>
    <tr>
      <td></td>
      <td>16.5 Motion/Integrated Occupancy Control</td>
      <td>60</td>
    </tr>
    <tr>
      <td></td>
      <td>16.6 Photo Sensor</td>
      <td>60</td>
    </tr>
    <tr>
      <td></td>
      <td>16.7 Combined Harmonic Filter and Power Factor Correction Equipment</td>
      <td>60</td>
    </tr>
    <tr>
      <td></td>
      <td>16.8 Solar Pavement</td>
      <td>60</td>
    </tr>
    <tr>
      <td></td>
      <td>16.9 All-in-One Cable and System Design / Modular Cable System</td>
      <td>60</td>
    </tr>
    <tr>
      <td></td>
      <td>16.10 Smart Power Supply System</td>
      <td>60</td>
    </tr>
    <tr>
      <td></td>
      <td>16.11 MiC/DfMA</td>
      <td>60</td>
    </tr>
    <tr>
      <td></td>
      <td>16.12 Energy Efficiency and Optimization</td>
      <td>60</td>
    </tr>
    <tr>
      <td></td>
      <td>16.13 IoT Equipment, AI and Big Data</td>
      <td>60</td>
    </tr>
    <tr>
      <td></td>
      <td>16.14 Water-Cooled Packaged Air-Conditioning Unit</td>
      <td>60</td>
    </tr>
    <tr>
      <td></td>
      <td>16.15 Permanent Magnet Synchronous Motor (PMSM) Fan Coil Unit</td>
      <td>61</td>
    </tr>
  </tbody>
</table>","<table>
  <tbody>
    <tr>
      <td>13.4</td>
      <td>Waste Water Discharge</td>
      <td>47</td>
    </tr>
    <tr>
      <td>14</td>
      <td>MAJOR BS EQUIPMENT AND PLANT SCHEDULES</td>
      <td>48</td>
    </tr>
    <tr>
      <td></td>
      <td>14.1 Major BS Equipment Schedules</td>
      <td>48</td>
    </tr>
    <tr>
      <td></td>
      <td>14.2 BS and Systemwide Plantroom Schedules</td>
      <td>48</td>
    </tr>
    <tr>
      <td></td>
      <td>14.3 Major Equipment Delivery Schedules</td>
      <td>48</td>
    </tr>
    <tr>
      <td>15</td>
      <td>NEW TRACTION FEEDER STATION</td>
      <td>49</td>
    </tr>
    <tr>
      <td></td>
      <td>15.1 General</td>
      <td>49</td>
    </tr>
    <tr>
      <td></td>
      <td>15.2 Environment Control System (ECS) Design</td>
      <td>49</td>
    </tr>
    <tr>
      <td></td>
      <td>15.3 Fire Services (FS)</td>
      <td>54</td>
    </tr>
    <tr>
      <td></td>
      <td>15.4 Plumbing & Drainage Services (P&D)</td>
      <td>56</td>
    </tr>
    <tr>
      <td></td>
      <td>15.5 Electrical Services (ES)</td>
      <td>58</td>
    </tr>
    <tr>
      <td>16</td>
      <td>NEW INITIATIVES FOR TME(A16)</td>
      <td>60</td>
    </tr>
    <tr>
      <td></td>
      <td>16.1 Lithium-Ion Battery (LIB) for UPS</td>
      <td>60</td>
    </tr>
    <tr>
      <td></td>
      <td>16.2 LED Lighting</td>
      <td>60</td>
    </tr>
    <tr>
      <td></td>
      <td>16.3 Intelligent Controlled Lighting System</td>
      <td>60</td>
    </tr>
    <tr>
      <td></td>
      <td>16.4 Infrared Scanning on Switchboard</td>
      <td>60</td>
    </tr>
    <tr>
      <td></td>
      <td>16.5 Motion/Integrated Occupancy Control</td>
      <td>60</td>
    </tr>
    <tr>
      <td></td>
      <td>16.6 Photo Sensor</td>
      <td>60</td>
    </tr>
    <tr>
      <td></td>
      <td>16.7 Combined Harmonic Filter and Power Factor Correction Equipment</td>
      <td>60</td>
    </tr>
    <tr>
      <td></td>
      <td>16.8 Solar Pavement</td>
      <td>60</td>
    </tr>
    <tr>
      <td></td>
      <td>16.9 All-in-One Cable and System Design / Modular Cable System</td>
      <td>60</td>
    </tr>
    <tr>
      <td></td>
      <td>16.10 Smart Power Supply System</td>
      <td>60</td>
    </tr>
    <tr>
      <td></td>
      <td>16.11 MiC/DfMA</td>
      <td>60</td>
    </tr>
    <tr>
      <td></td>
      <td>16.12 Energy Efficiency and Optimization</td>
      <td>60</td>
    </tr>
    <tr>
      <td></td>
      <td>16.13 IoT Equipment, AI and Big Data</td>
      <td>60</td>
    </tr>
    <tr>
      <td></td>
      <td>16.14 Water-Cooled Packaged Air-Conditioning Unit</td>
      <td>60</td>
    </tr>
    <tr>
      <td></td>
      <td>16.15 Permanent Magnet Synchronous Motor (PMSM) Fan Coil Unit</td>
      <td>61</td>
    </tr>
  </tbody>
</table>","|     |       |                                                                 |     |
|-----|-------|-----------------------------------------------------------------|-----|
|     | 13.4  | Waste Water Discharge                                           | 47  |
| 14  | MAJOR | BS EQUIPMENT AND PLANT SCHEDULES                                | 48  |
|     | 14.1  | Major BS Equipment Schedules                                    | 48  |
|     | 14.2  | BS and Systemwide Plantroom Schedules                           | 48  |
|     | 14.3  | Major Equipment Delivery Schedules                              | 48  |
| 15  | NEW   | TRACTION FEEDER STATION                                         | 49  |
|     | 15.1  | General                                                         | 49  |
|     | 15.2  | Environment Control System (ECS) Design                         | 49  |
|     | 15.3  | Fire Services (FS)                                              | 54  |
|     | 15.4  | Plumbing & Drainage Services (P&D)                              | 56  |
|     | 15.5  | Electrical Services (ES)                                        | 58  |
| 16  | NEW   | INITIATIVES FOR TME(A16)                                        | 60  |
|     | 16.1  | Lithium-Ion Battery (LIB) for UPS                               | 60  |
|     | 16.2  | LED Lighting                                                    | 60  |
|     | 16.3  | Intelligent Controlled Lighting System                          | 60  |
|     | 16.4  | Infrared Scanning on Switchboard                                | 60  |
|     | 16.5  | Motion/Integrated Occupancy Control                             | 60  |
|     | 16.6  | Photo Sensor                                                    | 60  |
|     | 16.7  | Combined Harmonic Filter and Power Factor Correction Equipment. | 60  |
|     | 16.8  | Solar Pavement                                                  | 60  |
|     | 16.9  | All-in-One Cable and System Design / Modular Cable System       | 60  |
|     | 16.10 | Smart Power Supply System                                       | 60  |
|     | 16.11 | MiC/DfMA                                                        | 60  |
|     | 16.12 | Energy Efficiency and Optimization                              | 60  |
|     | 16.13 | IoT Equipment, AI and Big Data                                  | 60  |
|     | 16.14 | Water-Cooled Packaged Air-Conditioning Unit                     | 60  |
|     | 16.15 | Permanent Magnet Synchronous Motor (PMSM) Fan Coil Unit         | 61  |",https://storage.googleapis.com/chunkr-prod-bucket/b1e41788-2d6e-4f8e-ad16-2e39fb334c57/5d9ffc1b-8d78-44ef-813d-5174c6bbebed/images/KI0uXNT.jpg?x-id=GetObject&response-content-disposition=inline&response-content-encoding=utf-8&response-content-type=image%2Fjpeg&X-Amz-Algorithm=AWS4-HMAC-SHA256&X-Amz-Credential=GOOG1EBMQ2D33SPB3VQ4MMVJEKXWQFNK5WS57JRFVYUSD3ZCA76OC3B74IG7C%2F20260119%2Fus-east-1%2Fs3%2Faws4_request&X-Amz-Date=20260119T145120Z&X-Amz-Expires=3600&X-Amz-SignedHeaders=host&X-Amz-Signature=8aa8e9f4ec97096aefcb85f7089646e4912aef360a9a01d417a12193f930533e,138.24,148.9392,1034.0065,1385.3807
e39b6984-3a3f-4167-a6fe-8220a1f76023,21,4Frf_4x,Text,4,17,<p>17</p>,17,,1224.72,1301.472,23.11206,19.166382
c73bb763-c8d8-4090-8ef5-e9a7a44af885,0,C6ue8oZ,Table,4,"<table>
  <tbody>
    <tr>
      <td>16.16</td>
      <td>DC Motor Fan Coil Unit (Alternative of PMSM Fan Coil Unit)</td>
      <td>61</td>
    </tr>
    <tr>
      <td>16.17</td>
      <td>VSD Chiller</td>
      <td>61</td>
    </tr>
    <tr>
      <td>16.18</td>
      <td>VSD Chilled Water Pump</td>
      <td>61</td>
    </tr>
    <tr>
      <td>16.19</td>
      <td>Oil Free Chiller</td>
      <td>61</td>
    </tr>
    <tr>
      <td>16.20</td>
      <td>HFO Refrigerant Chiller</td>
      <td>61</td>
    </tr>
    <tr>
      <td>16.21</td>
      <td>Intelligent Chiller Management System</td>
      <td>61</td>
    </tr>
    <tr>
      <td>16.22</td>
      <td>Demand Control Ventilation</td>
      <td>61</td>
    </tr>
    <tr>
      <td>16.23</td>
      <td>Free Cooling System</td>
      <td>61</td>
    </tr>
    <tr>
      <td>16.24</td>
      <td>Electricity Commutated Plug Fan</td>
      <td>61</td>
    </tr>
    <tr>
      <td>16.25</td>
      <td>POE Ventilation</td>
      <td>61</td>
    </tr>
    <tr>
      <td>16.26</td>
      <td>Ultraviolet (UV) Sterilizing</td>
      <td>61</td>
    </tr>
    <tr>
      <td>16.27</td>
      <td>Pressure Independent Control Valve (PICV)</td>
      <td>61</td>
    </tr>
    <tr>
      <td>16.28</td>
      <td>Heat pipe for Heat Recovery</td>
      <td>61</td>
    </tr>
    <tr>
      <td>16.29</td>
      <td>Condensate Drain for Pre-Cooling</td>
      <td>62</td>
    </tr>
    <tr>
      <td>16.30</td>
      <td>Air Amplifier Ventilation</td>
      <td>62</td>
    </tr>
    <tr>
      <td>16.31</td>
      <td>Water Leakage Detection System</td>
      <td>62</td>
    </tr>
    <tr>
      <td>16.32</td>
      <td>Siphonic Roof Drainage System</td>
      <td>62</td>
    </tr>
    <tr>
      <td>16.33</td>
      <td>Greywater Recycling</td>
      <td>62</td>
    </tr>
    <tr>
      <td>16.34</td>
      <td>Smart Toilet</td>
      <td>62</td>
    </tr>
    <tr>
      <td>16.35</td>
      <td>FS Workstation with Health Check</td>
      <td>62</td>
    </tr>
    <tr>
      <td>16.36</td>
      <td>Remote Controlled MCB</td>
      <td>62</td>
    </tr>
    <tr>
      <td>16.37</td>
      <td>Hydrostatic Level Sensor</td>
      <td>62</td>
    </tr>
    <tr>
      <td colspan=""2"">TUEN MUN STATION (TUM) A&A WORKS</td>
      <td>63</td>
    </tr>
    <tr>
      <td>17.1</td>
      <td>Introduction</td>
      <td>63</td>
    </tr>
    <tr>
      <td>17.2</td>
      <td>A&A works in TUM</td>
      <td>63</td>
    </tr>
  </tbody>
</table>","<table>
  <tbody>
    <tr>
      <td>16.16</td>
      <td>DC Motor Fan Coil Unit (Alternative of PMSM Fan Coil Unit)</td>
      <td>61</td>
    </tr>
    <tr>
      <td>16.17</td>
      <td>VSD Chiller</td>
      <td>61</td>
    </tr>
    <tr>
      <td>16.18</td>
      <td>VSD Chilled Water Pump</td>
      <td>61</td>
    </tr>
    <tr>
      <td>16.19</td>
      <td>Oil Free Chiller</td>
      <td>61</td>
    </tr>
    <tr>
      <td>16.20</td>
      <td>HFO Refrigerant Chiller</td>
      <td>61</td>
    </tr>
    <tr>
      <td>16.21</td>
      <td>Intelligent Chiller Management System</td>
      <td>61</td>
    </tr>
    <tr>
      <td>16.22</td>
      <td>Demand Control Ventilation</td>
      <td>61</td>
    </tr>
    <tr>
      <td>16.23</td>
      <td>Free Cooling System</td>
      <td>61</td>
    </tr>
    <tr>
      <td>16.24</td>
      <td>Electricity Commutated Plug Fan</td>
      <td>61</td>
    </tr>
    <tr>
      <td>16.25</td>
      <td>POE Ventilation</td>
      <td>61</td>
    </tr>
    <tr>
      <td>16.26</td>
      <td>Ultraviolet (UV) Sterilizing</td>
      <td>61</td>
    </tr>
    <tr>
      <td>16.27</td>
      <td>Pressure Independent Control Valve (PICV)</td>
      <td>61</td>
    </tr>
    <tr>
      <td>16.28</td>
      <td>Heat pipe for Heat Recovery</td>
      <td>61</td>
    </tr>
    <tr>
      <td>16.29</td>
      <td>Condensate Drain for Pre-Cooling</td>
      <td>62</td>
    </tr>
    <tr>
      <td>16.30</td>
      <td>Air Amplifier Ventilation</td>
      <td>62</td>
    </tr>
    <tr>
      <td>16.31</td>
      <td>Water Leakage Detection System</td>
      <td>62</td>
    </tr>
    <tr>
      <td>16.32</td>
      <td>Siphonic Roof Drainage System</td>
      <td>62</td>
    </tr>
    <tr>
      <td>16.33</td>
      <td>Greywater Recycling</td>
      <td>62</td>
    </tr>
    <tr>
      <td>16.34</td>
      <td>Smart Toilet</td>
      <td>62</td>
    </tr>
    <tr>
      <td>16.35</td>
      <td>FS Workstation with Health Check</td>
      <td>62</td>
    </tr>
    <tr>
      <td>16.36</td>
      <td>Remote Controlled MCB</td>
      <td>62</td>
    </tr>
    <tr>
      <td>16.37</td>
      <td>Hydrostatic Level Sensor</td>
      <td>62</td>
    </tr>
    <tr>
      <td colspan=""2"">TUEN MUN STATION (TUM) A&A WORKS</td>
      <td>63</td>
    </tr>
    <tr>
      <td>17.1</td>
      <td>Introduction</td>
      <td>63</td>
    </tr>
    <tr>
      <td>17.2</td>
      <td>A&A works in TUM</td>
      <td>63</td>
    </tr>
  </tbody>
</table>","|       |                                                            |     |
|-------|------------------------------------------------------------|-----|
| 16.16 | DC Motor Fan Coil Unit (Alternative of PMSM Fan Coil Unit) | 61  |
| 16.17 | VSD Chiller                                                | 61  |
| 16.18 | VSD Chilled Water Pump                                     | 61  |
| 16.19 | Oil Free Chiller                                           | 61  |
| 16.20 | HFO Refrigerant Chiller                                    | 61  |
| 16.21 | Intelligent Chiller Management System                      | 61  |
| 16.22 | Demand Control Ventilation                                 | 61  |
| 16.23 | Free Cooling System                                        | 61  |
| 16.24 | Electricity Commutated Plug Fan                            | 61  |
| 16.25 | POE Ventilation                                            | 61  |
| 16.26 | Ultraviolet (UV) Sterilizing                               | 61  |
| 16.27 | Pressure Independent Control Valve (PICV)                  | 61  |
| 16.28 | Heat pipe for Heat Recovery                                | 61  |
| 16.29 | Condensate Drain for Pre-Cooling                           | 62  |
| 16.30 | Air Amplifier Ventilation                                  | 62  |
| 16.31 | Water Leakage Detection System                             | 62  |
| 16.32 | Siphonic Roof Drainage System                              | 62  |
| 16.33 | Greywater Recycling                                        | 62  |
| 16.34 | Smart Toilet                                               | 62  |
| 16.35 | FS Workstation with Health Check                           | 62  |
| 16.36 | Remote Controlled MCB                                      | 62  |
| 16.37 | Hydrostatic Level Sensor                                   | 62  |
| TUEN  | MUN STATION (TUM) A&A WORKS                                | 63  |
| 17.1  | Introduction                                               | 63  |
| 17.2  | A&A works in TUM                                           | 63  |",https://storage.googleapis.com/chunkr-prod-bucket/b1e41788-2d6e-4f8e-ad16-2e39fb334c57/5d9ffc1b-8d78-44ef-813d-5174c6bbebed/images/C6ue8oZ.jpg?x-id=GetObject&response-content-disposition=inline&response-content-encoding=utf-8&response-content-type=image%2Fjpeg&X-Amz-Algorithm=AWS4-HMAC-SHA256&X-Amz-Credential=GOOG1EBMQ2D33SPB3VQ4MMVJEKXWQFNK5WS57JRFVYUSD3ZCA76OC3B74IG7C%2F20260119%2Fus-east-1%2Fs3%2Faws4_request&X-Amz-Date=20260119T145120Z&X-Amz-Expires=3600&X-Amz-SignedHeaders=host&X-Amz-Signature=90ca7347124fdbc3924d008c3d644e3e843edb06b640973f784f4f56f0b5a035,1285.8336,172.8144,954.23035,1255.104
c73bb763-c8d8-4090-8ef5-e9a7a44af885,1,A2OXfXQ,PageFooter,4,Rev. A,"<div class=""page-footer"">Rev. A</div>",Rev. A,,142.1568,1601.8127,58.8096,18.92163
c73bb763-c8d8-4090-8ef5-e9a7a44af885,2,cXsHIGc,PageFooter,4,Page ii,"<div class=""page-footer"">Page ii</div>",Page ii,,1157.6016,1601.7697,61.012817,21.369507
c73bb763-c8d8-4090-8ef5-e9a7a44af885,3,20Gu-Xd,PageFooter,4,January 2023,"<div class=""page-footer"">January 2023</div>",January 2023,,2111.1985,1601.1648,122.543945,22.031982
c73bb763-c8d8-4090-8ef5-e9a7a44af885,4,oHzpdKW,Text,5,AECOM,<p>AECOM</p>,AECOM,,140.5584,50.4288,162.83519,40.939198
c73bb763-c8d8-4090-8ef5-e9a7a44af885,5,EOYm2TR,Text,5,Consultancy Agreement No. C1501 Design Services for Tuen Ma Extension 2.4C A16 Reference Design Building Services Design Final Report with Federated Design Model and Drawings,<p>Consultancy Agreement No. C1501 Design Services for Tuen Ma Extension 2.4C A16 Reference Design Building Services Design Final Report with Federated Design Model and Drawings</p>,Consultancy Agreement No. C1501 Design Services for Tuen Ma Extension 2.4C A16 Reference Design Building Services Design Final Report with Federated Design Model and Drawings,,1260.0864,59.7312,977.4287,78.2352
c73bb763-c8d8-4090-8ef5-e9a7a44af885,6,75cT5nE,Table,5,"<table>
<thead>
<tr>
<th colspan=""2"">ABBREVIATIONS &amp; ACRONYMS</th>
<th colspan=""2""></th>
</tr>
</thead>
<tbody>
<tr>
<td>A&amp;A</td>
<td>Alteration &amp; Addition</td>
<td>CCTV</td>
<td></td>
</tr>
<tr>
<td>A/C or AC</td>
<td>Air Conditioning</td>
<td>CDA</td>
<td></td>
</tr>
<tr>
<td>AAA</td>
<td>Alert, Action and Alarm Level</td>
<td>CDE</td>
<td></td>
</tr>
<tr>
<td>ABWF</td>
<td>Architectural Builders Works and Finishes</td>
<td>CDG</td>
<td></td>
</tr>
<tr>
<td>AC</td>
<td>Approved Changes</td>
<td>CDW</td>
<td></td>
</tr>
<tr>
<td>ACABAS</td>
<td>Advisory Committee on Appearance of Bridges and Associated Structures</td>
<td>CECS</td>
<td></td>
</tr>
<tr>
<td>ACE</td>
<td>Advisory Council on Environment</td>
<td>CEDD</td>
<td></td>
</tr>
<tr>
<td>ACM</td>
<td>Asbestos Containing Materials</td>
<td>CEM</td>
<td></td>
</tr>
<tr>
<td>AFA</td>
<td>Automatic Fire Detection and Alarm System</td>
<td>CFA</td>
<td></td>
</tr>
<tr>
<td>AFC</td>
<td>Automatic Fare Collection System</td>
<td>CFD</td>
<td></td>
</tr>
<tr>
<td>AFCD</td>
<td>Agriculture, Fisheries and Conservation Department</td>
<td>Ch</td>
<td></td>
</tr>
<tr>
<td>AFCOIM</td>
<td>AFC Operations Information Module</td>
<td>CIBSE</td>
<td></td>
</tr>
<tr>
<td>AHU</td>
<td>Air Handling Unit</td>
<td>CIC</td>
<td></td>
</tr>
<tr>
<td>AIR REC</td>
<td>Air Receiver Room</td>
<td>CLP</td>
<td></td>
</tr>
<tr>
<td>AMO</td>
<td>Antiquities and Monuments Office</td>
<td>COP</td>
<td></td>
</tr>
<tr>
<td>APG</td>
<td>Automatic Platform Gates</td>
<td>COP</td>
<td></td>
</tr>
<tr>
<td>ArchSD</td>
<td>Architectural Services Department</td>
<td>CSD</td>
<td></td>
</tr>
<tr>
<td>ASET</td>
<td>Available Safe Egress Time</td>
<td>CTER</td>
<td></td>
</tr>
<tr>
<td>ASHRAE</td>
<td>American Society of Heating, Refrigerating and air Conditioning Engineer</td>
<td>CTIA</td>
<td></td>
</tr>
<tr>
<td>ATO</td>
<td>Automatic Train Operations</td>
<td>CTR</td>
<td></td>
</tr>
<tr>
<td>ATP</td>
<td>Automatic Train Protection</td>
<td>CTS</td>
<td></td>
</tr>
<tr>
<td>AUDIT REV</td>
<td>Audit Revenue Room</td>
<td>CUC</td>
<td></td>
</tr>
<tr>
<td>AVA</td>
<td>Air Ventilation Assessment</td>
<td>DALI</td>
<td></td>
</tr>
<tr>
<td>BD</td>
<td>Buildings Department</td>
<td>DC</td>
<td></td>
</tr>
<tr>
<td>BIM</td>
<td>Building information Modelling</td>
<td>DCC</td>
<td></td>
</tr>
<tr>
<td>BEAM</td>
<td>Building Environmental Assessment Method</td>
<td>DCC</td>
<td></td>
</tr>
<tr>
<td>BEC</td>
<td>Code of Practice for Energy Efficiency of Building Services Installation</td>
<td>DDO</td>
<td></td>
</tr>
<tr>
<td>BEP</td>
<td>BIM Execution Plan</td>
<td>DEE</td>
<td></td>
</tr>
<tr>
<td>BEVS</td>
<td>Back of House Exhaust Vent Shaft</td>
<td>DEVB</td>
<td></td>
</tr>
<tr>
<td>BOH</td>
<td>Back of House</td>
<td>DEVBTC</td>
<td></td>
</tr>
<tr>
<td>BS</td>
<td>Building Services</td>
<td>DFC</td>
<td></td>
</tr>
<tr>
<td>BXP</td>
<td>BIM Execution Plan</td>
<td>DfMA</td>
<td></td>
</tr>
<tr>
<td>C&amp;C</td>
<td>Communication and Control System</td>
<td>DIA</td>
<td></td>
</tr>
<tr>
<td>C&amp;D</td>
<td>Construction and Demolition</td>
<td>DIL</td>
<td></td>
</tr>
<tr>
<td>Cap.</td>
<td>Chapter</td>
<td>DIS</td>
<td></td>
</tr>
<tr>
<td>CAP</td>
<td>Contamination Assessment Plan</td>
<td>DITP</td>
<td></td>
</tr>
<tr>
<td>CAR</td>
<td>Contamination Assessment Report</td>
<td>DLP</td>
<td></td>
</tr>
<tr>
<td>CAS</td>
<td>Compressed Air Shield</td>
<td>DLTS</td>
<td></td>
</tr>
<tr>
<td>CCER</td>
<td>Estimate Report on Capital Cost Estimate</td>
<td>DMV</td>
<td></td>
</tr>
<tr>
<td></td>
<td></td>
<td>DOORS</td>
<td></td>
</tr>
<tr>
<td></td>
<td></td>
<td>DP</td>
<td></td>
</tr>
<tr>
<td></td>
<td></td>
<td>DPD</td>
<td></td>
</tr>
</tbody>
</table>","<table>
<thead>
<tr>
<th colspan=""2"">ABBREVIATIONS &amp; ACRONYMS</th>
<th colspan=""2""></th>
</tr>
</thead>
<tbody>
<tr>
<td>A&amp;A</td>
<td>Alteration &amp; Addition</td>
<td>CCTV</td>
<td></td>
</tr>
<tr>
<td>A/C or AC</td>
<td>Air Conditioning</td>
<td>CDA</td>
<td></td>
</tr>
<tr>
<td>AAA</td>
<td>Alert, Action and Alarm Level</td>
<td>CDE</td>
<td></td>
</tr>
<tr>
<td>ABWF</td>
<td>Architectural Builders Works and Finishes</td>
<td>CDG</td>
<td></td>
</tr>
<tr>
<td>AC</td>
<td>Approved Changes</td>
<td>CDW</td>
<td></td>
</tr>
<tr>
<td>ACABAS</td>
<td>Advisory Committee on Appearance of Bridges and Associated Structures</td>
<td>CECS</td>
<td></td>
</tr>
<tr>
<td>ACE</td>
<td>Advisory Council on Environment</td>
<td>CEDD</td>
<td></td>
</tr>
<tr>
<td>ACM</td>
<td>Asbestos Containing Materials</td>
<td>CEM</td>
<td></td>
</tr>
<tr>
<td>AFA</td>
<td>Automatic Fire Detection and Alarm System</td>
<td>CFA</td>
<td></td>
</tr>
<tr>
<td>AFC</td>
<td>Automatic Fare Collection System</td>
<td>CFD</td>
<td></td>
</tr>
<tr>
<td>AFCD</td>
<td>Agriculture, Fisheries and Conservation Department</td>
<td>Ch</td>
<td></td>
</tr>
<tr>
<td>AFCOIM</td>
<td>AFC Operations Information Module</td>
<td>CIBSE</td>
<td></td>
</tr>
<tr>
<td>AHU</td>
<td>Air Handling Unit</td>
<td>CIC</td>
<td></td>
</tr>
<tr>
<td>AIR REC</td>
<td>Air Receiver Room</td>
<td>CLP</td>
<td></td>
</tr>
<tr>
<td>AMO</td>
<td>Antiquities and Monuments Office</td>
<td>COP</td>
<td></td>
</tr>
<tr>
<td>APG</td>
<td>Automatic Platform Gates</td>
<td>COP</td>
<td></td>
</tr>
<tr>
<td>ArchSD</td>
<td>Architectural Services Department</td>
<td>CSD</td>
<td></td>
</tr>
<tr>
<td>ASET</td>
<td>Available Safe Egress Time</td>
<td>CTER</td>
<td></td>
</tr>
<tr>
<td>ASHRAE</td>
<td>American Society of Heating, Refrigerating and air Conditioning Engineer</td>
<td>CTIA</td>
<td></td>
</tr>
<tr>
<td>ATO</td>
<td>Automatic Train Operations</td>
<td>CTR</td>
<td></td>
</tr>
<tr>
<td>ATP</td>
<td>Automatic Train Protection</td>
<td>CTS</td>
<td></td>
</tr>
<tr>
<td>AUDIT REV</td>
<td>Audit Revenue Room</td>
<td>CUC</td>
<td></td>
</tr>
<tr>
<td>AVA</td>
<td>Air Ventilation Assessment</td>
<td>DALI</td>
<td></td>
</tr>
<tr>
<td>BD</td>
<td>Buildings Department</td>
<td>DC</td>
<td></td>
</tr>
<tr>
<td>BIM</td>
<td>Building information Modelling</td>
<td>DCC</td>
<td></td>
</tr>
<tr>
<td>BEAM</td>
<td>Building Environmental Assessment Method</td>
<td>DCC</td>
<td></td>
</tr>
<tr>
<td>BEC</td>
<td>Code of Practice for Energy Efficiency of Building Services Installation</td>
<td>DDO</td>
<td></td>
</tr>
<tr>
<td>BEP</td>
<td>BIM Execution Plan</td>
<td>DEE</td>
<td></td>
</tr>
<tr>
<td>BEVS</td>
<td>Back of House Exhaust Vent Shaft</td>
<td>DEVB</td>
<td></td>
</tr>
<tr>
<td>BOH</td>
<td>Back of House</td>
<td>DEVBTC</td>
<td></td>
</tr>
<tr>
<td>BS</td>
<td>Building Services</td>
<td>DFC</td>
<td></td>
</tr>
<tr>
<td>BXP</td>
<td>BIM Execution Plan</td>
<td>DfMA</td>
<td></td>
</tr>
<tr>
<td>C&amp;C</td>
<td>Communication and Control System</td>
<td>DIA</td>
<td></td>
</tr>
<tr>
<td>C&amp;D</td>
<td>Construction and Demolition</td>
<td>DIL</td>
<td></td>
</tr>
<tr>
<td>Cap.</td>
<td>Chapter</td>
<td>DIS</td>
<td></td>
</tr>
<tr>
<td>CAP</td>
<td>Contamination Assessment Plan</td>
<td>DITP</td>
<td></td>
</tr>
<tr>
<td>CAR</td>
<td>Contamination Assessment Report</td>
<td>DLP</td>
<td></td>
</tr>
<tr>
<td>CAS</td>
<td>Compressed Air Shield</td>
<td>DLTS</td>
<td></td>
</tr>
<tr>
<td>CCER</td>
<td>Estimate Report on Capital Cost Estimate</td>
<td>DMV</td>
<td></td>
</tr>
<tr>
<td></td>
<td></td>
<td>DOORS</td>
<td></td>
</tr>
<tr>
<td></td>
<td></td>
<td>DP</td>
<td></td>
</tr>
<tr>
<td></td>
<td></td>
<td>DPD</td>
<td></td>
</tr>
</tbody>
</table>","|                 |                                                                          |        |
|-----------------|--------------------------------------------------------------------------|--------|
| ABBREVIATIONS & | ACRONYMS                                                                 | CCTV   |
|                 |                                                                          | CDA    |
| A&A             | Alteration & Addition                                                    | CDE    |
| A/C or AC       | Air Conditioning                                                         | CDG    |
| AAA             | Alert, Action and Alarm Level                                            | CDW    |
| ABWF            | Architectural Builders Works and Finishes                                | CECS   |
| AC              | Approved Changes                                                         | CEDD   |
| ACABAS          | Advisory Committee on Appearance of Bridges and Associated Structures    | CEM    |
| ACE             | Advisory Council on Environment                                          | CFA    |
| ACM             | Asbestos Containing Materials                                            | CFD    |
| AFA             | Automatic Fire Detection and Alarm System                                | Ch     |
| AFC             | Automatic Fare Collection System                                         | CIBSE  |
| AFCD            | Agriculture, Fisheries and Conservation Department                       | CIC    |
| AFCOIM          | AFC Operations Information Module                                        | CLP    |
| AHU             | Air Handling Unit                                                        | COP    |
| AIR REC         | Air Receiver Room                                                        | COP    |
| AMO             | Antiquities and Monuments Office                                         | CSD    |
| APG             | Automatic Platform Gates                                                 | CTER   |
| ArchSD          | Architectural Services Department                                        | CTIA   |
| ASET            | Available Safe Egress Time                                               | CTR    |
| ASHRAE          | American Society of Heating, Refrigerating and air Conditioning          | CTS    |
|                 | Engineer                                                                 | CUC    |
| ATO             | Automatic Train Operations                                               | DALI   |
| ATP             | Automatic Train Protection                                               | DC     |
| AUDIT REV       | Audit Revenue Room                                                       | DCC    |
| AVA             | Air Ventilation Assessment                                               | DCC    |
| BD              | Buildings Department                                                     | DDO    |
| BIM             | Building information Modelling                                           | DEE    |
| BEAM            | Building Environmental Assessment Method                                 | DEVB   |
| BEC             | Code of Practice for Energy Efficiency of Building Services Installation | DEVBTC |
| BEP             | BIM Execution Plan                                                       | DFC    |
| BEVS            | Back of House Exhaust Vent Shaft                                         | DfMA   |
| BOH             | Back of House                                                            | DIA    |
| BS              | Building Services                                                        | DIL    |
| BXP             | BIM Execution Plan                                                       | DIS    |
| C&C             | Communication and Control System                                         | DITP   |
| C&D             | Construction and Demolition                                              | DLP    |
| Cap.            | Chapter                                                                  | DLTS   |
| CAP             | Contamination Assessment Plan                                            | DMV    |
| CAR             | Contamination Assessment Report                                          | DOORS  |
| CAS             | Compressed Air Shield                                                    | DP     |
| CCER            | Estimate Report on Capital Cost Estimate                                 | DPD    |",https://storage.googleapis.com/chunkr-prod-bucket/b1e41788-2d6e-4f8e-ad16-2e39fb334c57/5d9ffc1b-8d78-44ef-813d-5174c6bbebed/images/75cT5nE.jpg?x-id=GetObject&response-content-disposition=inline&response-content-encoding=utf-8&response-content-type=image%2Fjpeg&X-Amz-Algorithm=AWS4-HMAC-SHA256&X-Amz-Credential=GOOG1EBMQ2D33SPB3VQ4MMVJEKXWQFNK5WS57JRFVYUSD3ZCA76OC3B74IG7C%2F20260119%2Fus-east-1%2Fs3%2Faws4_request&X-Amz-Date=20260119T145120Z&X-Amz-Expires=3600&X-Amz-SignedHeaders=host&X-Amz-Signature=3cc3b145f5d81e1fd88f2ba67caa940273b05d644c263e6df74ffd441b540e9b,132.1632,182.6496,1184.1552,1375.8767
c73bb763-c8d8-4090-8ef5-e9a7a44af885,7,TWnsWf7,Text,5,Closed Circuit Television,<p>Closed Circuit Television</p>,Closed Circuit Television,,1501.1855,182.9664,219.2544,21.211197
c73bb763-c8d8-4090-8ef5-e9a7a44af885,8,iYOCj9N,Text,5,Comprehensive Development Area,<p>Comprehensive Development Area</p>,Comprehensive Development Area,,1501.0704,216.0576,315.0432,22.593597
c73bb763-c8d8-4090-8ef5-e9a7a44af885,9,5rfhAPf,Text,5,Common Data Environment,<p>Common Data Environment</p>,Common Data Environment,,1501.0128,249.048,252.12964,20.908783
c73bb763-c8d8-4090-8ef5-e9a7a44af885,10,iljs0xX,Text,5,Completely Decomposed Granite,<p>Completely Decomposed Granite</p>,Completely Decomposed Granite,,1501.056,281.2896,298.6704,22.694397
c73bb763-c8d8-4090-8ef5-e9a7a44af885,11,jrTgbhy,Text,5,Collaborative Design Workflow,<p>Collaborative Design Workflow</p>,Collaborative Design Workflow,,1501.0704,314.1216,279.56152,22.521576
c73bb763-c8d8-4090-8ef5-e9a7a44af885,12,FmhAegb,Text,5,Central Environmental Control System,<p>Central Environmental Control System</p>,Central Environmental Control System,,1500.9264,346.5936,344.69275,22.852814
c73bb763-c8d8-4090-8ef5-e9a7a44af885,13,B9PXC6p,Text,5,Civil Engineering and Development Department,<p>Civil Engineering and Development Department</p>,Civil Engineering and Development Department,,1501.0992,379.224,429.30713,24.30719
c73bb763-c8d8-4090-8ef5-e9a7a44af885,14,G0bS7pl,Text,5,Card Enquiry Machine,<p>Card Enquiry Machine</p>,Card Enquiry Machine,,1501.0992,412.776,200.0592,22.708801
c73bb763-c8d8-4090-8ef5-e9a7a44af885,15,h5rOFUd,Text,5,Court of Final Appeal,<p>Court of Final Appeal</p>,Court of Final Appeal,,1501.1136,445.3056,190.91516,22.435211
c73bb763-c8d8-4090-8ef5-e9a7a44af885,16,klEy20Q,Text,5,Computational Fluid Dynamics,<p>Computational Fluid Dynamics</p>,Computational Fluid Dynamics,,1500.8544,478.6128,275.83203,22.708801
c73bb763-c8d8-4090-8ef5-e9a7a44af885,17,W9vm6rr,Text,5,Chainage,<p>Chainage</p>,Chainage,,1501.3728,511.7472,84.153564,22.406433
c73bb763-c8d8-4090-8ef5-e9a7a44af885,18,wNAS76O,Text,5,Charted Institution of Building Services Engineers,<p>Charted Institution of Building Services Engineers</p>,Charted Institution of Building Services Engineers,,1501.1136,543.1104,441.76318,24.263977
c73bb763-c8d8-4090-8ef5-e9a7a44af885,19,UfcLfb2,Text,5,Construction Industry Council,<p>Construction Industry Council</p>,Construction Industry Council,,1501.0416,576.8208,267.5088,22.420776
c73bb763-c8d8-4090-8ef5-e9a7a44af885,20,ISDoZs-,Text,5,China Light & Power Company,<p>China Light & Power Company</p>,China Light & Power Company,,1500.8832,608.9184,273.6432,24.50879
c73bb763-c8d8-4090-8ef5-e9a7a44af885,21,U3P6ahP,Text,5,Code of Practice,<p>Code of Practice</p>,Code of Practice,,1501.0992,642.816,148.39197,21.211243
c73bb763-c8d8-4090-8ef5-e9a7a44af885,22,_v8RZwQ,Text,5,Coefficient of Performance,<p>Coefficient of Performance</p>,Coefficient of Performance,,1500.9552,674.9712,243.77759,21.859192
c73bb763-c8d8-4090-8ef5-e9a7a44af885,23,vaYYrKf,Text,5,Combined Services Drawings,<p>Combined Services Drawings</p>,Combined Services Drawings,,1500.9264,707.112,259.7616,23.860779
c73bb763-c8d8-4090-8ef5-e9a7a44af885,24,1jUiXqx,Text,5,Common Telecom Equipment Room,<p>Common Telecom Equipment Room</p>,Common Telecom Equipment Room,,1500.9696,740.8944,325.71362,22.895996
c73bb763-c8d8-4090-8ef5-e9a7a44af885,25,T1tSU2B,Text,5,Construction Traffic Impact Assessment,<p>Construction Traffic Impact Assessment</p>,Construction Traffic Impact Assessment,,1500.8976,773.1504,357.39368,23.616028
c73bb763-c8d8-4090-8ef5-e9a7a44af885,26,2z8KrLc,Text,5,Cable Termination Room(s),<p>Cable Termination Room(s)</p>,Cable Termination Room(s),,1500.8688,805.7232,246.59998,24.552002
c73bb763-c8d8-4090-8ef5-e9a7a44af885,27,K_WrTDU,Text,5,Comprehensive Transport Study,<p>Comprehensive Transport Study</p>,Comprehensive Transport Study,,1500.8544,839.0736,290.52002,24.03357
c73bb763-c8d8-4090-8ef5-e9a7a44af885,28,h0Ymd43,Text,5,Customer Service Centre,<p>Customer Service Centre</p>,Customer Service Centre,,1501.0128,872.2512,224.02075,21.643188
c73bb763-c8d8-4090-8ef5-e9a7a44af885,29,QcMQDkj,Text,5,Digital Addressable Lighting Interface District Council(s),<p>Digital Addressable Lighting Interface District Council(s)</p>,Digital Addressable Lighting Interface District Council(s),,1501.1855,904.8384,335.0448,56.203247
c73bb763-c8d8-4090-8ef5-e9a7a44af885,30,tpDXdcO,Text,5,Depot Control Centre,<p>Depot Control Centre</p>,Depot Control Centre,,1501.5887,971.2512,193.95361,22.305603
c73bb763-c8d8-4090-8ef5-e9a7a44af885,31,HXX1ENQ,Text,5,Design Change Control,<p>Design Change Control</p>,Design Change Control,,1501.6176,1003.0032,205.86243,24.552002
c73bb763-c8d8-4090-8ef5-e9a7a44af885,32,msM_dVj,Text,5,Disability Discrimination Ordinance,<p>Disability Discrimination Ordinance</p>,Disability Discrimination Ordinance,,1501.416,1035.5616,315.8064,24.10559
c73bb763-c8d8-4090-8ef5-e9a7a44af885,33,YdHS88t,Text,5,Designated Emergency Entrance,<p>Designated Emergency Entrance</p>,Designated Emergency Entrance,,1501.344,1069.0128,291.49915,24.667236
c73bb763-c8d8-4090-8ef5-e9a7a44af885,34,f9qHKdB,Text,5,Development Bureau,<p>Development Bureau</p>,Development Bureau,,1501.6176,1102.0608,192.42725,22.939209
c73bb763-c8d8-4090-8ef5-e9a7a44af885,35,5H6sD8i,Text,5,Development Bureau Technical Circular (Works),<p>Development Bureau Technical Circular (Works)</p>,Development Bureau Technical Circular (Works),,1501.3296,1133.3951,430.3296,24.753662
c73bb763-c8d8-4090-8ef5-e9a7a44af885,36,JZw_eBK,Text,5,Design of Flow to Capacity,<p>Design of Flow to Capacity</p>,Design of Flow to Capacity,,1501.5024,1167.2352,238.1903,23.918335
c73bb763-c8d8-4090-8ef5-e9a7a44af885,37,tJ5NBGf,Text,5,Design for Manufacture and Assembly,<p>Design for Manufacture and Assembly</p>,Design for Manufacture and Assembly,,1501.3008,1199.4768,343.69922,24.75354
c73bb763-c8d8-4090-8ef5-e9a7a44af885,38,gi9Sygp,Text,5,Drainage Impact Assessment,<p>Drainage Impact Assessment</p>,Drainage Impact Assessment,,1501.4736,1233.5472,260.46716,23.399902
c73bb763-c8d8-4090-8ef5-e9a7a44af885,39,Z_tacNn,Text,5,District Lines,<p>District Lines</p>,District Lines,,1501.6608,1266.4368,116.45288,20.678467
c73bb763-c8d8-4090-8ef5-e9a7a44af885,40,yb9nuyd,Text,5,Detail Interface Specification,<p>Detail Interface Specification</p>,Detail Interface Specification,,1501.2432,1299.672,259.15686,21.671997
c73bb763-c8d8-4090-8ef5-e9a7a44af885,41,03oY-tl,Text,5,Detail Interface Test Plan,<p>Detail Interface Test Plan</p>,Detail Interface Test Plan,,1501.416,1332.072,226.54077,20.923218
c73bb763-c8d8-4090-8ef5-e9a7a44af885,42,EbVQ4Dz,Text,5,Defect Liability Period,<p>Defect Liability Period</p>,Defect Liability Period,,1501.6031,1364.544,198.24487,22.0896
c73bb763-c8d8-4090-8ef5-e9a7a44af885,43,eyvQAhv,Text,5,Direct Line Telephone System,<p>Direct Line Telephone System</p>,Direct Line Telephone System,,1501.3728,1397.232,267.19202,22.190308
c73bb763-c8d8-4090-8ef5-e9a7a44af885,44,BtNi2bm,Text,5,Document Management with Vault,<p>Document Management with Vault</p>,Document Management with Vault,,1501.3584,1430.5248,318.19678,22.248047
c73bb763-c8d8-4090-8ef5-e9a7a44af885,45,FTgszCv,Text,5,Dynamic Object Oriented Requirement System,<p>Dynamic Object Oriented Requirement System</p>,Dynamic Object Oriented Requirement System,,1501.3728,1463.2416,419.81763,22.924805
c73bb763-c8d8-4090-8ef5-e9a7a44af885,46,kEPN6pe,Text,5,Designated Project,<p>Designated Project</p>,Designated Project,,1501.6031,1496.7936,171.89282,21.599976
c73bb763-c8d8-4090-8ef5-e9a7a44af885,47,cFq_6Nn,Text,5,Digital Project Delivery,<p>Digital Project Delivery</p>,Digital Project Delivery,,1501.4016,1529.0352,206.25122,23.38562
c73bb763-c8d8-4090-8ef5-e9a7a44af885,48,gijsSmG,PageFooter,5,Rev. A,"<div class=""page-footer"">Rev. A</div>",Rev. A,,142.344,1602.4032,58.723206,18.172852
c73bb763-c8d8-4090-8ef5-e9a7a44af885,49,aNccBlI,PageFooter,5,Page iii,"<div class=""page-footer"">Page iii</div>",Page iii,,1155.0673,1601.928,65.8512,20.96643
c73bb763-c8d8-4090-8ef5-e9a7a44af885,50,tmRqx3f,PageFooter,5,January 2023,"<div class=""page-footer"">January 2023</div>",January 2023,,2111.371,1601.5248,122.61621,21.628784
c73bb763-c8d8-4090-8ef5-e9a7a44af885,51,QY39MtE,Text,6,AECOM,<p>AECOM</p>,AECOM,,140.5008,50.5152,163.1232,40.622402
c73bb763-c8d8-4090-8ef5-e9a7a44af885,52,E2MB3_7,Text,6,Consultancy Agreement No. C1501 Design Services for Tuen Ma Extension 2.4C A16 Reference Design Building Services Design Final Report with Federated Design Model and Drawings,<p>Consultancy Agreement No. C1501 Design Services for Tuen Ma Extension 2.4C A16 Reference Design Building Services Design Final Report with Federated Design Model and Drawings</p>,Consultancy Agreement No. C1501 Design Services for Tuen Ma Extension 2.4C A16 Reference Design Building Services Design Final Report with Federated Design Model and Drawings,,1259.7408,59.9616,977.7455,77.687996
4a1afba6-3c14-499c-b2f8-d4583bc6f6cd,0,KFBHOKp,Table,6,"<table>
  <tbody>
    <tr>
      <td>DPR</td>
      <td>Digital Project Review</td>
      <td>FH/HR</td>
      <td>Fire Hydrant / Hose Reel</td>
    </tr>
    <tr>
      <td>DSA</td>
      <td>Digital Submission and Approval</td>
      <td>FOH</td>
      <td>Front of House</td>
    </tr>
    <tr>
      <td>DSC</td>
      <td>Design for Safety &amp; Constructability</td>
      <td>FRM</td>
      <td>Functional Requirement Manual</td>
    </tr>
    <tr>
      <td>DSD</td>
      <td>Drainage Services Department</td>
      <td>FRP</td>
      <td>Fire Resistance Period</td>
    </tr>
    <tr>
      <td>DVAS</td>
      <td>Digital-Video Address System</td>
      <td>FRR</td>
      <td>Fire Resistance Rating</td>
    </tr>
    <tr>
      <td>E&amp;M</td>
      <td>Electrical and Mechanical</td>
      <td>FS</td>
      <td>Fire Services</td>
    </tr>
    <tr>
      <td>EACS</td>
      <td>Electronic Access Control System</td>
      <td>FS</td>
      <td>Feeder Station</td>
    </tr>
    <tr>
      <td>EAP</td>
      <td>Emergency Access Points</td>
      <td>FSCC</td>
      <td>Fire Services Communication Centre</td>
    </tr>
    <tr>
      <td>EB or E/B</td>
      <td>Eastbound</td>
      <td>FSD</td>
      <td>Fire Services Department</td>
    </tr>
    <tr>
      <td>EBS</td>
      <td>Existing Building Survey</td>
      <td>FSSS</td>
      <td>Fire Safety and Security Strategy</td>
    </tr>
    <tr>
      <td>ECS</td>
      <td>Environmental Control System</td>
      <td>FTNS</td>
      <td>Fixed Telecommunications Network Services</td>
    </tr>
    <tr>
      <td>EDOC</td>
      <td>Engineering Document</td>
      <td>FTL</td>
      <td>Full Train Load</td>
    </tr>
    <tr>
      <td>EED</td>
      <td>Emergency Escape Door</td>
      <td>GBR</td>
      <td>Geotechnical Baseline Report</td>
    </tr>
    <tr>
      <td>EEP</td>
      <td>Emergency Egress Points</td>
      <td>GEO</td>
      <td>Geotechnical Engineering Office</td>
    </tr>
    <tr>
      <td>EIA</td>
      <td>Environmental Impact Assessment</td>
      <td>GFA</td>
      <td>Gross Floor Area</td>
    </tr>
    <tr>
      <td>EIAO</td>
      <td>Environmental Impact Assessment Ordinance</td>
      <td>GI</td>
      <td>Ground Investigation</td>
    </tr>
    <tr>
      <td>EIAO-TM</td>
      <td>Technical Memorandum on Environmental Impact Assessment Process</td>
      <td>GMB</td>
      <td>Green Minibus</td>
    </tr>
    <tr>
      <td>EIR</td>
      <td>Exchange Information Requirements</td>
      <td>GMP</td>
      <td>Greening Master Plan</td>
    </tr>
    <tr>
      <td>EJ</td>
      <td>Expansion Joint</td>
      <td>GSCR</td>
      <td>General Specification</td>
    </tr>
    <tr>
      <td>EKC</td>
      <td>East Kowloon Corridor</td>
      <td>ha</td>
      <td>hectare</td>
    </tr>
    <tr>
      <td>EKW</td>
      <td>East Kowloon Way</td>
      <td>HF</td>
      <td>Human Factors</td>
    </tr>
    <tr>
      <td>ELEC</td>
      <td>Electrical</td>
      <td>HKP or HKPF</td>
      <td>Hong Kong Police Force</td>
    </tr>
    <tr>
      <td>EMC</td>
      <td>Electro-magnetic Compatibility</td>
      <td>HMI</td>
      <td>Human Machine Interface</td>
    </tr>
    <tr>
      <td>EMI</td>
      <td>Electromagnetic Interference</td>
      <td>HV</td>
      <td>High Voltage</td>
    </tr>
    <tr>
      <td>EMSD</td>
      <td>Electrical &amp; Mechanical Services Department</td>
      <td>HyD</td>
      <td>Highways Department</td>
    </tr>
    <tr>
      <td>EMU</td>
      <td>Electric Multiple Unit</td>
      <td>IBP</td>
      <td>Integrated Backup Panels</td>
    </tr>
    <tr>
      <td>EPD</td>
      <td>Environmental Protection Department</td>
      <td>ICC</td>
      <td>Independent Checking Consultant</td>
    </tr>
    <tr>
      <td>ePMS</td>
      <td>Electronic Project Management System</td>
      <td>ICCS</td>
      <td>Integrated Communications and Control System</td>
    </tr>
    <tr>
      <td>ERCC</td>
      <td>East Rail Control Centre</td>
      <td>ICT</td>
      <td>Initial Control Total</td>
    </tr>
    <tr>
      <td>ES</td>
      <td>Electrical Services</td>
      <td>ID</td>
      <td>Internal Diameter</td>
    </tr>
    <tr>
      <td>ESS</td>
      <td>Electrical Sub-station</td>
      <td>IEC</td>
      <td>Independent Environmental Checker</td>
    </tr>
    <tr>
      <td>ETWBTC</td>
      <td>Environment, Transport and Works Bureau Technical Circular (Works)</td>
      <td>ILCP</td>
      <td>Integrated Local Control Panel</td>
    </tr>
    <tr>
      <td>EVA</td>
      <td>Emergency Vehicular Access</td>
      <td>IMB</td>
      <td>Infrastructure Maintenance Building</td>
    </tr>
    <tr>
      <td>FAO</td>
      <td>Fully Automatic Operation</td>
      <td>IMF</td>
      <td>Impulse Fan</td>
    </tr>
    <tr>
      <td>FCC</td>
      <td>Fire Control Centre</td>
      <td>IP</td>
      <td>Internet Protocol</td>
    </tr>
    <tr>
      <td>FCR</td>
      <td>Fire Control Room</td>
      <td>IR</td>
      <td>Inception Report</td>
    </tr>
    <tr>
      <td>FCU</td>
      <td>Fan Coil Unit</td>
      <td>IRS</td>
      <td>Integrated Radio System</td>
    </tr>
    <tr>
      <td>FDL</td>
      <td>Force Density Level</td>
      <td>IRSI</td>
      <td>Integrated Radio System Interface</td>
    </tr>
    <tr>
      <td>FDS</td>
      <td>Fire Dynamics Simulator</td>
      <td>ISD</td>
      <td>Individual Services Drawing</td>
    </tr>
    <tr>
      <td>FEHD</td>
      <td>Food and Environmental Hygiene Department</td>
      <td>ISO</td>
      <td>International Organization for Standardization</td>
    </tr>
    <tr>
      <td></td>
      <td></td>
      <td>ITSP</td>
      <td>Interface Test Specification</td>
    </tr>
    <tr>
      <td></td>
      <td></td>
      <td>J/O</td>
      <td>Junction of</td>
    </tr>
  </tbody>
</table>","<table>
  <tbody>
    <tr>
      <td>DPR</td>
      <td>Digital Project Review</td>
      <td>FH/HR</td>
      <td>Fire Hydrant / Hose Reel</td>
    </tr>
    <tr>
      <td>DSA</td>
      <td>Digital Submission and Approval</td>
      <td>FOH</td>
      <td>Front of House</td>
    </tr>
    <tr>
      <td>DSC</td>
      <td>Design for Safety &amp; Constructability</td>
      <td>FRM</td>
      <td>Functional Requirement Manual</td>
    </tr>
    <tr>
      <td>DSD</td>
      <td>Drainage Services Department</td>
      <td>FRP</td>
      <td>Fire Resistance Period</td>
    </tr>
    <tr>
      <td>DVAS</td>
      <td>Digital-Video Address System</td>
      <td>FRR</td>
      <td>Fire Resistance Rating</td>
    </tr>
    <tr>
      <td>E&amp;M</td>
      <td>Electrical and Mechanical</td>
      <td>FS</td>
      <td>Fire Services</td>
    </tr>
    <tr>
      <td>EACS</td>
      <td>Electronic Access Control System</td>
      <td>FS</td>
      <td>Feeder Station</td>
    </tr>
    <tr>
      <td>EAP</td>
      <td>Emergency Access Points</td>
      <td>FSCC</td>
      <td>Fire Services Communication Centre</td>
    </tr>
    <tr>
      <td>EB or E/B</td>
      <td>Eastbound</td>
      <td>FSD</td>
      <td>Fire Services Department</td>
    </tr>
    <tr>
      <td>EBS</td>
      <td>Existing Building Survey</td>
      <td>FSSS</td>
      <td>Fire Safety and Security Strategy</td>
    </tr>
    <tr>
      <td>ECS</td>
      <td>Environmental Control System</td>
      <td>FTNS</td>
      <td>Fixed Telecommunications Network Services</td>
    </tr>
    <tr>
      <td>EDOC</td>
      <td>Engineering Document</td>
      <td>FTL</td>
      <td>Full Train Load</td>
    </tr>
    <tr>
      <td>EED</td>
      <td>Emergency Escape Door</td>
      <td>GBR</td>
      <td>Geotechnical Baseline Report</td>
    </tr>
    <tr>
      <td>EEP</td>
      <td>Emergency Egress Points</td>
      <td>GEO</td>
      <td>Geotechnical Engineering Office</td>
    </tr>
    <tr>
      <td>EIA</td>
      <td>Environmental Impact Assessment</td>
      <td>GFA</td>
      <td>Gross Floor Area</td>
    </tr>
    <tr>
      <td>EIAO</td>
      <td>Environmental Impact Assessment Ordinance</td>
      <td>GI</td>
      <td>Ground Investigation</td>
    </tr>
    <tr>
      <td>EIAO-TM</td>
      <td>Technical Memorandum on Environmental Impact Assessment Process</td>
      <td>GMB</td>
      <td>Green Minibus</td>
    </tr>
    <tr>
      <td>EIR</td>
      <td>Exchange Information Requirements</td>
      <td>GMP</td>
      <td>Greening Master Plan</td>
    </tr>
    <tr>
      <td>EJ</td>
      <td>Expansion Joint</td>
      <td>GSCR</td>
      <td>General Specification</td>
    </tr>
    <tr>
      <td>EKC</td>
      <td>East Kowloon Corridor</td>
      <td>ha</td>
      <td>hectare</td>
    </tr>
    <tr>
      <td>EKW</td>
      <td>East Kowloon Way</td>
      <td>HF</td>
      <td>Human Factors</td>
    </tr>
    <tr>
      <td>ELEC</td>
      <td>Electrical</td>
      <td>HKP or HKPF</td>
      <td>Hong Kong Police Force</td>
    </tr>
    <tr>
      <td>EMC</td>
      <td>Electro-magnetic Compatibility</td>
      <td>HMI</td>
      <td>Human Machine Interface</td>
    </tr>
    <tr>
      <td>EMI</td>
      <td>Electromagnetic Interference</td>
      <td>HV</td>
      <td>High Voltage</td>
    </tr>
    <tr>
      <td>EMSD</td>
      <td>Electrical &amp; Mechanical Services Department</td>
      <td>HyD</td>
      <td>Highways Department</td>
    </tr>
    <tr>
      <td>EMU</td>
      <td>Electric Multiple Unit</td>
      <td>IBP</td>
      <td>Integrated Backup Panels</td>
    </tr>
    <tr>
      <td>EPD</td>
      <td>Environmental Protection Department</td>
      <td>ICC</td>
      <td>Independent Checking Consultant</td>
    </tr>
    <tr>
      <td>ePMS</td>
      <td>Electronic Project Management System</td>
      <td>ICCS</td>
      <td>Integrated Communications and Control System</td>
    </tr>
    <tr>
      <td>ERCC</td>
      <td>East Rail Control Centre</td>
      <td>ICT</td>
      <td>Initial Control Total</td>
    </tr>
    <tr>
      <td>ES</td>
      <td>Electrical Services</td>
      <td>ID</td>
      <td>Internal Diameter</td>
    </tr>
    <tr>
      <td>ESS</td>
      <td>Electrical Sub-station</td>
      <td>IEC</td>
      <td>Independent Environmental Checker</td>
    </tr>
    <tr>
      <td>ETWBTC</td>
      <td>Environment, Transport and Works Bureau Technical Circular (Works)</td>
      <td>ILCP</td>
      <td>Integrated Local Control Panel</td>
    </tr>
    <tr>
      <td>EVA</td>
      <td>Emergency Vehicular Access</td>
      <td>IMB</td>
      <td>Infrastructure Maintenance Building</td>
    </tr>
    <tr>
      <td>FAO</td>
      <td>Fully Automatic Operation</td>
      <td>IMF</td>
      <td>Impulse Fan</td>
    </tr>
    <tr>
      <td>FCC</td>
      <td>Fire Control Centre</td>
      <td>IP</td>
      <td>Internet Protocol</td>
    </tr>
    <tr>
      <td>FCR</td>
      <td>Fire Control Room</td>
      <td>IR</td>
      <td>Inception Report</td>
    </tr>
    <tr>
      <td>FCU</td>
      <td>Fan Coil Unit</td>
      <td>IRS</td>
      <td>Integrated Radio System</td>
    </tr>
    <tr>
      <td>FDL</td>
      <td>Force Density Level</td>
      <td>IRSI</td>
      <td>Integrated Radio System Interface</td>
    </tr>
    <tr>
      <td>FDS</td>
      <td>Fire Dynamics Simulator</td>
      <td>ISD</td>
      <td>Individual Services Drawing</td>
    </tr>
    <tr>
      <td>FEHD</td>
      <td>Food and Environmental Hygiene Department</td>
      <td>ISO</td>
      <td>International Organization for Standardization</td>
    </tr>
    <tr>
      <td></td>
      <td></td>
      <td>ITSP</td>
      <td>Interface Test Specification</td>
    </tr>
    <tr>
      <td></td>
      <td></td>
      <td>J/O</td>
      <td>Junction of</td>
    </tr>
  </tbody>
</table>","|           |                                                                            |                                                |
|-----------|----------------------------------------------------------------------------|------------------------------------------------|
| DPR       | Digital Project Review FH/HR                                               | Fire Hydrant / Hose Reel                       |
| DSA       | Digital Submission and Approval FOH                                        | Front of House                                 |
| DSC       | Design for Safety & Constructability FRM                                   | Functional Requirement Manual                  |
| DSD       | Drainage Services Department FRP                                           | Fire Resistance Period                         |
| DVAS      | Digital-Video Address System FRR                                           | Fire Resistance Rating                         |
| E&M       | Electrical and Mechanical FS                                               | Fire Services                                  |
| EACS      | Electronic Access Control System FS                                        | Feeder Station                                 |
| EAP       | Emergency Access Points FSCC                                               | Fire Services Communication Centre             |
| EB or E/B | Eastbound FSD                                                              | Fire Services Department                       |
| EBS       | Existing Building Survey FSSS                                              | Fire Safety and Security Strategy              |
| ECS       | Environmental Control System FTNS                                          | Fixed Telecommunications Network Services      |
| EDOC      | Engineering Document FTL                                                   | Full Train Load                                |
| EED       | Emergency Escape Door GBR                                                  | Geotechnical Baseline Report                   |
| EEP       | Emergency Egress Points GEO                                                | Geotechnical Engineering Office                |
| ΕΙΑ       | Environmental Impact Assessment GFA                                        | Gross Floor Area                               |
| EIAO      | Environmental Impact Assessment Ordinance GI                               | Ground Investigation                           |
| EIAO-TM   | Technical Memorandum on Environmental Impact Assessment GMB                | Green Minibus                                  |
|           | Process GMP                                                                | Greening Master Plan                           |
| EIR       | Exchange Information Requirements GSCR                                     | General Specification                          |
| EJ        | Expansion Joint ha                                                         | hectare                                        |
| EKC       | East Kowloon Corridor HF                                                   | Human Factors                                  |
| EKW       | East Kowloon Way HKP or HKPF                                               | Hong Kong Police Force                         |
| ELEC      | Electrical HMI                                                             | Human Machine Interface                        |
| EMC       | Electro-magnetic Compatibility HV                                          | High Voltage                                   |
| EMI       | Electromagnetic Interference HyD                                           | Highways Department                            |
| EMSD      | Electrical & Mechanical Services Department IBP                            | Integrated Backup Panels                       |
| EMU       | Electric Multiple Unit ICC                                                 | Independent Checking Consultant                |
| EPD       | Environmental Protection Department ICCS                                   | Integrated Communications and Control System   |
| ePMS      | Electronic Project Management System ICT                                   | Initial Control Total                          |
| ERCC      | East Rail Control Centre ID                                                | Internal Diameter                              |
| ES        | Electrical Services IEC                                                    | Independent Environmental Checker              |
| ESS       | Electrical Sub-station ILCP                                                | Integrated Local Control Panel                 |
| ETWBTC    | Environment, Transport and Works Bureau Technical Circular IMB (Works) IMF | Infrastructure Maintenance Building            |
|           |                                                                            | Impulse Fan                                    |
| EVA       | Emergency Vehicular Access IP                                              | Internet Protocol                              |
| FAO       | Fully Automatic Operation IR                                               | Inception Report                               |
| FCC       | Fire Control Centre IRS                                                    | Integrated Radio System                        |
| FCR       | Fire Control Room IRSI                                                     | Integrated Radio System Interface              |
| FCU       | Fan Coil Unit ISD                                                          | Individual Services Drawing                    |
| FDL       | Force Density Level ISO                                                    | International Organization for Standardization |
| FDS       | Fire Dynamics Simulator ITSP                                               | Interface Test Specification                   |
| FEHD      | Food and Environmental Hygiene Department J/O                              | Junction of                                    |
|           |                                                                            |                                                |",https://storage.googleapis.com/chunkr-prod-bucket/b1e41788-2d6e-4f8e-ad16-2e39fb334c57/5d9ffc1b-8d78-44ef-813d-5174c6bbebed/images/KFBHOKp.jpg?x-id=GetObject&response-content-disposition=inline&response-content-encoding=utf-8&response-content-type=image%2Fjpeg&X-Amz-Algorithm=AWS4-HMAC-SHA256&X-Amz-Credential=GOOG1EBMQ2D33SPB3VQ4MMVJEKXWQFNK5WS57JRFVYUSD3ZCA76OC3B74IG7C%2F20260119%2Fus-east-1%2Fs3%2Faws4_request&X-Amz-Date=20260119T145120Z&X-Amz-Expires=3600&X-Amz-SignedHeaders=host&X-Amz-Signature=fadf250063fad80e77848b38d17d6bc615f37a70a024191f061eb90a11a23869,119.2176,146.1456,2114.9136,1447.4016
4a1afba6-3c14-499c-b2f8-d4583bc6f6cd,1,XxWb2Su,PageFooter,6,Rev. A,"<div class=""page-footer"">Rev. A</div>",Rev. A,,142.5312,1602.4752,58.392,18.014404
4a1afba6-3c14-499c-b2f8-d4583bc6f6cd,2,rJz3UxZ,PageFooter,6,Page iv,"<div class=""page-footer"">Page iv</div>",Page iv,,1155.5424,1602.4608,65.10242,20.563232
4a1afba6-3c14-499c-b2f8-d4583bc6f6cd,3,vIoyIQr,PageFooter,6,January 2023,"<div class=""page-footer"">January 2023</div>",January 2023,,2111.5295,1601.6544,122.328125,21.499146
4a1afba6-3c14-499c-b2f8-d4583bc6f6cd,4,VUbu9Lz,Text,7,AECOM,<p>AECOM</p>,AECOM,,140.328,50.5872,163.1088,40.5936
4a1afba6-3c14-499c-b2f8-d4583bc6f6cd,5,JiUy5O8,Text,7,Consultancy Agreement No. C1501 Design Services for Tuen Ma Extension 2.4C A16 Reference Design Building Services Design Final Report with Federated Design Model and Drawings,<p>Consultancy Agreement No. C1501 Design Services for Tuen Ma Extension 2.4C A16 Reference Design Building Services Design Final Report with Federated Design Model and Drawings</p>,Consultancy Agreement No. C1501 Design Services for Tuen Ma Extension 2.4C A16 Reference Design Building Services Design Final Report with Federated Design Model and Drawings,,1260.0576,59.4864,977.4719,78.6384
597e8657-2767-4c09-b9db-b67787e2218d,0,95sbnRg,Table,7,"<table>
  <tbody>
    <tr>
      <td>JMR</td>
      <td>Joint Merger Report</td>
      <td>O&amp;M</td>
      <td>Operation and Maintenance</td>
    </tr>
    <tr>
      <td>KE</td>
      <td>Kinematic Envelope</td>
      <td>OCC</td>
      <td>Operations Control Centre</td>
    </tr>
    <tr>
      <td>LandsD</td>
      <td>Lands Department</td>
      <td>OCHS</td>
      <td>Octopus Clearing House System</td>
    </tr>
    <tr>
      <td>LCD</td>
      <td>Liquid Crystal Display</td>
      <td>OCRC</td>
      <td>Overhead Rigid Conductor Rail</td>
    </tr>
    <tr>
      <td>LCSD</td>
      <td>Leisure and Culture Services Department</td>
      <td>ODP</td>
      <td>Outline Development Plan</td>
    </tr>
    <tr>
      <td>LED</td>
      <td>Light Emitting Diode</td>
      <td>OHL</td>
      <td>Overhead Line</td>
    </tr>
    <tr>
      <td>Legco</td>
      <td>Legislative Council</td>
      <td>OTE</td>
      <td>Over Track Exhaust</td>
    </tr>
    <tr>
      <td>LLPA</td>
      <td>Long Line Public Address</td>
      <td>OU</td>
      <td>Other Specified Uses</td>
    </tr>
    <tr>
      <td>LOS</td>
      <td>Level of Services</td>
      <td>OVT</td>
      <td>Old and Valuable Tree</td>
    </tr>
    <tr>
      <td>LPG</td>
      <td>Liquified Petroleum Gas</td>
      <td>OZP</td>
      <td>Outline Zoning Plan</td>
    </tr>
    <tr>
      <td>LR</td>
      <td>Light Rail</td>
      <td>PAS</td>
      <td>Public Address System</td>
    </tr>
    <tr>
      <td>LSR</td>
      <td>Line Source Response</td>
      <td>PAX or PABX</td>
      <td>Private Automatic Branch Exchange</td>
    </tr>
    <tr>
      <td>LV</td>
      <td>Low-Voltage</td>
      <td>PBL</td>
      <td>Peak Boarding Load</td>
    </tr>
    <tr>
      <td>MCC</td>
      <td>Motor Control Centre</td>
      <td>PC</td>
      <td>Potential Changes</td>
    </tr>
    <tr>
      <td>MCS</td>
      <td>Main Control System</td>
      <td>PD</td>
      <td>Plumbing and Drainage Services</td>
    </tr>
    <tr>
      <td>MD</td>
      <td>Marine Department</td>
      <td>PER</td>
      <td>Power Equipment Room</td>
    </tr>
    <tr>
      <td>MEP</td>
      <td>Mechanical, Electrical and Plumbing</td>
      <td>PEW</td>
      <td>Property Enabling Works</td>
    </tr>
    <tr>
      <td>MiC</td>
      <td>Modular Integrated Construction</td>
      <td>PHD</td>
      <td>Pat Heung Depot</td>
    </tr>
    <tr>
      <td>MIDP</td>
      <td>Master Information Delivery Plan</td>
      <td>PIDS</td>
      <td>Passenger Information Display System</td>
    </tr>
    <tr>
      <td>MIT</td>
      <td>Machine-Inside-Truss (Escalator)</td>
      <td>PIM</td>
      <td>Project Information Model</td>
    </tr>
    <tr>
      <td>MLP</td>
      <td>Master Layout Plan</td>
      <td>PISI</td>
      <td>Passenger Information System Interface</td>
    </tr>
    <tr>
      <td>MOA</td>
      <td>Means of Access</td>
      <td>PKVR</td>
      <td>Po Kong Village Road</td>
    </tr>
    <tr>
      <td>MOE</td>
      <td>Means of Escape</td>
      <td>PlanD</td>
      <td>Planning Department</td>
    </tr>
    <tr>
      <td>MOL</td>
      <td>Ma On Shan Line</td>
      <td>PLC</td>
      <td>Programmable Logic Controller</td>
    </tr>
    <tr>
      <td>MSFD</td>
      <td>Motorised Smoke and Fire Dampers</td>
      <td>PPC</td>
      <td>Pending Potential Changes</td>
    </tr>
    <tr>
      <td>MTIA</td>
      <td>Marine Traffic Impact Assessment</td>
      <td>PPFS</td>
      <td>Preliminary Project Feasibility Study</td>
    </tr>
    <tr>
      <td>MTRCL</td>
      <td>MTR Corporation Limited</td>
      <td>pphpd</td>
      <td>Passenger per hour per direction</td>
    </tr>
    <tr>
      <td>NB or N/B</td>
      <td>Northbound</td>
      <td>PS</td>
      <td>Particular Specification</td>
    </tr>
    <tr>
      <td>NBL</td>
      <td>Normal Boarding Load</td>
      <td>PSB</td>
      <td>Platform Supervisor Booth</td>
    </tr>
    <tr>
      <td>NFPA</td>
      <td>National Fire Protection Association</td>
      <td>PSD</td>
      <td>Platform Screen Door(s)</td>
    </tr>
    <tr>
      <td>NGO</td>
      <td>Non-government Organisation</td>
      <td>PSL</td>
      <td>Platform Screen Door Local Control Panel</td>
    </tr>
    <tr>
      <td>NIL</td>
      <td>North Island Line</td>
      <td>PSVR</td>
      <td>Preaction Sprinkler Valve Room</td>
    </tr>
    <tr>
      <td>NIST</td>
      <td>National Institute of Standard and Technology</td>
      <td>PTI</td>
      <td>Public Transport Interchange</td>
    </tr>
    <tr>
      <td>NOL</td>
      <td>Northern Link</td>
      <td>PTO</td>
      <td>Passenger Train Operator</td>
    </tr>
    <tr>
      <td>NSL</td>
      <td>North-South Line</td>
      <td>QA</td>
      <td>Quality Assurance</td>
    </tr>
    <tr>
      <td>NT</td>
      <td>New Territories</td>
      <td>QRA</td>
      <td>Quantitative Risk Assessment</td>
    </tr>
    <tr>
      <td>NTH</td>
      <td>Non-traffic Hour</td>
      <td>R&amp;R</td>
      <td>Replacement and Rehabilitation</td>
    </tr>
    <tr>
      <td>NTH</td>
      <td>Natural Terrain Hazard</td>
      <td>RAD</td>
      <td>Radio System</td>
    </tr>
    <tr>
      <td>NTHS</td>
      <td>Natural Terrain Hazard Study</td>
      <td>RAM</td>
      <td>Reliability, Availability and Maintainability</td>
    </tr>
    <tr>
      <td>NW&amp;MARWDSM</td>
      <td>Design Standards Manual for New Works and Major Asset Replacement Works</td>
      <td>RAP</td>
      <td>Remediation Action Plan</td>
    </tr>
    <tr>
      <td></td>
      <td></td>
      <td>RC</td>
      <td>Reserve Capacity</td>
    </tr>
    <tr>
      <td>NWT</td>
      <td>New World Telecom</td>
      <td>RDO</td>
      <td>Railway Development Office</td>
    </tr>
  </tbody>
</table>","<table>
  <tbody>
    <tr>
      <td>JMR</td>
      <td>Joint Merger Report</td>
      <td>O&amp;M</td>
      <td>Operation and Maintenance</td>
    </tr>
    <tr>
      <td>KE</td>
      <td>Kinematic Envelope</td>
      <td>OCC</td>
      <td>Operations Control Centre</td>
    </tr>
    <tr>
      <td>LandsD</td>
      <td>Lands Department</td>
      <td>OCHS</td>
      <td>Octopus Clearing House System</td>
    </tr>
    <tr>
      <td>LCD</td>
      <td>Liquid Crystal Display</td>
      <td>OCRC</td>
      <td>Overhead Rigid Conductor Rail</td>
    </tr>
    <tr>
      <td>LCSD</td>
      <td>Leisure and Culture Services Department</td>
      <td>ODP</td>
      <td>Outline Development Plan</td>
    </tr>
    <tr>
      <td>LED</td>
      <td>Light Emitting Diode</td>
      <td>OHL</td>
      <td>Overhead Line</td>
    </tr>
    <tr>
      <td>Legco</td>
      <td>Legislative Council</td>
      <td>OTE</td>
      <td>Over Track Exhaust</td>
    </tr>
    <tr>
      <td>LLPA</td>
      <td>Long Line Public Address</td>
      <td>OU</td>
      <td>Other Specified Uses</td>
    </tr>
    <tr>
      <td>LOS</td>
      <td>Level of Services</td>
      <td>OVT</td>
      <td>Old and Valuable Tree</td>
    </tr>
    <tr>
      <td>LPG</td>
      <td>Liquified Petroleum Gas</td>
      <td>OZP</td>
      <td>Outline Zoning Plan</td>
    </tr>
    <tr>
      <td>LR</td>
      <td>Light Rail</td>
      <td>PAS</td>
      <td>Public Address System</td>
    </tr>
    <tr>
      <td>LSR</td>
      <td>Line Source Response</td>
      <td>PAX or PABX</td>
      <td>Private Automatic Branch Exchange</td>
    </tr>
    <tr>
      <td>LV</td>
      <td>Low-Voltage</td>
      <td>PBL</td>
      <td>Peak Boarding Load</td>
    </tr>
    <tr>
      <td>MCC</td>
      <td>Motor Control Centre</td>
      <td>PC</td>
      <td>Potential Changes</td>
    </tr>
    <tr>
      <td>MCS</td>
      <td>Main Control System</td>
      <td>PD</td>
      <td>Plumbing and Drainage Services</td>
    </tr>
    <tr>
      <td>MD</td>
      <td>Marine Department</td>
      <td>PER</td>
      <td>Power Equipment Room</td>
    </tr>
    <tr>
      <td>MEP</td>
      <td>Mechanical, Electrical and Plumbing</td>
      <td>PEW</td>
      <td>Property Enabling Works</td>
    </tr>
    <tr>
      <td>MiC</td>
      <td>Modular Integrated Construction</td>
      <td>PHD</td>
      <td>Pat Heung Depot</td>
    </tr>
    <tr>
      <td>MIDP</td>
      <td>Master Information Delivery Plan</td>
      <td>PIDS</td>
      <td>Passenger Information Display System</td>
    </tr>
    <tr>
      <td>MIT</td>
      <td>Machine-Inside-Truss (Escalator)</td>
      <td>PIM</td>
      <td>Project Information Model</td>
    </tr>
    <tr>
      <td>MLP</td>
      <td>Master Layout Plan</td>
      <td>PISI</td>
      <td>Passenger Information System Interface</td>
    </tr>
    <tr>
      <td>MOA</td>
      <td>Means of Access</td>
      <td>PKVR</td>
      <td>Po Kong Village Road</td>
    </tr>
    <tr>
      <td>MOE</td>
      <td>Means of Escape</td>
      <td>PlanD</td>
      <td>Planning Department</td>
    </tr>
    <tr>
      <td>MOL</td>
      <td>Ma On Shan Line</td>
      <td>PLC</td>
      <td>Programmable Logic Controller</td>
    </tr>
    <tr>
      <td>MSFD</td>
      <td>Motorised Smoke and Fire Dampers</td>
      <td>PPC</td>
      <td>Pending Potential Changes</td>
    </tr>
    <tr>
      <td>MTIA</td>
      <td>Marine Traffic Impact Assessment</td>
      <td>PPFS</td>
      <td>Preliminary Project Feasibility Study</td>
    </tr>
    <tr>
      <td>MTRCL</td>
      <td>MTR Corporation Limited</td>
      <td>pphpd</td>
      <td>Passenger per hour per direction</td>
    </tr>
    <tr>
      <td>NB or N/B</td>
      <td>Northbound</td>
      <td>PS</td>
      <td>Particular Specification</td>
    </tr>
    <tr>
      <td>NBL</td>
      <td>Normal Boarding Load</td>
      <td>PSB</td>
      <td>Platform Supervisor Booth</td>
    </tr>
    <tr>
      <td>NFPA</td>
      <td>National Fire Protection Association</td>
      <td>PSD</td>
      <td>Platform Screen Door(s)</td>
    </tr>
    <tr>
      <td>NGO</td>
      <td>Non-government Organisation</td>
      <td>PSL</td>
      <td>Platform Screen Door Local Control Panel</td>
    </tr>
    <tr>
      <td>NIL</td>
      <td>North Island Line</td>
      <td>PSVR</td>
      <td>Preaction Sprinkler Valve Room</td>
    </tr>
    <tr>
      <td>NIST</td>
      <td>National Institute of Standard and Technology</td>
      <td>PTI</td>
      <td>Public Transport Interchange</td>
    </tr>
    <tr>
      <td>NOL</td>
      <td>Northern Link</td>
      <td>PTO</td>
      <td>Passenger Train Operator</td>
    </tr>
    <tr>
      <td>NSL</td>
      <td>North-South Line</td>
      <td>QA</td>
      <td>Quality Assurance</td>
    </tr>
    <tr>
      <td>NT</td>
      <td>New Territories</td>
      <td>QRA</td>
      <td>Quantitative Risk Assessment</td>
    </tr>
    <tr>
      <td>NTH</td>
      <td>Non-traffic Hour</td>
      <td>R&amp;R</td>
      <td>Replacement and Rehabilitation</td>
    </tr>
    <tr>
      <td>NTH</td>
      <td>Natural Terrain Hazard</td>
      <td>RAD</td>
      <td>Radio System</td>
    </tr>
    <tr>
      <td>NTHS</td>
      <td>Natural Terrain Hazard Study</td>
      <td>RAM</td>
      <td>Reliability, Availability and Maintainability</td>
    </tr>
    <tr>
      <td>NW&amp;MARWDSM</td>
      <td>Design Standards Manual for New Works and Major Asset Replacement Works</td>
      <td>RAP</td>
      <td>Remediation Action Plan</td>
    </tr>
    <tr>
      <td></td>
      <td></td>
      <td>RC</td>
      <td>Reserve Capacity</td>
    </tr>
    <tr>
      <td>NWT</td>
      <td>New World Telecom</td>
      <td>RDO</td>
      <td>Railway Development Office</td>
    </tr>
  </tbody>
</table>","|            |                                                                                |                                               |
|------------|--------------------------------------------------------------------------------|-----------------------------------------------|
| JMR        | Joint Merger Report O&M                                                        | Operation and Maintenance                     |
| KE         | Kinematic Envelope OCC                                                         | Operations Control Centre                     |
| LandsD     | Lands Department OCHS                                                          | Octopus Clearing House System                 |
| LCD        | Liquid Crystal Display OCRC                                                    | Overhead Rigid Conductor Rail                 |
| LCSD       | Leisure and Culture Services Department ODP                                    | Outline Development Plan                      |
| LED        | Light Emitting Diode OHL                                                       | Overhead Line                                 |
| Legco      | Legislative Council OTE                                                        | Over Track Exhaust                            |
| LLPA       | Long Line Public Address OU                                                    | Other Specified Uses                          |
| LOS        | Level of Services OVT                                                          | Old and Valuable Tree                         |
| LPG        | Liquified Petroleum Gas OZP                                                    | Outline Zoning Plan                           |
| LR         | Light Rail PAS                                                                 | Public Address System                         |
| LSR        | Line Source Response PAX or PABX                                               | Private Automatic Branch Exchange             |
| LV         | Low-Voltage PBL                                                                | Peak Boarding Load                            |
| MCC        | Motor Control Centre PC                                                        | Potential Changes                             |
| MCS        | Main Control System PD                                                         | Plumbing and Drainage Services                |
| MD         | Marine Department PER                                                          | Power Equipment Room                          |
| MEP        | Mechanical, Electrical and Plumbing PEW                                        | Property Enabling Works                       |
| Mic        | Modular Integrated Construction PHD                                            | Pat Heung Depot                               |
| MIDP       | Master Information Delivery Plan PIDS                                          | Passenger Information Display System          |
| MIT        | Machine-Inside-Truss (Escalator) PIM                                           | Project Information Model                     |
| MLP        | Master Layout Plan PISI                                                        | Passenger Information System Interface        |
| MOA        | Means of Access PKVR                                                           | Po Kong Village Road                          |
| MOE        | Means of Escape PlanD                                                          | Planning Department                           |
| MOL        | Ma On Shan Line PLC                                                            | Programmable Logic Controller                 |
| MSFD       | Motorised Smoke and Fire Dampers PPC                                           | Pending Potential Changes                     |
| MTIA       | Marine Traffic Impact Assessment PPFS                                          | Preliminary Project Feasibility Study         |
| MTRCL      | MTR Corporation Limited pphpd                                                  | Passenger per hour per direction              |
| NB or N/B  | Northbound PS                                                                  | Particular Specification                      |
| NBL        | Normal Boarding Load PSB                                                       | Platform Supervisor Booth                     |
| NFPA       | National Fire Protection Association PSD                                       | Platform Screen Door(s)                       |
| NGO        | Non-government Organisation PSL                                                | Platform Screen Door Local Control Panel      |
| NIL        | North Island Line PSVR                                                         | Preaction Sprinkler Valve Room                |
| NIST       | National Institute of Standard and Technology PTI                              | Public Transport Interchange                  |
| NOL        | Northern Link PTO                                                              | Passenger Train Operator                      |
| NSL        | North-South Line QA                                                            | Quality Assurance                             |
| NT         | New Territories QRA                                                            | Quantitative Risk Assessment                  |
| NTH        | Non-traffic Hour R&R                                                           | Replacement and Rehabilitation                |
| NTH        | Natural Terrain Hazard RAD                                                     | Radio System                                  |
| NTHS       | Natural Terrain Hazard Study RAM                                               | Reliability, Availability and Maintainability |
| NW&MARWDSM | Design Standards Manual for New Works and Major Asset RAP Replacement Works RC | Remediation Action Plan Reserve Capacity      |
| NWT        | New World Telecom RDO                                                          | Railway Development Office                    |",https://storage.googleapis.com/chunkr-prod-bucket/b1e41788-2d6e-4f8e-ad16-2e39fb334c57/5d9ffc1b-8d78-44ef-813d-5174c6bbebed/images/95sbnRg.jpg?x-id=GetObject&response-content-disposition=inline&response-content-encoding=utf-8&response-content-type=image%2Fjpeg&X-Amz-Algorithm=AWS4-HMAC-SHA256&X-Amz-Credential=GOOG1EBMQ2D33SPB3VQ4MMVJEKXWQFNK5WS57JRFVYUSD3ZCA76OC3B74IG7C%2F20260119%2Fus-east-1%2Fs3%2Faws4_request&X-Amz-Date=20260119T145120Z&X-Amz-Expires=3600&X-Amz-SignedHeaders=host&X-Amz-Signature=93282628ba58f81661c67277e4b7a6a1b9c2ac0d2edad61fc5b35e2314d2bf7a,119.3616,148.248,2115.4753,1442.9951
597e8657-2767-4c09-b9db-b67787e2218d,1,FY8OSo3,PageFooter,7,Rev. A,"<div class=""page-footer"">Rev. A</div>",Rev. A,,142.3296,1602.4176,58.66559,18.10083
597e8657-2767-4c09-b9db-b67787e2218d,2,tt2aCmp,PageFooter,7,Page v,"<div class=""page-footer"">Page v</div>",Page v,,1157.7024,1602.792,60.494385,20.76477
597e8657-2767-4c09-b9db-b67787e2218d,3,zArL3bU,PageFooter,7,January 2023,"<div class=""page-footer"">January 2023</div>",January 2023,,2111.3567,1601.5968,122.630615,21.585571
597e8657-2767-4c09-b9db-b67787e2218d,4,ySdiXGo,Text,8,AECOM,<p>AECOM</p>,AECOM,,140.256,50.5152,163.1664,40.6368
597e8657-2767-4c09-b9db-b67787e2218d,5,44VKzjw,Text,8,Consultancy Agreement No. C1501 Design Services for Tuen Ma Extension 2.4C A16 Reference Design Building Services Design Final Report with Federated Design Model and Drawings,<p>Consultancy Agreement No. C1501 Design Services for Tuen Ma Extension 2.4C A16 Reference Design Building Services Design Final Report with Federated Design Model and Drawings</p>,Consultancy Agreement No. C1501 Design Services for Tuen Ma Extension 2.4C A16 Reference Design Building Services Design Final Report with Federated Design Model and Drawings,,1260.1729,59.4144,977.3855,78.768005
452e86a6-569e-48fe-a7e4-41621b7164bf,0,0COPuFC,Table,8,"<table>
  <tbody>
    <tr>
      <td>RDS-2014</td>
      <td>Railway Development Strategy 2014</td>
      <td>SSCC</td>
      <td>Safety and Security Coordination Committee</td>
    </tr>
    <tr>
      <td>REA</td>
      <td>Registered Energy Assessor</td>
      <td>SSP</td>
      <td>Self Service Point</td>
    </tr>
    <tr>
      <td>RGE</td>
      <td>Registered Geotechnical Engineer</td>
      <td>SSTP</td>
      <td>Sediment Sampling and Testing Plan</td>
    </tr>
    <tr>
      <td>RJIW</td>
      <td>Road Junction Improvement Works</td>
      <td>SSVS</td>
      <td>Station Fresh Air Supply Vent Shaft</td>
    </tr>
    <tr>
      <td>RM</td>
      <td>Running Maintenance</td>
      <td>STA</td>
      <td>Signalling & Telecommunication Annex</td>
    </tr>
    <tr>
      <td>RMA</td>
      <td>Running Maintenance Area</td>
      <td>STIC</td>
      <td>Station and Transport Integration Committee</td>
    </tr>
    <tr>
      <td>RPIW</td>
      <td>Railway and Property Interface Works</td>
      <td>SWGR</td>
      <td>Switchgear</td>
    </tr>
    <tr>
      <td>RRIW</td>
      <td>Reprovisioning, Remedial and Improvement Works</td>
      <td>T&C</td>
      <td>Testing and Commissioning</td>
    </tr>
    <tr>
      <td>RRT</td>
      <td>Round Trip Time</td>
      <td>T&ESDT</td>
      <td>Technical & Engineering Services Design Team</td>
    </tr>
    <tr>
      <td>RRU</td>
      <td>Rapid Response Unit</td>
      <td>TBM</td>
      <td>Tunnel Boring Machine</td>
    </tr>
    <tr>
      <td>RS M'tce</td>
      <td>Rolling Stock Maintenance</td>
      <td>TCP</td>
      <td>Technical Competent Person</td>
    </tr>
    <tr>
      <td>RSE</td>
      <td>Registered Structural Engineer</td>
      <td>TD</td>
      <td>Transport Department</td>
    </tr>
    <tr>
      <td>RSET</td>
      <td>Required Safe Egress Time</td>
      <td>TECS</td>
      <td>Tunnel Environmental Control System</td>
    </tr>
    <tr>
      <td>RSI</td>
      <td>Rail Structure Interaction</td>
      <td>TEF</td>
      <td>Trackway Exhaust Fan</td>
    </tr>
    <tr>
      <td>RSR</td>
      <td>Railway Safety Rules</td>
      <td>TER</td>
      <td>Telecom Equipment Room</td>
    </tr>
    <tr>
      <td>RTU</td>
      <td>Remote Terminal Unit</td>
      <td>TETRA</td>
      <td>Terrestrial Trunked Radio</td>
    </tr>
    <tr>
      <td>RVTM</td>
      <td>Requirements Verification Traceability Matrix</td>
      <td>TEVS</td>
      <td>Trackway Exhaust Vent Shaft</td>
    </tr>
    <tr>
      <td>SAI</td>
      <td>Site of Archaeological Interest</td>
      <td>TFSC</td>
      <td>Trackside Fire Safety Committee</td>
    </tr>
    <tr>
      <td>SAMS</td>
      <td>Security Access Management System</td>
      <td>TGLA</td>
      <td>Temporary Government Land Allocation</td>
    </tr>
    <tr>
      <td>SAS</td>
      <td>Station Accountancy System</td>
      <td>TH</td>
      <td>Traffic Hours</td>
    </tr>
    <tr>
      <td>SB or S/B</td>
      <td>Southbound</td>
      <td>TIA</td>
      <td>Traffic Impact Assessment</td>
    </tr>
    <tr>
      <td>SCoR</td>
      <td>Station Computer Room</td>
      <td>TIMs</td>
      <td>Ticket Issuing Machines</td>
    </tr>
    <tr>
      <td>SCR</td>
      <td>Station Control Room</td>
      <td>TIMs</td>
      <td>Ticket Machine Room</td>
    </tr>
    <tr>
      <td>SDC</td>
      <td>Scheme Design Consultancy (for TME)</td>
      <td>TM</td>
      <td>Ticket Machine</td>
    </tr>
    <tr>
      <td>SEE</td>
      <td>Supplementary Emergency Entrance</td>
      <td>TME</td>
      <td>Tuen Ma Extension</td>
    </tr>
    <tr>
      <td>SER</td>
      <td>Signalling Equipment Room</td>
      <td>TMS</td>
      <td>Tuen Mun South Station</td>
    </tr>
    <tr>
      <td>SES</td>
      <td>Subway Environmental Simulation</td>
      <td>TO</td>
      <td>Train Operator</td>
    </tr>
    <tr>
      <td>SEVS</td>
      <td>Station Exhaust Vent Shaft</td>
      <td>tphpd</td>
      <td>Train per hour per direction</td>
    </tr>
    <tr>
      <td>SFPE</td>
      <td>Society of Fire Protection Engineers</td>
      <td>TPRP</td>
      <td>Tree Preservation and Removal Proposal</td>
    </tr>
    <tr>
      <td>SI or S.I.</td>
      <td>Site Investigation</td>
      <td>TRIP</td>
      <td>Track-Related Installation Programme</td>
    </tr>
    <tr>
      <td>SIA</td>
      <td>Sewerage Impact Assessment</td>
      <td>TSF</td>
      <td>Trackway Supply Fan</td>
    </tr>
    <tr>
      <td>SIF</td>
      <td>System Integration Functions</td>
      <td>TSSC</td>
      <td>Trackside Safety and Security Committee</td>
    </tr>
    <tr>
      <td>SIG</td>
      <td>Signalling System</td>
      <td>TSSS</td>
      <td>Trackside Safety and Security Strategy</td>
    </tr>
    <tr>
      <td>SLS</td>
      <td>Serviceability Limit State</td>
      <td>TSVS</td>
      <td>Trackway Fresh Air Supply Vent Shaft</td>
    </tr>
    <tr>
      <td>SMS</td>
      <td>Station Management System</td>
      <td>TTMS</td>
      <td>Temporary Traffic Management Scheme</td>
    </tr>
    <tr>
      <td>SMM</td>
      <td>Standard Method of Measurement</td>
      <td>TUM</td>
      <td>Tuen Mun Station</td>
    </tr>
    <tr>
      <td>SOA</td>
      <td>Schedule of Accommodations</td>
      <td>TVF</td>
      <td>Tunnel Ventilation Fan</td>
    </tr>
    <tr>
      <td>SOP</td>
      <td>Standing Operations Procedures</td>
      <td>TVS</td>
      <td>Tunnel Vent Shaft</td>
    </tr>
    <tr>
      <td>SOS</td>
      <td>Scope of Services</td>
      <td>TX</td>
      <td>Transformer</td>
    </tr>
    <tr>
      <td>SQR</td>
      <td>Sediment Quality Report</td>
      <td>UIA</td>
      <td>Utilities Impact Assessment</td>
    </tr>
    <tr>
      <td>SRD</td>
      <td>Service Requirements Document</td>
      <td>ULS</td>
      <td>Ultimate Limit States</td>
    </tr>
    <tr>
      <td>SRS</td>
      <td>Sustainability Rating System</td>
      <td>URA</td>
      <td>Urban Renewal Authority</td>
    </tr>
  </tbody>
</table>","<table>
  <tbody>
    <tr>
      <td>RDS-2014</td>
      <td>Railway Development Strategy 2014</td>
      <td>SSCC</td>
      <td>Safety and Security Coordination Committee</td>
    </tr>
    <tr>
      <td>REA</td>
      <td>Registered Energy Assessor</td>
      <td>SSP</td>
      <td>Self Service Point</td>
    </tr>
    <tr>
      <td>RGE</td>
      <td>Registered Geotechnical Engineer</td>
      <td>SSTP</td>
      <td>Sediment Sampling and Testing Plan</td>
    </tr>
    <tr>
      <td>RJIW</td>
      <td>Road Junction Improvement Works</td>
      <td>SSVS</td>
      <td>Station Fresh Air Supply Vent Shaft</td>
    </tr>
    <tr>
      <td>RM</td>
      <td>Running Maintenance</td>
      <td>STA</td>
      <td>Signalling & Telecommunication Annex</td>
    </tr>
    <tr>
      <td>RMA</td>
      <td>Running Maintenance Area</td>
      <td>STIC</td>
      <td>Station and Transport Integration Committee</td>
    </tr>
    <tr>
      <td>RPIW</td>
      <td>Railway and Property Interface Works</td>
      <td>SWGR</td>
      <td>Switchgear</td>
    </tr>
    <tr>
      <td>RRIW</td>
      <td>Reprovisioning, Remedial and Improvement Works</td>
      <td>T&C</td>
      <td>Testing and Commissioning</td>
    </tr>
    <tr>
      <td>RRT</td>
      <td>Round Trip Time</td>
      <td>T&ESDT</td>
      <td>Technical & Engineering Services Design Team</td>
    </tr>
    <tr>
      <td>RRU</td>
      <td>Rapid Response Unit</td>
      <td>TBM</td>
      <td>Tunnel Boring Machine</td>
    </tr>
    <tr>
      <td>RS M'tce</td>
      <td>Rolling Stock Maintenance</td>
      <td>TCP</td>
      <td>Technical Competent Person</td>
    </tr>
    <tr>
      <td>RSE</td>
      <td>Registered Structural Engineer</td>
      <td>TD</td>
      <td>Transport Department</td>
    </tr>
    <tr>
      <td>RSET</td>
      <td>Required Safe Egress Time</td>
      <td>TECS</td>
      <td>Tunnel Environmental Control System</td>
    </tr>
    <tr>
      <td>RSI</td>
      <td>Rail Structure Interaction</td>
      <td>TEF</td>
      <td>Trackway Exhaust Fan</td>
    </tr>
    <tr>
      <td>RSR</td>
      <td>Railway Safety Rules</td>
      <td>TER</td>
      <td>Telecom Equipment Room</td>
    </tr>
    <tr>
      <td>RTU</td>
      <td>Remote Terminal Unit</td>
      <td>TETRA</td>
      <td>Terrestrial Trunked Radio</td>
    </tr>
    <tr>
      <td>RVTM</td>
      <td>Requirements Verification Traceability Matrix</td>
      <td>TEVS</td>
      <td>Trackway Exhaust Vent Shaft</td>
    </tr>
    <tr>
      <td>SAI</td>
      <td>Site of Archaeological Interest</td>
      <td>TFSC</td>
      <td>Trackside Fire Safety Committee</td>
    </tr>
    <tr>
      <td>SAMS</td>
      <td>Security Access Management System</td>
      <td>TGLA</td>
      <td>Temporary Government Land Allocation</td>
    </tr>
    <tr>
      <td>SAS</td>
      <td>Station Accountancy System</td>
      <td>TH</td>
      <td>Traffic Hours</td>
    </tr>
    <tr>
      <td>SB or S/B</td>
      <td>Southbound</td>
      <td>TIA</td>
      <td>Traffic Impact Assessment</td>
    </tr>
    <tr>
      <td>SCoR</td>
      <td>Station Computer Room</td>
      <td>TIMs</td>
      <td>Ticket Issuing Machines</td>
    </tr>
    <tr>
      <td>SCR</td>
      <td>Station Control Room</td>
      <td>TIMs</td>
      <td>Ticket Machine Room</td>
    </tr>
    <tr>
      <td>SDC</td>
      <td>Scheme Design Consultancy (for TME)</td>
      <td>TM</td>
      <td>Ticket Machine</td>
    </tr>
    <tr>
      <td>SEE</td>
      <td>Supplementary Emergency Entrance</td>
      <td>TME</td>
      <td>Tuen Ma Extension</td>
    </tr>
    <tr>
      <td>SER</td>
      <td>Signalling Equipment Room</td>
      <td>TMS</td>
      <td>Tuen Mun South Station</td>
    </tr>
    <tr>
      <td>SES</td>
      <td>Subway Environmental Simulation</td>
      <td>TO</td>
      <td>Train Operator</td>
    </tr>
    <tr>
      <td>SEVS</td>
      <td>Station Exhaust Vent Shaft</td>
      <td>tphpd</td>
      <td>Train per hour per direction</td>
    </tr>
    <tr>
      <td>SFPE</td>
      <td>Society of Fire Protection Engineers</td>
      <td>TPRP</td>
      <td>Tree Preservation and Removal Proposal</td>
    </tr>
    <tr>
      <td>SI or S.I.</td>
      <td>Site Investigation</td>
      <td>TRIP</td>
      <td>Track-Related Installation Programme</td>
    </tr>
    <tr>
      <td>SIA</td>
      <td>Sewerage Impact Assessment</td>
      <td>TSF</td>
      <td>Trackway Supply Fan</td>
    </tr>
    <tr>
      <td>SIF</td>
      <td>System Integration Functions</td>
      <td>TSSC</td>
      <td>Trackside Safety and Security Committee</td>
    </tr>
    <tr>
      <td>SIG</td>
      <td>Signalling System</td>
      <td>TSSS</td>
      <td>Trackside Safety and Security Strategy</td>
    </tr>
    <tr>
      <td>SLS</td>
      <td>Serviceability Limit State</td>
      <td>TSVS</td>
      <td>Trackway Fresh Air Supply Vent Shaft</td>
    </tr>
    <tr>
      <td>SMS</td>
      <td>Station Management System</td>
      <td>TTMS</td>
      <td>Temporary Traffic Management Scheme</td>
    </tr>
    <tr>
      <td>SMM</td>
      <td>Standard Method of Measurement</td>
      <td>TUM</td>
      <td>Tuen Mun Station</td>
    </tr>
    <tr>
      <td>SOA</td>
      <td>Schedule of Accommodations</td>
      <td>TVF</td>
      <td>Tunnel Ventilation Fan</td>
    </tr>
    <tr>
      <td>SOP</td>
      <td>Standing Operations Procedures</td>
      <td>TVS</td>
      <td>Tunnel Vent Shaft</td>
    </tr>
    <tr>
      <td>SOS</td>
      <td>Scope of Services</td>
      <td>TX</td>
      <td>Transformer</td>
    </tr>
    <tr>
      <td>SQR</td>
      <td>Sediment Quality Report</td>
      <td>UIA</td>
      <td>Utilities Impact Assessment</td>
    </tr>
    <tr>
      <td>SRD</td>
      <td>Service Requirements Document</td>
      <td>ULS</td>
      <td>Ultimate Limit States</td>
    </tr>
    <tr>
      <td>SRS</td>
      <td>Sustainability Rating System</td>
      <td>URA</td>
      <td>Urban Renewal Authority</td>
    </tr>
  </tbody>
</table>","|            |                                                    |                                              |
|------------|----------------------------------------------------|----------------------------------------------|
| RDS-2014   | Railway Development Strategy 2014 SSCC             | Safety and Security Coordination Committee   |
| REA        | Registered Energy Assessor SSP                     | Self Service Point                           |
| RGE        | Registered Geotechnical Engineer SSTP              | Sediment Sampling and Testing Plan           |
| RJIW       | Road Junction Improvement Works SSVS               | Station Fresh Air Supply Vent Shaft          |
| RM         | Running Maintenance STA                            | Signalling & Telecommunication Annex         |
| RMA        | Running Maintenance Area STIC                      | Station and Transport Integration Committee  |
| RPIW       | Railway and Property Interface Works SWGR          | Switchgear                                   |
| RRIW       | Reprovisioning, Remedial and Improvement Works T&C | Testing and Commissioning                    |
| RRT        | Round Trip Time T&ESDT                             | Technical & Engineering Services Design Team |
| RRU        | Rapid Response Unit TBM                            | Tunnel Boring Machine                        |
| RS M'tce   | Rolling Stock Maintenance TCP                      | Technical Competent Person                   |
| RSE        | Registered Structural Engineer TD                  | Transport Department                         |
| RSET       | Required Safe Egress Time TECS                     | Tunnel Environmental Control System          |
| RSI        | Rail Structure Interaction TEF                     | Trackway Exhaust Fan                         |
| RSR        | Railway Safety Rules TER                           | Telecom Equipment Room                       |
| RTU        | Remote Terminal Unit TETRA                         | Terrestrial Trunked Radio                    |
| RVTM       | Requirements Verification Traceability Matrix TEVS | Trackway Exhaust Vent Shaft                  |
| SAI        | Site of Archaeological Interest TFSC               | Trackside Fire Safety Committee              |
| SAMS       | Security Access Management System TGLA             | Temporary Government Land Allocation         |
| SAS        | Station Accountancy System TH                      | Traffic Hours                                |
| SB or S/B  | Southbound TIA                                     | Traffic Impact Assessment                    |
| SCoR       | Station Computer Room TIMs                         | Ticket Issuing Machines                      |
| SCR        | Station Control Room TIMs                          | Ticket Machine Room                          |
| SDC        | Scheme Design Consultancy (for TME) TM             | Ticket Machine                               |
| SEE        | Supplementary Emergency Entrance TME               | Tuen Ma Extension                            |
| SER        | Signalling Equipment Room TMS                      | Tuen Mun South Station                       |
| SES        | Subway Environmental Simulation TO                 | Train Operator                               |
| SEVS       | Station Exhaust Vent Shaft tphpd                   | Train per hour per direction                 |
| SFPE       | Society of Fire Protection Engineers TPRP          | Tree Preservation and Removal Proposal       |
| SI or S.I. | Site Investigation TRIP                            | Track-Related Installation Programme         |
| SIA        | Sewerage Impact Assessment TSF                     | Trackway Supply Fan                          |
| SIF        | System Integration Functions TSSC                  | Trackside Safety and Security Committee      |
| SIG        | Signalling System TSSS                             | Trackside Safety and Security Strategy       |
| SLS        | Serviceability Limit State TSVS                    | Trackway Fresh Air Supply Vent Shaft         |
| SMS        | Station Management System TTMS                     | Temporary Traffic Management Scheme          |
| SMM        | Standard Method of Measurement TUM                 | Tuen Mun Station                             |
| SOA        | Schedule of Accommodations TVF                     | Tunnel Ventilation Fan                       |
| SOP        | Standing Operations Procedures TVS                 | Tunnel Vent Shaft                            |
| SOS        | Scope of Services TX                               | Transformer                                  |
| SQR        | Sediment Quality Report UIA                        | Utilities Impact Assessment                  |
| SRD        | Service Requirements Document ULS                  | Ultimate Limit States                        |
| SRS        | Sustainability Rating System URA                   | Urban Renewal Authority                      |",https://storage.googleapis.com/chunkr-prod-bucket/b1e41788-2d6e-4f8e-ad16-2e39fb334c57/5d9ffc1b-8d78-44ef-813d-5174c6bbebed/images/0COPuFC.jpg?x-id=GetObject&response-content-disposition=inline&response-content-encoding=utf-8&response-content-type=image%2Fjpeg&X-Amz-Algorithm=AWS4-HMAC-SHA256&X-Amz-Credential=GOOG1EBMQ2D33SPB3VQ4MMVJEKXWQFNK5WS57JRFVYUSD3ZCA76OC3B74IG7C%2F20260119%2Fus-east-1%2Fs3%2Faws4_request&X-Amz-Date=20260119T145120Z&X-Amz-Expires=3600&X-Amz-SignedHeaders=host&X-Amz-Signature=39afeb5b7fe777349e824e465344baa2688aa66cb72c27689b4e5c843c452497,117.864,156.2112,2116.8289,1435.8096
452e86a6-569e-48fe-a7e4-41621b7164bf,1,i68Gu8p,PageFooter,8,Rev. A,"<div class=""page-footer"">Rev. A</div>",Rev. A,,142.5168,1602.432,58.478394,18.115234
452e86a6-569e-48fe-a7e4-41621b7164bf,2,2FOfAaQ,PageFooter,8,Page vi,"<div class=""page-footer"">Page vi</div>",Page vi,,1155.5568,1602.4608,65.49121,20.505615
452e86a6-569e-48fe-a7e4-41621b7164bf,3,Gk9yVDk,PageFooter,8,January 2023,"<div class=""page-footer"">January 2023</div>",January 2023,,2111.4,1601.5536,122.529785,21.61438
452e86a6-569e-48fe-a7e4-41621b7164bf,4,mw1agPL,Text,9,AECOM,<p>AECOM</p>,AECOM,,140.0112,51.048,164.3616,40.060802
452e86a6-569e-48fe-a7e4-41621b7164bf,5,1ATrkXf,PageHeader,9,Consultancy Agreement No. C1501 Design Services for Tuen Ma Extension 2.4C A16 Reference Design Building Services Design Final Report with Federated Design Model and Drawings,"<div class=""page-header"">Consultancy Agreement No. C1501 Design Services for Tuen Ma Extension 2.4C A16 Reference Design Building Services Design Final Report with Federated Design Model and Drawings</div>",Consultancy Agreement No. C1501 Design Services for Tuen Ma Extension 2.4C A16 Reference Design Building Services Design Final Report with Federated Design Model and Drawings,,1259.856,60.2496,978.0481,77.80319
452e86a6-569e-48fe-a7e4-41621b7164bf,6,13czRqh,Table,9,"<table>
  <tbody>
    <tr>
      <td>URL</td>
      <td>Urban Railway Lines</td>
    </tr>
    <tr>
      <td>UTO</td>
      <td>Unmanned Train Operations</td>
    </tr>
    <tr>
      <td>UTS</td>
      <td>Under Track Supply</td>
    </tr>
    <tr>
      <td>V/C</td>
      <td>Volume / Capacity</td>
    </tr>
    <tr>
      <td>VAC</td>
      <td>Ventilation / Air-conditioning Control</td>
    </tr>
    <tr>
      <td>VAV</td>
      <td>Variable Air Volume</td>
    </tr>
    <tr>
      <td>VDU</td>
      <td>Video Display Unit</td>
    </tr>
    <tr>
      <td>VE</td>
      <td>Value Engineering</td>
    </tr>
    <tr>
      <td>VEP</td>
      <td>Variation of an Environmental Permit</td>
    </tr>
    <tr>
      <td>VIA</td>
      <td>Visual Impact Assessment</td>
    </tr>
    <tr>
      <td>VOC</td>
      <td>Vehicle Operation Cost</td>
    </tr>
    <tr>
      <td>WB or W/B</td>
      <td>Westbound</td>
    </tr>
    <tr>
      <td>WIP</td>
      <td>Work in Progress</td>
    </tr>
    <tr>
      <td>WP</td>
      <td>Working Paper</td>
    </tr>
    <tr>
      <td>WRBCC</td>
      <td>West Rail Backup Operation Control Centre</td>
    </tr>
    <tr>
      <td>WRL</td>
      <td>West Rail Line</td>
    </tr>
    <tr>
      <td>WROCC</td>
      <td>West Rail Operation Control Centre</td>
    </tr>
    <tr>
      <td>WSD</td>
      <td>Water Supply</td>
    </tr>
    <tr>
      <td>WSIA</td>
      <td>Water Supplies Impact Assessment</td>
    </tr>
  </tbody>
</table>","<table>
  <tbody>
    <tr>
      <td>URL</td>
      <td>Urban Railway Lines</td>
    </tr>
    <tr>
      <td>UTO</td>
      <td>Unmanned Train Operations</td>
    </tr>
    <tr>
      <td>UTS</td>
      <td>Under Track Supply</td>
    </tr>
    <tr>
      <td>V/C</td>
      <td>Volume / Capacity</td>
    </tr>
    <tr>
      <td>VAC</td>
      <td>Ventilation / Air-conditioning Control</td>
    </tr>
    <tr>
      <td>VAV</td>
      <td>Variable Air Volume</td>
    </tr>
    <tr>
      <td>VDU</td>
      <td>Video Display Unit</td>
    </tr>
    <tr>
      <td>VE</td>
      <td>Value Engineering</td>
    </tr>
    <tr>
      <td>VEP</td>
      <td>Variation of an Environmental Permit</td>
    </tr>
    <tr>
      <td>VIA</td>
      <td>Visual Impact Assessment</td>
    </tr>
    <tr>
      <td>VOC</td>
      <td>Vehicle Operation Cost</td>
    </tr>
    <tr>
      <td>WB or W/B</td>
      <td>Westbound</td>
    </tr>
    <tr>
      <td>WIP</td>
      <td>Work in Progress</td>
    </tr>
    <tr>
      <td>WP</td>
      <td>Working Paper</td>
    </tr>
    <tr>
      <td>WRBCC</td>
      <td>West Rail Backup Operation Control Centre</td>
    </tr>
    <tr>
      <td>WRL</td>
      <td>West Rail Line</td>
    </tr>
    <tr>
      <td>WROCC</td>
      <td>West Rail Operation Control Centre</td>
    </tr>
    <tr>
      <td>WSD</td>
      <td>Water Supply</td>
    </tr>
    <tr>
      <td>WSIA</td>
      <td>Water Supplies Impact Assessment</td>
    </tr>
  </tbody>
</table>","|           |                                           |
|-----------|-------------------------------------------|
| URL       | Urban Railway Lines                       |
| UTO       | Unmanned Train Operations                 |
| UTS       | Under Track Supply                        |
| V/C       | Volume / Capacity                         |
| VAC       | Ventilation / Air-conditioning Control    |
| VAV       | Variable Air Volume                       |
| VDU       | Video Display Unit                        |
| VE        | Value Engineering                         |
| VEP       | Variation of an Environmental Permit      |
| VIA       | Visual Impact Assessment                  |
| VOC       | Vehicle Operation Cost                    |
| WB or W/B | Westbound                                 |
| WIP       | Work in Progress                          |
| WP        | Working Paper                             |
| WRBCC     | West Rail Backup Operation Control Centre |
| WRL       | West Rail Line                            |
| WROCC     | West Rail Operation Control Centre        |
| WSD       | Water Supply                              |
| WSIA      | Water Supplies Impact Assessment          |",https://storage.googleapis.com/chunkr-prod-bucket/b1e41788-2d6e-4f8e-ad16-2e39fb334c57/5d9ffc1b-8d78-44ef-813d-5174c6bbebed/images/13czRqh.jpg?x-id=GetObject&response-content-disposition=inline&response-content-encoding=utf-8&response-content-type=image%2Fjpeg&X-Amz-Algorithm=AWS4-HMAC-SHA256&X-Amz-Credential=GOOG1EBMQ2D33SPB3VQ4MMVJEKXWQFNK5WS57JRFVYUSD3ZCA76OC3B74IG7C%2F20260119%2Fus-east-1%2Fs3%2Faws4_request&X-Amz-Date=20260119T145120Z&X-Amz-Expires=3600&X-Amz-SignedHeaders=host&X-Amz-Signature=de8f3cbfead42402c396cb503c020c6a920009cda70075cbc84be2ede8ab46ca,141.912,159.5232,2112.163,643.3344
452e86a6-569e-48fe-a7e4-41621b7164bf,7,Aw-tSAs,PageFooter,9,Rev. A,"<div class=""page-footer"">Rev. A</div>",Rev. A,,142.2432,1602.5616,59.3136,18.14392
452e86a6-569e-48fe-a7e4-41621b7164bf,8,1L9Dyr_,PageFooter,9,Page vii,"<div class=""page-footer"">Page vii</div>",Page vii,,1152.5905,1601.9712,70.862305,21.527954
452e86a6-569e-48fe-a7e4-41621b7164bf,9,GRXor9q,PageFooter,9,January 2023,"<div class=""page-footer"">January 2023</div>",January 2023,,2111.1553,1601.6832,123.37915,21.815918
452e86a6-569e-48fe-a7e4-41621b7164bf,10,7KJqNzb,Text,10,AECOM,<p>AECOM</p>,AECOM,,140.0976,50.6448,164.0448,40.766403
452e86a6-569e-48fe-a7e4-41621b7164bf,11,31KYSR8,PageHeader,10,Consultancy Agreement No. C1501 Design Services for Tuen Ma Extension 2.4C A16 Reference Design Building Services Design Final Report with Federated Design Model and Drawings,"<div class=""page-header"">Consultancy Agreement No. C1501 Design Services for Tuen Ma Extension 2.4C A16 Reference Design Building Services Design Final Report with Federated Design Model and Drawings</div>",Consultancy Agreement No. C1501 Design Services for Tuen Ma Extension 2.4C A16 Reference Design Building Services Design Final Report with Federated Design Model and Drawings,,1259.4095,59.6016,978.192,78.48
a5b652be-933f-4f91-8e89-322f28616289,0,nViDFG0,SectionHeader,10,## 1 EXECUTIVE SUMMARY,<h2>1 EXECUTIVE SUMMARY</h2>,## 1 EXECUTIVE SUMMARY,,143.4096,184.4352,371.13116,24.897598
a5b652be-933f-4f91-8e89-322f28616289,1,MoO_iKn,Text,10,1.1 General,<p>1.1 General</p>,1.1 General,,142.9632,242.4672,188.82721,20.923218
a5b652be-933f-4f91-8e89-322f28616289,2,QQG1RWZ,Text,10,1.1.1 This Interim Design Report has been prepared to fulfil deliverable item 2.4C as outlined in Consultancy Agreement No. C1501 Client's Scope Appendix L Section 1 Reference Design.,<p>1.1.1 This Interim Design Report has been prepared to fulfil deliverable item 2.4C as outlined in Consultancy Agreement No. C1501 Client's Scope Appendix L Section 1 Reference Design.</p>,1.1.1 This Interim Design Report has been prepared to fulfil deliverable item 2.4C as outlined in Consultancy Agreement No. C1501 Client's Scope Appendix L Section 1 Reference Design.,,142.9776,293.76,1012.99677,51.1344
a5b652be-933f-4f91-8e89-322f28616289,3,DDBIIjH,Text,10,1.1.2 This report describes the Building Service Systems required for Preliminary Design of A16 Station under Tuen Ma Extension.,<p>1.1.2 This report describes the Building Service Systems required for Preliminary Design of A16 Station under Tuen Ma Extension.</p>,1.1.2 This report describes the Building Service Systems required for Preliminary Design of A16 Station under Tuen Ma Extension.,,143.064,371.3472,1012.4928,49.032013
a5b652be-933f-4f91-8e89-322f28616289,4,2VOSdJv,Text,10,1.1.3 The design has been prepared in line with the parameters and standards defined in MTR Design Standards Manual for new Works and Major Asset Replacement Works (NW&MARWDSM) and continual liaison and dialogue with MTR Systemwide Team throughout the preliminary design period.,<p>1.1.3 The design has been prepared in line with the parameters and standards defined in MTR Design Standards Manual for new Works and Major Asset Replacement Works (NW&MARWDSM) and continual liaison and dialogue with MTR Systemwide Team throughout the preliminary design period.</p>,1.1.3 The design has been prepared in line with the parameters and standards defined in MTR Design Standards Manual for new Works and Major Asset Replacement Works (NW&MARWDSM) and continual liaison and dialogue with MTR Systemwide Team throughout the preliminary design period.,,143.0496,448.488,1012.2768,78.868805
a5b652be-933f-4f91-8e89-322f28616289,5,VjB6BYS,Text,10,"1.1.4 Appropriate provision has been reserved in the architectural layout plans to incorporate the BS and Systemwide plant, services distribution and access provision for plant delivery and maintenance. This has been achieved by working closely in parallel with the architects and civil engineers.","<p>1.1.4 Appropriate provision has been reserved in the architectural layout plans to incorporate the BS and Systemwide plant, services distribution and access provision for plant delivery and maintenance. This has been achieved by working closely in parallel with the architects and civil engineers.</p>","1.1.4 Appropriate provision has been reserved in the architectural layout plans to incorporate the BS and Systemwide plant, services distribution and access provision for plant delivery and maintenance. This has been achieved by working closely in parallel with the architects and civil engineers.",,143.136,552.9456,1012.27686,79.67517
a5b652be-933f-4f91-8e89-322f28616289,6,H6QAIL_,Text,10,"1.1.5 The ECS cooling load simulation for A16 Station has been conducted and the parameters, assumptions, calculations and summary are presented in Section 4.","<p>1.1.5 The ECS cooling load simulation for A16 Station has been conducted and the parameters, assumptions, calculations and summary are presented in Section 4.</p>","1.1.5 The ECS cooling load simulation for A16 Station has been conducted and the parameters, assumptions, calculations and summary are presented in Section 4.",,143.2656,657.0576,1010.96643,52.02716
a5b652be-933f-4f91-8e89-322f28616289,7,-LNrx-S,Text,10,1.1.6 The electrical power supply requirements incorporating the latest Station and Systemwide E&M information from MTR are provided in Section 5.,<p>1.1.6 The electrical power supply requirements incorporating the latest Station and Systemwide E&M information from MTR are provided in Section 5.</p>,1.1.6 The electrical power supply requirements incorporating the latest Station and Systemwide E&M information from MTR are provided in Section 5.,,143.3232,734.9184,1011.75836,51.27838
a5b652be-933f-4f91-8e89-322f28616289,8,6FzUaLc,Text,10,"1.1.7 The major services routes, services layouts and schematics are included in Volume 2 and 3 and have been fully coordinated with the architect's general arrangement drawings and the structural engineer's preliminary general arrangement drawings.","<p>1.1.7 The major services routes, services layouts and schematics are included in Volume 2 and 3 and have been fully coordinated with the architect's general arrangement drawings and the structural engineer's preliminary general arrangement drawings.</p>","1.1.7 The major services routes, services layouts and schematics are included in Volume 2 and 3 and have been fully coordinated with the architect's general arrangement drawings and the structural engineer's preliminary general arrangement drawings.",,143.3808,812.304,1012.3488,80.02081
a5b652be-933f-4f91-8e89-322f28616289,9,roBk5Of,Text,10,1.2 Report Limitations,<p>1.2 Report Limitations</p>,1.2 Report Limitations,,143.0496,919.1376,295.28638,24.652832
a5b652be-933f-4f91-8e89-322f28616289,10,rEkmjGQ,Text,10,1.2.1 The information provided in this report is for the sole and specific use of the MTR Corporation. Any other persons who use any information contained herein do so at their own risk.,<p>1.2.1 The information provided in this report is for the sole and specific use of the MTR Corporation. Any other persons who use any information contained herein do so at their own risk.</p>,1.2.1 The information provided in this report is for the sole and specific use of the MTR Corporation. Any other persons who use any information contained herein do so at their own risk.,,143.3808,970.5312,1012.6944,52.416016
a5b652be-933f-4f91-8e89-322f28616289,11,yKW3we9,Text,10,1.2.2 Any persons who intend to use any information contained herein shall assess the applicability of the information and carry out their own interpretation.,<p>1.2.2 Any persons who intend to use any information contained herein shall assess the applicability of the information and carry out their own interpretation.</p>,1.2.2 Any persons who intend to use any information contained herein shall assess the applicability of the information and carry out their own interpretation.,,143.5392,1047.9888,1012.20483,51.321655
a5b652be-933f-4f91-8e89-322f28616289,12,pi9Y0KF,PageFooter,10,Rev. A,"<div class=""page-footer"">Rev. A</div>",Rev. A,,142.1568,1601.6688,59.126404,18.61914
a5b652be-933f-4f91-8e89-322f28616289,13,HfhQSWc,PageFooter,10,Page 1,"<div class=""page-footer"">Page 1</div>",Page 1,,1157.3856,1601.7552,61.142334,21.03833
a5b652be-933f-4f91-8e89-322f28616289,14,Zo9l5fk,PageFooter,10,January 2023,"<div class=""page-footer"">January 2023</div>",January 2023,,2111.6448,1601.0063,123.364746,21.71521
a5b652be-933f-4f91-8e89-322f28616289,15,YaE6Et5,Text,11,AECOM,<p>AECOM</p>,AECOM,,140.3136,49.9392,163.28162,41.529602
a5b652be-933f-4f91-8e89-322f28616289,16,Bem58aj,PageHeader,11,Consultancy Agreement No. C1501 Design Services for Tuen Ma Extension 2.4C A16 Reference Design Building Services Design Final Report with Federated Design Model and Drawings,"<div class=""page-header"">Consultancy Agreement No. C1501 Design Services for Tuen Ma Extension 2.4C A16 Reference Design Building Services Design Final Report with Federated Design Model and Drawings</div>",Consultancy Agreement No. C1501 Design Services for Tuen Ma Extension 2.4C A16 Reference Design Building Services Design Final Report with Federated Design Model and Drawings,,1259.1792,59.04,978.4512,79.3872
84fc28c9-0889-4a7b-9599-ae52509888c2,0,kCb8svy,SectionHeader,11,## 2 INTRODUCTION,<h2>2 INTRODUCTION</h2>,## 2 INTRODUCTION,,142.4448,184.3344,293.8608,24.696
84fc28c9-0889-4a7b-9599-ae52509888c2,1,_uDVfrP,SectionHeader,11,## 2.1 Background,<h2>2.1 Background</h2>,## 2.1 Background,,142.1136,241.5744,228.97441,24.68161
84fc28c9-0889-4a7b-9599-ae52509888c2,2,FeaznS9,Text,11,"2.1.1 Tuen Ma Extension is a railway scheme to improve railway accessibility to Tuen Mun South area. The new extension will serve the community south of Tuen Mun town centre and the new development area of A16. The A16 station is located on the Tuen Mun River waterfront promenade serving the existing catchments on the west bank of the river (i.e. Lung Mun Oasis, Glorious Garden) and east of Hoi Wong Road (i.e. Nerine Cove, Oceania Heights) as well as the future population in the development area of A16.","<p>2.1.1 Tuen Ma Extension is a railway scheme to improve railway accessibility to Tuen Mun South area. The new extension will serve the community south of Tuen Mun town centre and the new development area of A16. The A16 station is located on the Tuen Mun River waterfront promenade serving the existing catchments on the west bank of the river (i.e. Lung Mun Oasis, Glorious Garden) and east of Hoi Wong Road (i.e. Nerine Cove, Oceania Heights) as well as the future population in the development area of A16.</p>","2.1.1 Tuen Ma Extension is a railway scheme to improve railway accessibility to Tuen Mun South area. The new extension will serve the community south of Tuen Mun town centre and the new development area of A16. The A16 station is located on the Tuen Mun River waterfront promenade serving the existing catchments on the west bank of the river (i.e. Lung Mun Oasis, Glorious Garden) and east of Hoi Wong Road (i.e. Nerine Cove, Oceania Heights) as well as the future population in the development area of A16.",,142.1568,289.728,1014.63837,162.5328
84fc28c9-0889-4a7b-9599-ae52509888c2,3,Y1moUmp,Text,11,"2.1.2 The Railway Development Strategy 2014 (RDS-2014) published by Transport and Housing Bureau in September 2014 has included TME as one of the recommended railway schemes for implementation. The RDS-2014 stipulated the Governments policy on railway development to unleash the development potential of area along railway lines to facilitate housing and economic developments. The recently released ""HK2020+"": Towards a Planning Vision and Strategy Transcending 2030"" strategic plan that re-affirms that Hong Kong will continues to underscore the compact city through a compact transit-oriented development pattern that is sustainable, efficient and cost-effective.","<p>2.1.2 The Railway Development Strategy 2014 (RDS-2014) published by Transport and Housing Bureau in September 2014 has included TME as one of the recommended railway schemes for implementation. The RDS-2014 stipulated the Governments policy on railway development to unleash the development potential of area along railway lines to facilitate housing and economic developments. The recently released ""HK2020+"": Towards a Planning Vision and Strategy Transcending 2030"" strategic plan that re-affirms that Hong Kong will continues to underscore the compact city through a compact transit-oriented development pattern that is sustainable, efficient and cost-effective.</p>","2.1.2 The Railway Development Strategy 2014 (RDS-2014) published by Transport and Housing Bureau in September 2014 has included TME as one of the recommended railway schemes for implementation. The RDS-2014 stipulated the Governments policy on railway development to unleash the development potential of area along railway lines to facilitate housing and economic developments. The recently released ""HK2020+"": Towards a Planning Vision and Strategy Transcending 2030"" strategic plan that re-affirms that Hong Kong will continues to underscore the compact city through a compact transit-oriented development pattern that is sustainable, efficient and cost-effective.",,142.3872,476.4816,1013.15515,187.54562
84fc28c9-0889-4a7b-9599-ae52509888c2,4,0UcSqmW,Text,11,"2.1.3 The 2019 Policy Address published on 16 October 2019 has also addressed that the Hong Kong SAR Government will expedite the implementation of projects proposed in RDS-2014 and invited the MTR Corporation Limited (MTRCL) to commence detailed planning and design for the Tung Chung Line Extension, Tuen Ma Extension and Northern Link in the coming year.","<p>2.1.3 The 2019 Policy Address published on 16 October 2019 has also addressed that the Hong Kong SAR Government will expedite the implementation of projects proposed in RDS-2014 and invited the MTR Corporation Limited (MTRCL) to commence detailed planning and design for the Tung Chung Line Extension, Tuen Ma Extension and Northern Link in the coming year.</p>","2.1.3 The 2019 Policy Address published on 16 October 2019 has also addressed that the Hong Kong SAR Government will expedite the implementation of projects proposed in RDS-2014 and invited the MTR Corporation Limited (MTRCL) to commence detailed planning and design for the Tung Chung Line Extension, Tuen Ma Extension and Northern Link in the coming year.",,142.4448,689.2704,1013.58716,105.98401
84fc28c9-0889-4a7b-9599-ae52509888c2,5,Gos1_E3,Text,11,2.1.4 TME is envisaged as approximately 2.4-km extension of Tuen Ma Line by extending the existing viaduct structure from Tuen Mun Station (TUM) overrun to a new elevated terminus along Wu King Road adjacent to Tuen Mun Ferry Pier at Tuen Mun South (TMS).,<p>2.1.4 TME is envisaged as approximately 2.4-km extension of Tuen Ma Line by extending the existing viaduct structure from Tuen Mun Station (TUM) overrun to a new elevated terminus along Wu King Road adjacent to Tuen Mun Ferry Pier at Tuen Mun South (TMS).</p>,2.1.4 TME is envisaged as approximately 2.4-km extension of Tuen Ma Line by extending the existing viaduct structure from Tuen Mun Station (TUM) overrun to a new elevated terminus along Wu King Road adjacent to Tuen Mun Ferry Pier at Tuen Mun South (TMS).,,142.3584,819.9504,1014.1488,80.29443
84fc28c9-0889-4a7b-9599-ae52509888c2,6,ySQ4FyB,Text,11,2.1.5 The proposed new station in Tuen Mun South area will be located adjacent to the Light Rail (LR) stops at Tuen Mun Ferry Pier and Siu Hei Court. It allows interchange between LR and Tuen Ma Line to promote the use of railway as the main mode of public transport and relieve the congestion in LR network.,<p>2.1.5 The proposed new station in Tuen Mun South area will be located adjacent to the Light Rail (LR) stops at Tuen Mun Ferry Pier and Siu Hei Court. It allows interchange between LR and Tuen Ma Line to promote the use of railway as the main mode of public transport and relieve the congestion in LR network.</p>,2.1.5 The proposed new station in Tuen Mun South area will be located adjacent to the Light Rail (LR) stops at Tuen Mun Ferry Pier and Siu Hei Court. It allows interchange between LR and Tuen Ma Line to promote the use of railway as the main mode of public transport and relieve the congestion in LR network.,,142.5024,922.0464,1013.4864,106.3728
84fc28c9-0889-4a7b-9599-ae52509888c2,7,cTke-rG,Text,11,"2.1.6 A new intermediate station, A16 Station, will be located approximately 1.2km south of TUM.","<p>2.1.6 A new intermediate station, A16 Station, will be located approximately 1.2km south of TUM.</p>","2.1.6 A new intermediate station, A16 Station, will be located approximately 1.2km south of TUM.",,142.4448,1056.5424,935.85596,25.387207
84fc28c9-0889-4a7b-9599-ae52509888c2,8,A0TOlR7,Text,11,2.2 Purpose of Report,<p>2.2 Purpose of Report</p>,2.2 Purpose of Report,,142.1856,1109.304,292.464,25.32959
84fc28c9-0889-4a7b-9599-ae52509888c2,9,dJV_eR-,Text,11,"2.2.1 In October 2020, MTRCL appointed AECOM Asia Co. Ltd (hereunder referred AECOM) to carry out the Preliminary Design and Reference Design for the Tuen Ma Extension project.","<p>2.2.1 In October 2020, MTRCL appointed AECOM Asia Co. Ltd (hereunder referred AECOM) to carry out the Preliminary Design and Reference Design for the Tuen Ma Extension project.</p>","2.2.1 In October 2020, MTRCL appointed AECOM Asia Co. Ltd (hereunder referred AECOM) to carry out the Preliminary Design and Reference Design for the Tuen Ma Extension project.",,142.4016,1160.3665,1012.70874,52.790405
84fc28c9-0889-4a7b-9599-ae52509888c2,10,t8Cf_wF,Text,11,"2.2.2 This Report has been prepared in line with Building Services key deliverable items 2.4B as defined in the Scope of Services document and describes the ongoing development of the Building Services required for the overall ""C1501 Consultancy Agreement - Tuen Ma Extension"".","<p>2.2.2 This Report has been prepared in line with Building Services key deliverable items 2.4B as defined in the Scope of Services document and describes the ongoing development of the Building Services required for the overall ""C1501 Consultancy Agreement - Tuen Ma Extension"".</p>","2.2.2 This Report has been prepared in line with Building Services key deliverable items 2.4B as defined in the Scope of Services document and describes the ongoing development of the Building Services required for the overall ""C1501 Consultancy Agreement - Tuen Ma Extension"".",,142.2576,1236.2256,1013.1697,80.89917
84fc28c9-0889-4a7b-9599-ae52509888c2,11,vqxp0n6,Text,11,2.2.3 This Report summarizes all design information and user requirements received to date. The Report been prepared based on the following information:,<p>2.2.3 This Report summarizes all design information and user requirements received to date. The Report been prepared based on the following information:</p>,2.2.3 This Report summarizes all design information and user requirements received to date. The Report been prepared based on the following information:,,142.0128,1342.6272,1013.6592,52.113647
84fc28c9-0889-4a7b-9599-ae52509888c2,12,Xz6rhoW,Text,11,. Systemwide E&M Plantroom Schedules (Issue D) received from MTR on 16 April 2021,<p>. Systemwide E&M Plantroom Schedules (Issue D) received from MTR on 16 April 2021</p>,. Systemwide E&M Plantroom Schedules (Issue D) received from MTR on 16 April 2021,,251.2512,1424.232,798.8688,24.03357
84fc28c9-0889-4a7b-9599-ae52509888c2,13,ACx_8hn,Text,11,· Systemwide E&M Equipment Power Demand Schedules (Issue H) received from MTR on 28 Oct 2021,<p>· Systemwide E&M Equipment Power Demand Schedules (Issue H) received from MTR on 28 Oct 2021</p>,· Systemwide E&M Equipment Power Demand Schedules (Issue H) received from MTR on 28 Oct 2021,,251.3088,1463.5872,904.4208,47.577637
84fc28c9-0889-4a7b-9599-ae52509888c2,14,UtEF3qM,Text,11,· Systemwide E&M Equipment Heat Dissipation Schedules (Issue D) received from MTR on 5 May 2021,<p>· Systemwide E&M Equipment Heat Dissipation Schedules (Issue D) received from MTR on 5 May 2021</p>,· Systemwide E&M Equipment Heat Dissipation Schedules (Issue D) received from MTR on 5 May 2021,,1332.2303,185.6016,905.6593,47.13121
84fc28c9-0889-4a7b-9599-ae52509888c2,15,ILTp3Ge,Text,11,. TECS Trackway Schematic for A16 (Worst scenario) received from MTR on 18 Jan 2021 and Jun 2022,<p>. TECS Trackway Schematic for A16 (Worst scenario) received from MTR on 18 Jan 2021 and Jun 2022</p>,. TECS Trackway Schematic for A16 (Worst scenario) received from MTR on 18 Jan 2021 and Jun 2022,,1332.072,251.4384,905.688,48.672012
84fc28c9-0889-4a7b-9599-ae52509888c2,16,dZOx_vZ,Text,11,· Systemwide E&M Cable Containment Schedules (Issue E) received from MTR on 26 Oct 2021,<p>· Systemwide E&M Cable Containment Schedules (Issue E) received from MTR on 26 Oct 2021</p>,· Systemwide E&M Cable Containment Schedules (Issue E) received from MTR on 26 Oct 2021,,1332.8784,318.2976,863.53906,24.739197
84fc28c9-0889-4a7b-9599-ae52509888c2,17,TKOG1ZW,Text,11,· Architectural and Structural layouts for A16 Station (Work in progress station layout in Mar 2022),<p>· Architectural and Structural layouts for A16 Station (Work in progress station layout in Mar 2022)</p>,· Architectural and Structural layouts for A16 Station (Work in progress station layout in Mar 2022),,1332.8064,358.5168,904.8528,25.80478
a96d117e-0a86-42c0-a108-338c527fccb9,0,wwv5IkH,SectionHeader,11,## 2.2.4 This Report has been organized to present the following detail:,<h2>2.2.4 This Report has been organized to present the following detail:</h2>,## 2.2.4 This Report has been organized to present the following detail:,,1223.5104,408.7584,672.36487,26.092804
a96d117e-0a86-42c0-a108-338c527fccb9,1,CIS4KVq,Text,11,". Section 3 highlights the appropriate design standards, codes and criteria that will be administered during the detailed design process.","<p>. Section 3 highlights the appropriate design standards, codes and criteria that will be administered during the detailed design process.</p>",". Section 3 highlights the appropriate design standards, codes and criteria that will be administered during the detailed design process.",,1332.5472,462.3408,905.7167,52.948822
a96d117e-0a86-42c0-a108-338c527fccb9,2,EHFEa96,Text,11,". Based on the architectural design drawings, input from the MTR Systemwide Teams, estimated station patronage (information is pending for MTR), the cooling load and electricity demand of the station have been estimated. Sections 4 and 5 present the ECS simulation and initial power supply requirements respectively.","<p>. Based on the architectural design drawings, input from the MTR Systemwide Teams, estimated station patronage (information is pending for MTR), the cooling load and electricity demand of the station have been estimated. Sections 4 and 5 present the ECS simulation and initial power supply requirements respectively.</p>",". Based on the architectural design drawings, input from the MTR Systemwide Teams, estimated station patronage (information is pending for MTR), the cooling load and electricity demand of the station have been estimated. Sections 4 and 5 present the ECS simulation and initial power supply requirements respectively.",,1332.792,529.8912,906.1775,106.1568
a96d117e-0a86-42c0-a108-338c527fccb9,3,NV6lNOS,Text,11,". The general design principles, approach and design schemes for the Environmental Control Systems, Fire Services, Plumbing and Drainage Systems and Electrical Services at A16 station are presented in Sections 6, 7, 8 and 9 respectively.","<p>. The general design principles, approach and design schemes for the Environmental Control Systems, Fire Services, Plumbing and Drainage Systems and Electrical Services at A16 station are presented in Sections 6, 7, 8 and 9 respectively.</p>",". The general design principles, approach and design schemes for the Environmental Control Systems, Fire Services, Plumbing and Drainage Systems and Electrical Services at A16 station are presented in Sections 6, 7, 8 and 9 respectively.",,1332.3024,650.016,906.4513,79.963196
a96d117e-0a86-42c0-a108-338c527fccb9,4,UN0Wu-B,Text,11,". The necessary utilities connections (i.e. electricity, telecommunications, water and drainage) for A16 station are identified and described in Section 10.","<p>. The necessary utilities connections (i.e. electricity, telecommunications, water and drainage) for A16 station are identified and described in Section 10.</p>",". The necessary utilities connections (i.e. electricity, telecommunications, water and drainage) for A16 station are identified and described in Section 10.",,1332.4752,744.0192,905.68787,50.990356
a96d117e-0a86-42c0-a108-338c527fccb9,5,cZ4pFwi,Text,11,. The necessary BS interfaces with the Systemwide E&M Systems are summarized in Section 11.,<p>. The necessary BS interfaces with the Systemwide E&M Systems are summarized in Section 11.</p>,. The necessary BS interfaces with the Systemwide E&M Systems are summarized in Section 11.,,1332.7776,811.3392,878.90405,24.768005
a96d117e-0a86-42c0-a108-338c527fccb9,6,2koXqBe,Text,11,. The impacts of the BS Systems on the surrounding environment at A16 station are identified and suggested measures for mitigating/reducing these impacts are described in Section 12.,<p>. The impacts of the BS Systems on the surrounding environment at A16 station are identified and suggested measures for mitigating/reducing these impacts are described in Section 12.</p>,. The impacts of the BS Systems on the surrounding environment at A16 station are identified and suggested measures for mitigating/reducing these impacts are described in Section 12.,,1332.6191,850.3776,905.3425,52.631958
a96d117e-0a86-42c0-a108-338c527fccb9,7,P17kUBd,Text,11,". Major plant and equipment schedules including the performance requirements, dimensions, operating weight and loading are summarized in Section 13. Also included is a summary of the major plant and equipment delivery schedules.","<p>. Major plant and equipment schedules including the performance requirements, dimensions, operating weight and loading are summarized in Section 13. Also included is a summary of the major plant and equipment delivery schedules.</p>",". Major plant and equipment schedules including the performance requirements, dimensions, operating weight and loading are summarized in Section 13. Also included is a summary of the major plant and equipment delivery schedules.",,1332.8352,917.8128,904.6655,79.11359
a96d117e-0a86-42c0-a108-338c527fccb9,8,IfqfLUi,Text,11,". Appendices E to K summarize all design information and user requirements including BS and Systemwide E&M plant room schedules; Systemwide E&M heat dissipation and power demand Schedules; TECS trackway schematic and power demand; utility services application and station based control system architecture, etc.","<p>. Appendices E to K summarize all design information and user requirements including BS and Systemwide E&M plant room schedules; Systemwide E&M heat dissipation and power demand Schedules; TECS trackway schematic and power demand; utility services application and station based control system architecture, etc.</p>",". Appendices E to K summarize all design information and user requirements including BS and Systemwide E&M plant room schedules; Systemwide E&M heat dissipation and power demand Schedules; TECS trackway schematic and power demand; utility services application and station based control system architecture, etc.",,1332.432,1011.1536,905.2992,105.78241
a96d117e-0a86-42c0-a108-338c527fccb9,9,gvNxyqo,Text,11,"· Building services drawings including major equipment layouts, system schematics, major services distribution routes, major plant and equipment delivery routes are provided in separate volumes of this report.","<p>· Building services drawings including major equipment layouts, system schematics, major services distribution routes, major plant and equipment delivery routes are provided in separate volumes of this report.</p>","· Building services drawings including major equipment layouts, system schematics, major services distribution routes, major plant and equipment delivery routes are provided in separate volumes of this report.",,1332.8352,1132.2,905.2417,77.774414
a96d117e-0a86-42c0-a108-338c527fccb9,10,7erfgy_,Text,11,". The feeder station location near south end of A16 Station is being coordinated with MTR and CLP, details will be separately presented in the Trackside Auxiliaries Design Report.","<p>. The feeder station location near south end of A16 Station is being coordinated with MTR and CLP, details will be separately presented in the Trackside Auxiliaries Design Report.</p>",". The feeder station location near south end of A16 Station is being coordinated with MTR and CLP, details will be separately presented in the Trackside Auxiliaries Design Report.",,1332.1008,1225.1232,904.75195,52.315186
a96d117e-0a86-42c0-a108-338c527fccb9,11,ohJ1uJp,PageFooter,11,Rev. A,"<div class=""page-footer"">Rev. A</div>",Rev. A,,142.3296,1601.4816,58.752,18.691284
a96d117e-0a86-42c0-a108-338c527fccb9,12,vgjPPHy,PageFooter,11,Page 2,"<div class=""page-footer"">Page 2</div>",Page 2,,1157.4432,1601.64,61.185547,21.009644
a96d117e-0a86-42c0-a108-338c527fccb9,13,FJwOEno,PageFooter,11,January 2023,"<div class=""page-footer"">January 2023</div>",January 2023,,2111.688,1600.6176,123.10571,22.176025
a96d117e-0a86-42c0-a108-338c527fccb9,14,KpqE6Xs,Text,12,AECOM,<p>AECOM</p>,AECOM,,140.256,49.9824,163.32481,41.5728
a96d117e-0a86-42c0-a108-338c527fccb9,15,pZCIoki,PageHeader,12,Consultancy Agreement No. C1501 Design Services for Tuen Ma Extension 2.4C A16 Reference Design Building Services Design Final Report with Federated Design Model and Drawings,"<div class=""page-header"">Consultancy Agreement No. C1501 Design Services for Tuen Ma Extension 2.4C A16 Reference Design Building Services Design Final Report with Federated Design Model and Drawings</div>",Consultancy Agreement No. C1501 Design Services for Tuen Ma Extension 2.4C A16 Reference Design Building Services Design Final Report with Federated Design Model and Drawings,,1259.2656,59.0112,978.42236,79.44479
f9da4daa-a3d7-498d-a1ea-f8d9a1fc4af0,0,QNYlWOw,SectionHeader,12,## 3 DESIGN PARAMETERS,<h2>3 DESIGN PARAMETERS</h2>,## 3 DESIGN PARAMETERS,,142.5168,183.6144,364.464,26.208008
f9da4daa-a3d7-498d-a1ea-f8d9a1fc4af0,1,9by7Vnv,SectionHeader,12,## 3.1 General,<h2>3.1 General</h2>,## 3.1 General,,142.0992,241.776,189.50401,21.844788
f9da4daa-a3d7-498d-a1ea-f8d9a1fc4af0,2,ZyOfKPn,Text,12,3.1.1 The following section sets out the design parameters which form the basis of the Building Services (BS) design for the C1501 Works Contract.,<p>3.1.1 The following section sets out the design parameters which form the basis of the Building Services (BS) design for the C1501 Works Contract.</p>,3.1.1 The following section sets out the design parameters which form the basis of the Building Services (BS) design for the C1501 Works Contract.,,142.0704,292.7376,1012.79517,52.30078
f9da4daa-a3d7-498d-a1ea-f8d9a1fc4af0,3,USHeSm2,Text,12,3.1.2 A16 Station Building Services design will be provided in line with the following design parameters as defined in the MTR Design Standards Manual for New Works and Major Asset Replacement Works (NW&MARWDSM) and as provided by MTR Systemwide throughout the preliminary design process.,<p>3.1.2 A16 Station Building Services design will be provided in line with the following design parameters as defined in the MTR Design Standards Manual for New Works and Major Asset Replacement Works (NW&MARWDSM) and as provided by MTR Systemwide throughout the preliminary design process.</p>,3.1.2 A16 Station Building Services design will be provided in line with the following design parameters as defined in the MTR Design Standards Manual for New Works and Major Asset Replacement Works (NW&MARWDSM) and as provided by MTR Systemwide throughout the preliminary design process.,,142.2432,371.016,1013.2273,78.68161
f9da4daa-a3d7-498d-a1ea-f8d9a1fc4af0,4,wkr8smo,Text,12,"3.1.3 The Building Services systems will be designed to be reliable and robust incorporating plant and equipment that are energy efficient, easy to operate and maintainable whilst continuously supporting the important operating functions.","<p>3.1.3 The Building Services systems will be designed to be reliable and robust incorporating plant and equipment that are energy efficient, easy to operate and maintainable whilst continuously supporting the important operating functions.</p>","3.1.3 The Building Services systems will be designed to be reliable and robust incorporating plant and equipment that are energy efficient, easy to operate and maintainable whilst continuously supporting the important operating functions.",,142.2432,474.2496,1013.3856,79.991974
f9da4daa-a3d7-498d-a1ea-f8d9a1fc4af0,5,CuqT5eM,Text,12,3.1.4 The following design parameters are to be reviewed and fully signed off by MTR before the commencement of the Detailed Design.,<p>3.1.4 The following design parameters are to be reviewed and fully signed off by MTR before the commencement of the Detailed Design.</p>,3.1.4 The following design parameters are to be reviewed and fully signed off by MTR before the commencement of the Detailed Design.,,142.3584,578.8512,1012.9248,52.646423
647a5bb4-a404-472b-b417-3724740ef3c5,0,71P-sNM,SectionHeader,12,## 3.2 Environmental Control System (ECS),<h2>3.2 Environmental Control System (ECS)</h2>,## 3.2 Environmental Control System (ECS),,142.3296,657.3888,470.0304,26.697632
647a5bb4-a404-472b-b417-3724740ef3c5,1,wla9k-U,SectionHeader,12,## 3.2.1,<h2>3.2.1</h2>,## 3.2.1,,142.704,711.8928,45.84961,20.462402
647a5bb4-a404-472b-b417-3724740ef3c5,2,LQYEOKT,SectionHeader,12,## Design Objectives,<h2>Design Objectives</h2>,## Design Objectives,,250.0848,711.2736,161.5536,23.975952
647a5bb4-a404-472b-b417-3724740ef3c5,3,FKs5CRH,Text,12,(a) The Environmental Control Systems will provide:,<p>(a) The Environmental Control Systems will provide:</p>,(a) The Environmental Control Systems will provide:,,142.7616,760.896,543.816,25.22882
647a5bb4-a404-472b-b417-3724740ef3c5,4,841uADG,Text,12,· A comfortable environment for passengers and personnel working therein,<p>· A comfortable environment for passengers and personnel working therein</p>,· A comfortable environment for passengers and personnel working therein,,250.7328,803.7792,701.64,24.436829
647a5bb4-a404-472b-b417-3724740ef3c5,5,K5rwYWY,Text,12,. A suitable environment for the normal operation of equipment,<p>. A suitable environment for the normal operation of equipment</p>,. A suitable environment for the normal operation of equipment,,250.9056,843.8112,601.2,23.515198
647a5bb4-a404-472b-b417-3724740ef3c5,6,mfzofs_,Text,12,. A tolerable environment in the Station in the event of mechanical cooling failure,<p>. A tolerable environment in the Station in the event of mechanical cooling failure</p>,. A tolerable environment in the Station in the event of mechanical cooling failure,,251.1648,883.2384,756.36,24.465576
647a5bb4-a404-472b-b417-3724740ef3c5,7,RoBp6VC,Text,12,". An evacuation path for passengers and personnel, free of smoke and hot gas, in the event of fire","<p>. An evacuation path for passengers and personnel, free of smoke and hot gas, in the event of fire</p>",". An evacuation path for passengers and personnel, free of smoke and hot gas, in the event of fire",,251.1648,923.472,898.61755,24.364807
647a5bb4-a404-472b-b417-3724740ef3c5,8,s0F_uLN,Text,12,· An energy efficient design,<p>· An energy efficient design</p>,· An energy efficient design,,251.496,964.6992,269.76962,23.731201
647a5bb4-a404-472b-b417-3724740ef3c5,9,pZKZfcE,Text,12,. Ensure system maintainability and reliability,<p>. Ensure system maintainability and reliability</p>,. Ensure system maintainability and reliability,,250.9488,1004.3712,432.92163,23.817627
f5a1da12-3f4b-4ecd-9dcb-0b35cf2ff5a0,0,68a4Y4S,SectionHeader,12,## 3.2.2 Design Standards,<h2>3.2.2 Design Standards</h2>,## 3.2.2 Design Standards,,142.1424,1054.7136,265.5504,24.019165
f5a1da12-3f4b-4ecd-9dcb-0b35cf2ff5a0,1,dbK6PTt,Text,12,(a),<p>(a)</p>,(a),,142.776,1105.3872,25.084793,24.23523
f5a1da12-3f4b-4ecd-9dcb-0b35cf2ff5a0,2,zwA9937,Text,12,The ECS design will be provided in accordance with the following Standards and References:,<p>The ECS design will be provided in accordance with the following Standards and References:</p>,The ECS design will be provided in accordance with the following Standards and References:,,248.4864,1104.6672,825.62396,24.767944
f5a1da12-3f4b-4ecd-9dcb-0b35cf2ff5a0,3,seeZy2W,Text,12,· MTR - Design Standards Manual for New Works and Major Asset Replacement Works (NW&MARWDSM) - Sections 7 Electrical and Mechanical Systems (Revision A2),<p>· MTR - Design Standards Manual for New Works and Major Asset Replacement Works (NW&MARWDSM) - Sections 7 Electrical and Mechanical Systems (Revision A2)</p>,· MTR - Design Standards Manual for New Works and Major Asset Replacement Works (NW&MARWDSM) - Sections 7 Electrical and Mechanical Systems (Revision A2),,251.1216,1146.7728,904.5792,52.15674
f5a1da12-3f4b-4ecd-9dcb-0b35cf2ff5a0,4,GlXK0YU,Text,12,· MTR - Materials and Workmanship Specifications for Building Services,<p>· MTR - Materials and Workmanship Specifications for Building Services</p>,· MTR - Materials and Workmanship Specifications for Building Services,,250.7328,1213.8624,667.4544,24.119995
f5a1da12-3f4b-4ecd-9dcb-0b35cf2ff5a0,5,S-69n8I,Text,12,"· Recommendations of the Guides and Data Book published by the Chartered Institution of Building Services Engineers (CIBSE), UK","<p>· Recommendations of the Guides and Data Book published by the Chartered Institution of Building Services Engineers (CIBSE), UK</p>","· Recommendations of the Guides and Data Book published by the Chartered Institution of Building Services Engineers (CIBSE), UK",,250.7904,1253.8224,905.2704,51.753662
f5a1da12-3f4b-4ecd-9dcb-0b35cf2ff5a0,6,Y1dia8u,Text,12,". Recommendations of the Guides and Data Book published by the American Society of Heating, Refrigerating and Air Conditioning Engineers (ASHRAE), USA","<p>. Recommendations of the Guides and Data Book published by the American Society of Heating, Refrigerating and Air Conditioning Engineers (ASHRAE), USA</p>",". Recommendations of the Guides and Data Book published by the American Society of Heating, Refrigerating and Air Conditioning Engineers (ASHRAE), USA",,250.704,1320.0624,903.2544,53.567993
f5a1da12-3f4b-4ecd-9dcb-0b35cf2ff5a0,7,u22DHj9,Text,12,"· Codes of Practice for Minimum Fire Service Installations and Equipment and Inspection, Testing and Maintenance of Installations and Equipment, 2012 Edition, issued by the Fire Services Department (FSD), Hong Kong","<p>· Codes of Practice for Minimum Fire Service Installations and Equipment and Inspection, Testing and Maintenance of Installations and Equipment, 2012 Edition, issued by the Fire Services Department (FSD), Hong Kong</p>","· Codes of Practice for Minimum Fire Service Installations and Equipment and Inspection, Testing and Maintenance of Installations and Equipment, 2012 Edition, issued by the Fire Services Department (FSD), Hong Kong",,250.6032,1387.2672,904.99677,79.30078
f5a1da12-3f4b-4ecd-9dcb-0b35cf2ff5a0,8,DX8x4vz,Text,12,"· Guidelines on Formulation of Fire Safety Requirements for New Railway Infrastructures October 2016 Edition issued by the Fire Services Department (FSD), Hong Kong","<p>· Guidelines on Formulation of Fire Safety Requirements for New Railway Infrastructures October 2016 Edition issued by the Fire Services Department (FSD), Hong Kong</p>","· Guidelines on Formulation of Fire Safety Requirements for New Railway Infrastructures October 2016 Edition issued by the Fire Services Department (FSD), Hong Kong",,250.9632,1480.968,904.89606,51.811157
f5a1da12-3f4b-4ecd-9dcb-0b35cf2ff5a0,9,HkKTA7s,Text,12,"· FSD Circular Letters issued by the Fire Services Department (FSD), Hong Kong","<p>· FSD Circular Letters issued by the Fire Services Department (FSD), Hong Kong</p>","· FSD Circular Letters issued by the Fire Services Department (FSD), Hong Kong",,251.1936,1547.9424,725.5872,24.60962
f5a1da12-3f4b-4ecd-9dcb-0b35cf2ff5a0,10,LhL36Bj,Text,12,". Code of Practice for Fire Safety in Buildings 2011, issued by the Buildings Department","<p>. Code of Practice for Fire Safety in Buildings 2011, issued by the Buildings Department</p>",". Code of Practice for Fire Safety in Buildings 2011, issued by the Buildings Department",,1332.072,184.9824,800.32324,24.8544
f5a1da12-3f4b-4ecd-9dcb-0b35cf2ff5a0,11,_mHzNJD,Text,12,. Noise Control Ordinance (Cap.400),<p>. Noise Control Ordinance (Cap.400)</p>,. Noise Control Ordinance (Cap.400),,1333.6128,225.8496,348.1488,23.29921
f5a1da12-3f4b-4ecd-9dcb-0b35cf2ff5a0,12,oM2jIRV,Text,12,"· Electricity Ordinance (Cap.406), and other subsidiary legislations made under the Ordinance","<p>· Electricity Ordinance (Cap.406), and other subsidiary legislations made under the Ordinance</p>","· Electricity Ordinance (Cap.406), and other subsidiary legislations made under the Ordinance",,1332.5905,265.0896,859.9103,24.68161
f5a1da12-3f4b-4ecd-9dcb-0b35cf2ff5a0,13,A2FHkxZ,Text,12,". Code of Practice for the Electricity (Wiring) Regulations, 2020 Edition, issued by the Electrical and Mechanical Services Department","<p>. Code of Practice for the Electricity (Wiring) Regulations, 2020 Edition, issued by the Electrical and Mechanical Services Department</p>",". Code of Practice for the Electricity (Wiring) Regulations, 2020 Edition, issued by the Electrical and Mechanical Services Department",,1332.9792,304.2,905.12646,52.19998
f5a1da12-3f4b-4ecd-9dcb-0b35cf2ff5a0,14,WmoBJXa,Text,12,"· Code of Practice for Prevention of Legionnaires' Disease, 2021 Edition","<p>· Code of Practice for Prevention of Legionnaires' Disease, 2021 Edition</p>","· Code of Practice for Prevention of Legionnaires' Disease, 2021 Edition",,1332.4896,371.9376,661.31995,24.048004
f5a1da12-3f4b-4ecd-9dcb-0b35cf2ff5a0,15,8QnBtfF,Text,12,". Relevant regulations, requirements and recommendations from Environmental Protection Department (EPD), Hong Kong","<p>. Relevant regulations, requirements and recommendations from Environmental Protection Department (EPD), Hong Kong</p>",". Relevant regulations, requirements and recommendations from Environmental Protection Department (EPD), Hong Kong",,1332.5616,411.8544,905.54407,52.747192
f5a1da12-3f4b-4ecd-9dcb-0b35cf2ff5a0,16,P1lD-_-,Text,12,"· Relevant regulations, requirements and recommendations from Electrical & Mechanical Services Department (EMSD), Hong Kong","<p>· Relevant regulations, requirements and recommendations from Electrical & Mechanical Services Department (EMSD), Hong Kong</p>","· Relevant regulations, requirements and recommendations from Electrical & Mechanical Services Department (EMSD), Hong Kong",,1332.6912,478.1088,905.1697,53.236786
f5a1da12-3f4b-4ecd-9dcb-0b35cf2ff5a0,17,3JGLnPi,Text,12,". Relevant Codes of Practice and Standards of HK, UK, EN and ISO etc.","<p>. Relevant Codes of Practice and Standards of HK, UK, EN and ISO etc.</p>",". Relevant Codes of Practice and Standards of HK, UK, EN and ISO etc.",,1332.7776,545.8464,645.0912,23.515198
f5a1da12-3f4b-4ecd-9dcb-0b35cf2ff5a0,18,C--sKSW,Text,12,"· BS 5588 ""Fire Precautions in the Design of Building"": Part 4 ""Smoke Control in Protected Escape Routes Using Pressurization""","<p>· BS 5588 ""Fire Precautions in the Design of Building"": Part 4 ""Smoke Control in Protected Escape Routes Using Pressurization""</p>","· BS 5588 ""Fire Precautions in the Design of Building"": Part 4 ""Smoke Control in Protected Escape Routes Using Pressurization""",,1332.9937,585.7344,904.9104,50.55841
f5a1da12-3f4b-4ecd-9dcb-0b35cf2ff5a0,19,6DkbzEy,Text,12,"· Relevant British Standards and Codes of Practice, UK","<p>· Relevant British Standards and Codes of Practice, UK</p>","· Relevant British Standards and Codes of Practice, UK",,1333.0944,652.9248,507.39844,22.521606
f5a1da12-3f4b-4ecd-9dcb-0b35cf2ff5a0,20,TyHJLiy,Text,12,· Building (Ventilating System) Regulations under Buildings Ordinance (Hong Kong),<p>· Building (Ventilating System) Regulations under Buildings Ordinance (Hong Kong)</p>,· Building (Ventilating System) Regulations under Buildings Ordinance (Hong Kong),,1331.9424,692.712,762.7825,24.840027
f5a1da12-3f4b-4ecd-9dcb-0b35cf2ff5a0,21,CvoHf1x,Text,12,· Buildings Energy Efficiency Ordinance (Cap.610),<p>· Buildings Energy Efficiency Ordinance (Cap.610)</p>,· Buildings Energy Efficiency Ordinance (Cap.610),,1333.7568,732.96,462.51355,24.292786
f5a1da12-3f4b-4ecd-9dcb-0b35cf2ff5a0,22,TLe0EIP,Text,12,". Code of Practice for Energy Efficiency of Building Services Installation, 2021 Edition, issued by the Electrical and Mechanical Services Department (EMSD), Hong Kong","<p>. Code of Practice for Energy Efficiency of Building Services Installation, 2021 Edition, issued by the Electrical and Mechanical Services Department (EMSD), Hong Kong</p>",". Code of Practice for Energy Efficiency of Building Services Installation, 2021 Edition, issued by the Electrical and Mechanical Services Department (EMSD), Hong Kong",,1333.1232,772.1856,904.7377,52.60321
f5a1da12-3f4b-4ecd-9dcb-0b35cf2ff5a0,23,DwfCRU8,Text,12,· Environmental Impact Assessment Ordinance (Cap.499),<p>· Environmental Impact Assessment Ordinance (Cap.499)</p>,· Environmental Impact Assessment Ordinance (Cap.499),,1333.008,839.4048,534.51355,23.817627
f5a1da12-3f4b-4ecd-9dcb-0b35cf2ff5a0,24,GgTr3UJ,Text,12,3.2.3,<p>3.2.3</p>,3.2.3,,1223.8704,890.352,47.0448,21.600037
f5a1da12-3f4b-4ecd-9dcb-0b35cf2ff5a0,25,4OROcCF,Text,12,Design Criteria and Parameters,<p>Design Criteria and Parameters</p>,Design Criteria and Parameters,,1331.3665,890.064,281.75037,24.119995
9396fab2-0939-49cf-aa19-66f29a01f507,0,qE1OaDn,SectionHeader,12,## Outdoor Design Conditions,<h2>Outdoor Design Conditions</h2>,## Outdoor Design Conditions,,1331.7408,940.8384,245.27515,23.788818
9396fab2-0939-49cf-aa19-66f29a01f507,1,Q9Yq5t1,Text,12,3.2.4,<p>3.2.4</p>,3.2.4,,1223.8127,941.8464,47.577637,20.62085
9396fab2-0939-49cf-aa19-66f29a01f507,2,Zauisls,Text,12,(a),<p>(a)</p>,(a),,1224.5328,991.6992,25.57434,24.552002
9396fab2-0939-49cf-aa19-66f29a01f507,3,VRuxAZ7,Text,12,The outdoor design conditions indicated in Table 3.1 below will form the basis for the ECS design for A16 Station as set out in the NW&MARWDSM 7.8.2.8.1.1.,<p>The outdoor design conditions indicated in Table 3.1 below will form the basis for the ECS design for A16 Station as set out in the NW&MARWDSM 7.8.2.8.1.1.</p>,The outdoor design conditions indicated in Table 3.1 below will form the basis for the ECS design for A16 Station as set out in the NW&MARWDSM 7.8.2.8.1.1.,,1330.7904,991.0656,907.704,49.953552
9396fab2-0939-49cf-aa19-66f29a01f507,4,RIyIpYC,Caption,12,Table 3.1: Outdoor Design Conditions,"<span class=""caption"">Table 3.1: Outdoor Design Conditions</span>",Table 3.1: Outdoor Design Conditions,,1331.136,1062.9937,344.88,23.788696
9396fab2-0939-49cf-aa19-66f29a01f507,5,RQoL7Aa,Table,12,"<table>
  <thead>
    <tr>
      <th>Season</th>
      <th>Ambient Condition</th>
    </tr>
  </thead>
  <tbody>
    <tr>
      <td>Summer</td>
      <td>35°C Dry Bulb & 29°C Wet Bulb</td>
    </tr>
    <tr>
      <td>Winter</td>
      <td>7°C Dry Bulb</td>
    </tr>
  </tbody>
</table>","<table>
  <thead>
    <tr>
      <th>Season</th>
      <th>Ambient Condition</th>
    </tr>
  </thead>
  <tbody>
    <tr>
      <td>Summer</td>
      <td>35°C Dry Bulb & 29°C Wet Bulb</td>
    </tr>
    <tr>
      <td>Winter</td>
      <td>7°C Dry Bulb</td>
    </tr>
  </tbody>
</table>","|        |                             |
|--------|-----------------------------|
| Season | Ambient Condition           |
| Summer | 35℃ Dry Bulb & 29℃ Wet Bulb |
| Winter | 7℃ Dry Bulb                 |",https://storage.googleapis.com/chunkr-prod-bucket/b1e41788-2d6e-4f8e-ad16-2e39fb334c57/5d9ffc1b-8d78-44ef-813d-5174c6bbebed/images/RQoL7Aa.jpg?x-id=GetObject&response-content-disposition=inline&response-content-encoding=utf-8&response-content-type=image%2Fjpeg&X-Amz-Algorithm=AWS4-HMAC-SHA256&X-Amz-Credential=GOOG1EBMQ2D33SPB3VQ4MMVJEKXWQFNK5WS57JRFVYUSD3ZCA76OC3B74IG7C%2F20260119%2Fus-east-1%2Fs3%2Faws4_request&X-Amz-Date=20260119T145120Z&X-Amz-Expires=3600&X-Amz-SignedHeaders=host&X-Amz-Signature=6887ef3af7ba8e6596f7713db3ed1a1ef6b8c42643ebdc724ed7337ec6090a05,1319.832,1099.0367,917.39526,138.55688
9396fab2-0939-49cf-aa19-66f29a01f507,6,Dw_tK8g,Text,12,"(b) The maximum block cooling load for the chiller plant and the maximum peak cooling load for the respective rooms at A16 Station have been calculated using the computer simulation software ""Carrier E2011, Hourly Analysis Program Version 5.10 International Edition"" according to the outdoor design temperature profile for Hong Kong.","<p>(b) The maximum block cooling load for the chiller plant and the maximum peak cooling load for the respective rooms at A16 Station have been calculated using the computer simulation software ""Carrier E2011, Hourly Analysis Program Version 5.10 International Edition"" according to the outdoor design temperature profile for Hong Kong.</p>","(b) The maximum block cooling load for the chiller plant and the maximum peak cooling load for the respective rooms at A16 Station have been calculated using the computer simulation software ""Carrier E2011, Hourly Analysis Program Version 5.10 International Edition"" according to the outdoor design temperature profile for Hong Kong.",,1224.3312,1249.9775,1014.4801,106.96326
9396fab2-0939-49cf-aa19-66f29a01f507,7,J1WF3jz,Text,12,"(c) For cooling load calculations, it will calculate according to the outdoor design temperature profile by ""Carrier E20II"". This programme uses a maximum outdoor design temperature of 35℃ Dry Bulb & 29℃ Wet Bulb (Summer) and 7℃ Dry Bulb (Winter).","<p>(c) For cooling load calculations, it will calculate according to the outdoor design temperature profile by ""Carrier E20II"". This programme uses a maximum outdoor design temperature of 35℃ Dry Bulb & 29℃ Wet Bulb (Summer) and 7℃ Dry Bulb (Winter).</p>","(c) For cooling load calculations, it will calculate according to the outdoor design temperature profile by ""Carrier E20II"". This programme uses a maximum outdoor design temperature of 35℃ Dry Bulb & 29℃ Wet Bulb (Summer) and 7℃ Dry Bulb (Winter).",,1224.6335,1369.9584,1013.37134,78.552
9396fab2-0939-49cf-aa19-66f29a01f507,8,au8Or3D,PageFooter,12,Rev. A,"<div class=""page-footer"">Rev. A</div>",Rev. A,,142.128,1601.3232,59.12639,19.09436
9396fab2-0939-49cf-aa19-66f29a01f507,9,RT78mnI,PageFooter,12,Page 3,"<div class=""page-footer"">Page 3</div>",Page 3,,1157.2848,1601.352,61.387207,21.542358
9396fab2-0939-49cf-aa19-66f29a01f507,10,VT5q-k-,PageFooter,12,January 2023,"<div class=""page-footer"">January 2023</div>",January 2023,,2111.6016,1600.5312,123.20654,22.319946
9396fab2-0939-49cf-aa19-66f29a01f507,11,DZcqzNS,Text,13,AECOM,<p>AECOM</p>,AECOM,,139.824,50.04,163.87201,41.457596
9396fab2-0939-49cf-aa19-66f29a01f507,12,GKHwYDD,PageHeader,13,Consultancy Agreement No. C1501 Design Services for Tuen Ma Extension 2.4C A16 Reference Design Building Services Design Final Report with Federated Design Model and Drawings,"<div class=""page-header"">Consultancy Agreement No. C1501 Design Services for Tuen Ma Extension 2.4C A16 Reference Design Building Services Design Final Report with Federated Design Model and Drawings</div>",Consultancy Agreement No. C1501 Design Services for Tuen Ma Extension 2.4C A16 Reference Design Building Services Design Final Report with Federated Design Model and Drawings,,1259.0784,58.7952,978.37915,79.531204
be8e6b3d-6e1c-4bf8-9272-142cec79932f,0,0O9F1Bh,SectionHeader,13,## 3.2.5 Indoor Design Conditions,<h2>3.2.5 Indoor Design Conditions</h2>,## 3.2.5 Indoor Design Conditions,,141.8112,182.3616,336.6576,23.039993
be8e6b3d-6e1c-4bf8-9272-142cec79932f,1,OJHMHUL,Text,13,"(a) The indoor design conditions for new works areas including concourse, platform and various rooms are based on NW&MARWDSM Section 7.8.2.8.1.1","<p>(a) The indoor design conditions for new works areas including concourse, platform and various rooms are based on NW&MARWDSM Section 7.8.2.8.1.1</p>","(a) The indoor design conditions for new works areas including concourse, platform and various rooms are based on NW&MARWDSM Section 7.8.2.8.1.1",,142.2144,232.7472,1012.98236,50.112
be8e6b3d-6e1c-4bf8-9272-142cec79932f,2,GaFJDMM,Text,13,(b) The following criteria have been used as the basis for the indoor summer design conditions for the public areas at A16 Station:,<p>(b) The following criteria have been used as the basis for the indoor summer design conditions for the public areas at A16 Station:</p>,(b) The following criteria have been used as the basis for the indoor summer design conditions for the public areas at A16 Station:,,142.4448,298.152,1012.4496,51.638397
be8e6b3d-6e1c-4bf8-9272-142cec79932f,3,K3vTNna,Table,13,"<table>
  <tbody>
    <tr>
      <td>Platform</td>
      <td>:</td>
      <td>25°C Dry Bulb / Max. 65% RH</td>
    </tr>
    <tr>
      <td>Concourse</td>
      <td>:</td>
      <td>26°C Dry Bulb / Max. 65% RH</td>
    </tr>
    <tr>
      <td>Entrance</td>
      <td>:</td>
      <td>26°C Dry Bulb / Max. 65% RH</td>
    </tr>
    <tr>
      <td>Commercial Area</td>
      <td>:</td>
      <td>23°C Dry Bulb / Max. 65% RH</td>
    </tr>
  </tbody>
</table>","<table>
  <tbody>
    <tr>
      <td>Platform</td>
      <td>:</td>
      <td>25°C Dry Bulb / Max. 65% RH</td>
    </tr>
    <tr>
      <td>Concourse</td>
      <td>:</td>
      <td>26°C Dry Bulb / Max. 65% RH</td>
    </tr>
    <tr>
      <td>Entrance</td>
      <td>:</td>
      <td>26°C Dry Bulb / Max. 65% RH</td>
    </tr>
    <tr>
      <td>Commercial Area</td>
      <td>:</td>
      <td>23°C Dry Bulb / Max. 65% RH</td>
    </tr>
  </tbody>
</table>","|                 |     |                             |
|-----------------|-----|-----------------------------|
| Platform        | :   | 25℃ Dry Bulb / Max. 65% RH  |
| Concourse       | :   | 26℃ Dry Bulb / Max. 65% RH  |
| Entrance        | :   | 26°℃ Dry Bulb / Max. 65% RH |
| Commercial Area | :   | 23℃ Dry Bulb / Max. 65% RH  |",https://storage.googleapis.com/chunkr-prod-bucket/b1e41788-2d6e-4f8e-ad16-2e39fb334c57/5d9ffc1b-8d78-44ef-813d-5174c6bbebed/images/K3vTNna.jpg?x-id=GetObject&response-content-disposition=inline&response-content-encoding=utf-8&response-content-type=image%2Fjpeg&X-Amz-Algorithm=AWS4-HMAC-SHA256&X-Amz-Credential=GOOG1EBMQ2D33SPB3VQ4MMVJEKXWQFNK5WS57JRFVYUSD3ZCA76OC3B74IG7C%2F20260119%2Fus-east-1%2Fs3%2Faws4_request&X-Amz-Date=20260119T145120Z&X-Amz-Expires=3600&X-Amz-SignedHeaders=host&X-Amz-Signature=7bbcfd2dd46b5b2b9448ccc45b0e3021d02f11442edbcb1cd219883251770325,318.4128,360.072,600.43677,144.96481
be8e6b3d-6e1c-4bf8-9272-142cec79932f,4,EY0WUXK,Text,13,"(c) Staff and Equipment Rooms will be air-conditioned to meet the criteria stated in the NW&MARWDSM. In general, 25.0℃, 55% + 10% RH will be used as the basis for all Equipment Rooms and Staff Rooms / Offices.","<p>(c) Staff and Equipment Rooms will be air-conditioned to meet the criteria stated in the NW&MARWDSM. In general, 25.0℃, 55% + 10% RH will be used as the basis for all Equipment Rooms and Staff Rooms / Offices.</p>","(c) Staff and Equipment Rooms will be air-conditioned to meet the criteria stated in the NW&MARWDSM. In general, 25.0℃, 55% + 10% RH will be used as the basis for all Equipment Rooms and Staff Rooms / Offices.",,142.704,518.9472,1012.60803,75.772766
be8e6b3d-6e1c-4bf8-9272-142cec79932f,5,hI5-n82,Text,13,"(d) For other areas where mechanical ventilation is required, the ventilation rate is calculated according to the air changes per hour or the minimum air flow rate to achieve an indoor design air temperature of 40℃ maximum.","<p>(d) For other areas where mechanical ventilation is required, the ventilation rate is calculated according to the air changes per hour or the minimum air flow rate to achieve an indoor design air temperature of 40℃ maximum.</p>","(d) For other areas where mechanical ventilation is required, the ventilation rate is calculated according to the air changes per hour or the minimum air flow rate to achieve an indoor design air temperature of 40℃ maximum.",,142.8048,610.992,1012.4784,77.45758
be8e6b3d-6e1c-4bf8-9272-142cec79932f,6,v-pTQth,Text,13,(e) The ECS provisions for individual rooms at A16 station are summarized in Table 3.2.,<p>(e) The ECS provisions for individual rooms at A16 station are summarized in Table 3.2.</p>,(e) The ECS provisions for individual rooms at A16 station are summarized in Table 3.2.,,142.5744,702.7776,854.7552,26.035217
be8e6b3d-6e1c-4bf8-9272-142cec79932f,7,Zl5YTTo,Caption,13,Table 3.2: ECS Provision for Individual Rooms at A16 Station,"<span class=""caption"">Table 3.2: ECS Provision for Individual Rooms at A16 Station</span>",Table 3.2: ECS Provision for Individual Rooms at A16 Station,,248.7888,748.4256,550.2528,23.544006
be8e6b3d-6e1c-4bf8-9272-142cec79932f,8,ojBxsBU,Table,13,"<table>
  <thead>
    <tr>
      <th rowspan=""3"">Room</th>
      <th rowspan=""3"">Design Criteria<br>DB°C / RH</th>
      <th colspan=""4"">ECS Provision</th>
      <th rowspan=""3"">ECS Control Req.<br>(Note 2)</th>
      <th rowspan=""3"">Remark</th>
    </tr>
    <tr>
      <th colspan=""2"">Main</th>
      <th colspan=""2"">Standby</th>
    </tr>
    <tr>
      <th>AC / MV</th>
      <th>ESS / NON-ESS</th>
      <th>AC / MV</th>
      <th>ESS / NON-ESS</th>
    </tr>
  </thead>
  <tbody>
    <tr>
      <td>Entrance</td>
      <td>26°C / Max.<br>65%</td>
      <td>AC</td>
      <td>NON-ESS</td>
      <td>-</td>
      <td>-</td>
      <td>N/A</td>
      <td></td>
    </tr>
    <tr>
      <td>Concourse</td>
      <td>26°C / Max.<br>65%</td>
      <td>AC</td>
      <td>NON-ESS</td>
      <td>-</td>
      <td>-</td>
      <td>N/A</td>
      <td></td>
    </tr>
    <tr>
      <td>Platform</td>
      <td>25°C / Max.<br>65%</td>
      <td>AC</td>
      <td>NON-ESS</td>
      <td>-</td>
      <td>-</td>
      <td>N/A</td>
      <td></td>
    </tr>
    <tr>
      <td>Concession</td>
      <td>AC1</td>
      <td>AC</td>
      <td>NON-ESS</td>
      <td>-</td>
      <td>-</td>
      <td>Type 1</td>
      <td></td>
    </tr>
    <tr>
      <td>F&B</td>
      <td>AC1+MV8</td>
      <td>AC+<br>MV</td>
      <td>NON-ESS</td>
      <td>-</td>
      <td>-</td>
      <td>Type 1</td>
      <td></td>
    </tr>
    <tr>
      <td>Mini Bank</td>
      <td>AC1</td>
      <td>AC</td>
      <td>NON-ESS</td>
      <td>-</td>
      <td>-</td>
      <td>Type 1</td>
      <td></td>
    </tr>
    <tr>
      <td>Fire Control Room (FCR)</td>
      <td>AC3</td>
      <td>AC</td>
      <td>ESS</td>
      <td>AC</td>
      <td>ESS</td>
      <td>Type 2</td>
      <td>Independent Room supply air, pressurized relative to adjacent areas</td>
    </tr>
    <tr>
      <td>Transformer Room <sup>(Note 3)</sup></td>
      <td>MV7</td>
      <td>MV</td>
      <td>ESS</td>
      <td>-</td>
      <td>-</td>
      <td>Type 3</td>
      <td>2 duty fans each min 60% of design flow</td>
    </tr>
  </tbody>
</table>","<table>
  <thead>
    <tr>
      <th rowspan=""3"">Room</th>
      <th rowspan=""3"">Design Criteria<br>DB°C / RH</th>
      <th colspan=""4"">ECS Provision</th>
      <th rowspan=""3"">ECS Control Req.<br>(Note 2)</th>
      <th rowspan=""3"">Remark</th>
    </tr>
    <tr>
      <th colspan=""2"">Main</th>
      <th colspan=""2"">Standby</th>
    </tr>
    <tr>
      <th>AC / MV</th>
      <th>ESS / NON-ESS</th>
      <th>AC / MV</th>
      <th>ESS / NON-ESS</th>
    </tr>
  </thead>
  <tbody>
    <tr>
      <td>Entrance</td>
      <td>26°C / Max.<br>65%</td>
      <td>AC</td>
      <td>NON-ESS</td>
      <td>-</td>
      <td>-</td>
      <td>N/A</td>
      <td></td>
    </tr>
    <tr>
      <td>Concourse</td>
      <td>26°C / Max.<br>65%</td>
      <td>AC</td>
      <td>NON-ESS</td>
      <td>-</td>
      <td>-</td>
      <td>N/A</td>
      <td></td>
    </tr>
    <tr>
      <td>Platform</td>
      <td>25°C / Max.<br>65%</td>
      <td>AC</td>
      <td>NON-ESS</td>
      <td>-</td>
      <td>-</td>
      <td>N/A</td>
      <td></td>
    </tr>
    <tr>
      <td>Concession</td>
      <td>AC1</td>
      <td>AC</td>
      <td>NON-ESS</td>
      <td>-</td>
      <td>-</td>
      <td>Type 1</td>
      <td></td>
    </tr>
    <tr>
      <td>F&B</td>
      <td>AC1+MV8</td>
      <td>AC+<br>MV</td>
      <td>NON-ESS</td>
      <td>-</td>
      <td>-</td>
      <td>Type 1</td>
      <td></td>
    </tr>
    <tr>
      <td>Mini Bank</td>
      <td>AC1</td>
      <td>AC</td>
      <td>NON-ESS</td>
      <td>-</td>
      <td>-</td>
      <td>Type 1</td>
      <td></td>
    </tr>
    <tr>
      <td>Fire Control Room (FCR)</td>
      <td>AC3</td>
      <td>AC</td>
      <td>ESS</td>
      <td>AC</td>
      <td>ESS</td>
      <td>Type 2</td>
      <td>Independent Room supply air, pressurized relative to adjacent areas</td>
    </tr>
    <tr>
      <td>Transformer Room <sup>(Note 3)</sup></td>
      <td>MV7</td>
      <td>MV</td>
      <td>ESS</td>
      <td>-</td>
      <td>-</td>
      <td>Type 3</td>
      <td>2 duty fans each min 60% of design flow</td>
    </tr>
  </tbody>
</table>","|                           |                 |               |               |         |               |                           |                                                                     |
|---------------------------|-----------------|---------------|---------------|---------|---------------|---------------------------|---------------------------------------------------------------------|
| Room                      | Design Criteria | ECS Provision |               |         |               | ECS Control Req. (Note 2) | Remark                                                              |
|                           |                 | Main          |               | Standby |               |                           |                                                                     |
|                           | DBºC / RH       | AC / MV       | ESS / NON-ESS | AC / MV | ESS / NON-ESS |                           |                                                                     |
| Entrance                  | 26°C / Max. 65% | AC            | NON-ESS       | \-      | \-            | N/A                       |                                                                     |
| Concourse                 | 26°C / Max. 65% | AC            | NON-ESS       | \-      | \-            | N/A                       |                                                                     |
| Platform                  | 25°C / Max. 65% | AC            | NON-ESS       | \-      | \-            | N/A                       |                                                                     |
| Concession                | AC1             | AC            | NON-ESS       | \-      | \-            | Type 1                    |                                                                     |
| F&B                       | AC1+MV8         | AC+ MV        | NON-ESS       | \-      | \-            | Type 1                    |                                                                     |
| Mini Bank                 | AC1             | AC            | NON-ESS       | \-      | \-            | Type 1                    |                                                                     |
| Fire Control Room (FCR)   | AC3             | AC            | ESS           | AC      | ESS           | Type 2                    | Independent Room supply air, pressurized relative to adjacent areas |
| Transformer Room (Note 3) | MV7             | MV            | ESS           | \-      | \-            | Type 3                    | 2 duty fans each min 60% of design flow                             |",https://storage.googleapis.com/chunkr-prod-bucket/b1e41788-2d6e-4f8e-ad16-2e39fb334c57/5d9ffc1b-8d78-44ef-813d-5174c6bbebed/images/ojBxsBU.jpg?x-id=GetObject&response-content-disposition=inline&response-content-encoding=utf-8&response-content-type=image%2Fjpeg&X-Amz-Algorithm=AWS4-HMAC-SHA256&X-Amz-Credential=GOOG1EBMQ2D33SPB3VQ4MMVJEKXWQFNK5WS57JRFVYUSD3ZCA76OC3B74IG7C%2F20260119%2Fus-east-1%2Fs3%2Faws4_request&X-Amz-Date=20260119T145120Z&X-Amz-Expires=3600&X-Amz-SignedHeaders=host&X-Amz-Signature=569f86a0f7826200fd4e58f71fd60ce013586c1af84ebd8b7ba436c88ca0af26,248.5728,785.1744,929.3472,775.62726
be8e6b3d-6e1c-4bf8-9272-142cec79932f,9,yuHMIci,Table,13,"<table>
  <thead>
    <tr>
      <th rowspan=""3"">Room</th>
      <th rowspan=""3"">Design Criteria<br>DB°C / RH</th>
      <th colspan=""4"">ECS Provision</th>
      <th rowspan=""3"">ECS Control Req. (Note 2)</th>
      <th rowspan=""3"">Remark</th>
    </tr>
    <tr>
      <th colspan=""2"">Main</th>
      <th colspan=""2"">Standby</th>
    </tr>
    <tr>
      <th>AC / MV</th>
      <th>ESS / NON-ESS</th>
      <th>AC / MV</th>
      <th>ESS / NON-ESS</th>
    </tr>
  </thead>
  <tbody>
    <tr>
      <td>LV Main Switchgear Room</td>
      <td>MV1</td>
      <td>MV</td>
      <td>ESS</td>
      <td>-</td>
      <td>-</td>
      <td>Type 3</td>
      <td>2 duty fans (TEFC, corrosion resistant type) each min 60% of design flow, max. room hydrogen concentration 1%</td>
    </tr>
    <tr>
      <td>ECS Control / TECS Control Room</td>
      <td>AC3</td>
      <td>AC</td>
      <td>ESS</td>
      <td>MV</td>
      <td>ESS</td>
      <td>Type 2</td>
      <td></td>
    </tr>
    <tr>
      <td>UPS Room</td>
      <td>AC3</td>
      <td>AC</td>
      <td>UPS</td>
      <td>AC</td>
      <td>UPS</td>
      <td>Type 5</td>
      <td>Gas (FM200) Purging shall be provided</td>
    </tr>
    <tr>
      <td>Common Telecom Equipment Room (CTER)</td>
      <td>AC3</td>
      <td>AC</td>
      <td>ESS</td>
      <td>AC</td>
      <td>ESS</td>
      <td>Type 2</td>
      <td>Gas (FM200) Purging shall be provided</td>
    </tr>
    <tr>
      <td>Telecom Equipment Room (TER)</td>
      <td>AC3</td>
      <td>AC</td>
      <td>ESS</td>
      <td>AC</td>
      <td>ESS</td>
      <td>Type 2</td>
      <td>Gas (FM200) Purging shall be provided</td>
    </tr>
    <tr>
      <td>Network Equipment Room (NER)</td>
      <td>AC3</td>
      <td>AC</td>
      <td>ESS</td>
      <td>AC</td>
      <td>ESS</td>
      <td>Type 2</td>
      <td>Gas (FM200) Purging shall be provided</td>
    </tr>
    <tr>
      <td>Signalling Equipment Room (SER)</td>
      <td>AC3</td>
      <td>AC</td>
      <td>ESS</td>
      <td>AC</td>
      <td>ESS</td>
      <td>Type 2</td>
      <td>Gas (FM200) Purging shall be provided</td>
    </tr>
    <tr>
      <td>Trackside LV Switch Room</td>
      <td>MV1</td>
      <td>MV</td>
      <td>ESS</td>
      <td>-</td>
      <td>-</td>
      <td>Type 3</td>
      <td>2 duty fans each min 60% of design flow</td>
    </tr>
    <tr>
      <td>Cable Termination Room (CTR)</td>
      <td>AC3</td>
      <td>AC</td>
      <td>ESS</td>
      <td>AC</td>
      <td>ESS</td>
      <td>Type 2</td>
      <td></td>
    </tr>
    <tr>
      <td>Electrical Room</td>
      <td>MV1</td>
      <td>MV</td>
      <td>ESS</td>
      <td>-</td>
      <td>-</td>
      <td>Type 3</td>
      <td>2 duty fans each min 60% of design flow</td>
    </tr>
    <tr>
      <td>Meter Room</td>
      <td>MV2</td>
      <td>MV</td>
      <td>NON-ESS</td>
      <td>-</td>
      <td>-</td>
      <td>Type 7</td>
      <td></td>
    </tr>
    <tr>
      <td>Police Post</td>
      <td>AC3</td>
      <td>AC</td>
      <td>NON-ESS</td>
      <td>-</td>
      <td>-</td>
      <td>Type 2</td>
      <td></td>
    </tr>
    <tr>
      <td>Police Equipment Room</td>
      <td>AC3</td>
      <td>AC</td>
      <td>NON-ESS</td>
      <td>AC</td>
      <td>NON-ESS</td>
      <td>Type 2</td>
      <td></td>
    </tr>
  </tbody>
</table>","<table>
  <thead>
    <tr>
      <th rowspan=""3"">Room</th>
      <th rowspan=""3"">Design Criteria<br>DB°C / RH</th>
      <th colspan=""4"">ECS Provision</th>
      <th rowspan=""3"">ECS Control Req. (Note 2)</th>
      <th rowspan=""3"">Remark</th>
    </tr>
    <tr>
      <th colspan=""2"">Main</th>
      <th colspan=""2"">Standby</th>
    </tr>
    <tr>
      <th>AC / MV</th>
      <th>ESS / NON-ESS</th>
      <th>AC / MV</th>
      <th>ESS / NON-ESS</th>
    </tr>
  </thead>
  <tbody>
    <tr>
      <td>LV Main Switchgear Room</td>
      <td>MV1</td>
      <td>MV</td>
      <td>ESS</td>
      <td>-</td>
      <td>-</td>
      <td>Type 3</td>
      <td>2 duty fans (TEFC, corrosion resistant type) each min 60% of design flow, max. room hydrogen concentration 1%</td>
    </tr>
    <tr>
      <td>ECS Control / TECS Control Room</td>
      <td>AC3</td>
      <td>AC</td>
      <td>ESS</td>
      <td>MV</td>
      <td>ESS</td>
      <td>Type 2</td>
      <td></td>
    </tr>
    <tr>
      <td>UPS Room</td>
      <td>AC3</td>
      <td>AC</td>
      <td>UPS</td>
      <td>AC</td>
      <td>UPS</td>
      <td>Type 5</td>
      <td>Gas (FM200) Purging shall be provided</td>
    </tr>
    <tr>
      <td>Common Telecom Equipment Room (CTER)</td>
      <td>AC3</td>
      <td>AC</td>
      <td>ESS</td>
      <td>AC</td>
      <td>ESS</td>
      <td>Type 2</td>
      <td>Gas (FM200) Purging shall be provided</td>
    </tr>
    <tr>
      <td>Telecom Equipment Room (TER)</td>
      <td>AC3</td>
      <td>AC</td>
      <td>ESS</td>
      <td>AC</td>
      <td>ESS</td>
      <td>Type 2</td>
      <td>Gas (FM200) Purging shall be provided</td>
    </tr>
    <tr>
      <td>Network Equipment Room (NER)</td>
      <td>AC3</td>
      <td>AC</td>
      <td>ESS</td>
      <td>AC</td>
      <td>ESS</td>
      <td>Type 2</td>
      <td>Gas (FM200) Purging shall be provided</td>
    </tr>
    <tr>
      <td>Signalling Equipment Room (SER)</td>
      <td>AC3</td>
      <td>AC</td>
      <td>ESS</td>
      <td>AC</td>
      <td>ESS</td>
      <td>Type 2</td>
      <td>Gas (FM200) Purging shall be provided</td>
    </tr>
    <tr>
      <td>Trackside LV Switch Room</td>
      <td>MV1</td>
      <td>MV</td>
      <td>ESS</td>
      <td>-</td>
      <td>-</td>
      <td>Type 3</td>
      <td>2 duty fans each min 60% of design flow</td>
    </tr>
    <tr>
      <td>Cable Termination Room (CTR)</td>
      <td>AC3</td>
      <td>AC</td>
      <td>ESS</td>
      <td>AC</td>
      <td>ESS</td>
      <td>Type 2</td>
      <td></td>
    </tr>
    <tr>
      <td>Electrical Room</td>
      <td>MV1</td>
      <td>MV</td>
      <td>ESS</td>
      <td>-</td>
      <td>-</td>
      <td>Type 3</td>
      <td>2 duty fans each min 60% of design flow</td>
    </tr>
    <tr>
      <td>Meter Room</td>
      <td>MV2</td>
      <td>MV</td>
      <td>NON-ESS</td>
      <td>-</td>
      <td>-</td>
      <td>Type 7</td>
      <td></td>
    </tr>
    <tr>
      <td>Police Post</td>
      <td>AC3</td>
      <td>AC</td>
      <td>NON-ESS</td>
      <td>-</td>
      <td>-</td>
      <td>Type 2</td>
      <td></td>
    </tr>
    <tr>
      <td>Police Equipment Room</td>
      <td>AC3</td>
      <td>AC</td>
      <td>NON-ESS</td>
      <td>AC</td>
      <td>NON-ESS</td>
      <td>Type 2</td>
      <td></td>
    </tr>
  </tbody>
</table>","|                                      |                 |               |               |         |               |                           |                                                                                                               |
|--------------------------------------|-----------------|---------------|---------------|---------|---------------|---------------------------|---------------------------------------------------------------------------------------------------------------|
| Room                                 | Design Criteria | ECS Provision |               |         |               | ECS Control Req. (Note 2) | Remark                                                                                                        |
|                                      |                 | Main          |               | Standby |               |                           |                                                                                                               |
|                                      | DBºC / RH       | AC / MV       | ESS / NON-ESS | AC / MV | ESS / NON-ESS |                           |                                                                                                               |
| LV Main Switchgear Room              | MV1             | MV            | ESS           | \-      | \-            | Type 3                    | 2 duty fans (TEFC, corrosion resistant type) each min 60% of design flow, max. room hydrogen concentration 1% |
| ECS Control / TECS Control Room      | AC3             | AC            | ESS           | MV      | ESS           | Type 2                    |                                                                                                               |
| UPS Room                             | AC3             | AC            | UPS           | AC      | UPS           | Type 5                    | Gas (FM200) Purging shall be provided                                                                         |
| Common Telecom Equipment Room (CTER) | AC3             | AC            | ESS           | AC      | ESS           | Type 2                    | Gas (FM200) Purging shall be provided                                                                         |
| Telecom Equipment Room (TER)         | AC3             | AC            | ESS           | AC      | ESS           | Type 2                    | Gas (FM200) Purging shall be provided                                                                         |
| Network Equipment Room (NER)         | AC3             | AC            | ESS           | AC      | ESS           | Type 2                    | Gas (FM200) Purging shall be provided                                                                         |
| Signalling Equipment Room (SER)      | AC3             | AC            | ESS           | AC      | ESS           | Type 2                    | Gas (FM200) Purging shall be provided                                                                         |
| Trackside LV Switch Room             | MV1             | MV            | ESS           | \-      | \-            | Type 3                    | 2 duty fans each min 60% of design flow                                                                       |
| Cable Termination Room (CTR)         | AC3             | AC            | ESS           | AC      | ESS           | Type 2                    |                                                                                                               |
| Electrical Room                      | MV1             | MV            | ESS           | \-      | \-            | Type 3                    | 2 duty fans each min 60% of design flow                                                                       |
| Meter Room                           | MV2             | MV            | NON-ESS       | \-      | \-            | Type 7                    |                                                                                                               |
| Police Post                          | AC3             | AC            | NON-ESS       | \-      | \-            | Type 2                    |                                                                                                               |
| Police Equipment Room                | AC3             | AC            | NON-ESS       | AC      | NON-ESS       | Type 2                    |                                                                                                               |",https://storage.googleapis.com/chunkr-prod-bucket/b1e41788-2d6e-4f8e-ad16-2e39fb334c57/5d9ffc1b-8d78-44ef-813d-5174c6bbebed/images/yuHMIci.jpg?x-id=GetObject&response-content-disposition=inline&response-content-encoding=utf-8&response-content-type=image%2Fjpeg&X-Amz-Algorithm=AWS4-HMAC-SHA256&X-Amz-Credential=GOOG1EBMQ2D33SPB3VQ4MMVJEKXWQFNK5WS57JRFVYUSD3ZCA76OC3B74IG7C%2F20260119%2Fus-east-1%2Fs3%2Faws4_request&X-Amz-Date=20260119T145120Z&X-Amz-Expires=3600&X-Amz-SignedHeaders=host&X-Amz-Signature=d524a3adcf980cd8989bd16cf285ed359df850a9bf4058477c9b64d6e5bda9e5,1331.8416,170.3664,929.4048,1376.9568
be8e6b3d-6e1c-4bf8-9272-142cec79932f,10,F61LXpD,PageFooter,13,Rev. A,"<div class=""page-footer"">Rev. A</div>",Rev. A,,142.0272,1601.3951,59.155197,18.878418
be8e6b3d-6e1c-4bf8-9272-142cec79932f,11,mj1gC9u,PageFooter,13,Page 4,"<div class=""page-footer"">Page 4</div>",Page 4,,1157.2992,1601.6688,62.135986,20.937622
be8e6b3d-6e1c-4bf8-9272-142cec79932f,12,Wz3aTgS,PageFooter,13,January 2023,"<div class=""page-footer"">January 2023</div>",January 2023,,2111.8464,1600.488,122.88965,22.36316
be8e6b3d-6e1c-4bf8-9272-142cec79932f,13,9g7uE05,Text,14,AECOM,<p>AECOM</p>,AECOM,,139.752,49.9824,164.24641,41.544
5ef8d910-80a2-4fab-bf1f-ab63712c96a5,0,byyChdr,Table,14,"<table>
  <thead>
    <tr>
      <th rowspan=""3"">Room</th>
      <th rowspan=""2"">Design Criteria</th>
      <th colspan=""4"">ECS Provision</th>
      <th rowspan=""2"">ECS Control Req. (Note 2)</th>
      <th rowspan=""3"">Remark</th>
    </tr>
    <tr>
      <th colspan=""2"">Main</th>
      <th colspan=""2"">Standby</th>
    </tr>
    <tr>
      <th>DB°C / RH</th>
      <th>AC / MV</th>
      <th>ESS / NON-ESS</th>
      <th>AC / MV</th>
      <th>ESS / NON-ESS</th>
    </tr>
  </thead>
  <tbody>
    <tr>
      <td>Police Facility Room</td>
      <td>AC3</td>
      <td>AC</td>
      <td>NON-ESS</td>
      <td>-</td>
      <td>-</td>
      <td>Type 2</td>
      <td></td>
    </tr>
    <tr>
      <td>Audit Revenue Room</td>
      <td>AC3</td>
      <td>AC</td>
      <td>NON-ESS</td>
      <td>-</td>
      <td>-</td>
      <td>Type 2</td>
      <td></td>
    </tr>
    <tr>
      <td>TIM Room</td>
      <td>AC5</td>
      <td>AC</td>
      <td>NON-ESS</td>
      <td>-</td>
      <td>-</td>
      <td>N/A</td>
      <td>Supply air duct branched out from concourse main supply air duct</td>
    </tr>
    <tr>
      <td>PSD Room</td>
      <td>AC3</td>
      <td>AC</td>
      <td>ESS</td>
      <td>MV</td>
      <td>ESS</td>
      <td>Type 3</td>
      <td></td>
    </tr>
    <tr>
      <td>Platform Supervisor Booth</td>
      <td>AC3</td>
      <td>AC</td>
      <td>ESS</td>
      <td>-</td>
      <td>-</td>
      <td>Type 7</td>
      <td></td>
    </tr>
    <tr>
      <td>Chiller Plant Room</td>
      <td>MV1</td>
      <td>MV</td>
      <td>ESS</td>
      <td>-</td>
      <td>-</td>
      <td>Type 4</td>
      <td>2 duty fans each min 60% of design flow</td>
    </tr>
    <tr>
      <td>TECS Air Compressor Room</td>
      <td>MV1</td>
      <td>MV</td>
      <td>ESS</td>
      <td>-</td>
      <td>-</td>
      <td>Type 3</td>
      <td>2 duty fans each min 60% of design flow</td>
    </tr>
    <tr>
      <td>FS Pump and Tank Room</td>
      <td>MV1</td>
      <td>MV</td>
      <td>ESS</td>
      <td>-</td>
      <td>-</td>
      <td>Type 4</td>
      <td>2 duty fans each min 60% of design flow</td>
    </tr>
    <tr>
      <td>Water Pump and Tank Room</td>
      <td>MV2</td>
      <td>MV</td>
      <td>NON-ESS</td>
      <td>-</td>
      <td>-</td>
      <td>Type 3</td>
      <td>2 duty fans each min 60% of design flow</td>
    </tr>
    <tr>
      <td>FS Gas Cylinder Room</td>
      <td>MV1</td>
      <td>MV</td>
      <td>ESS</td>
      <td>-</td>
      <td>-</td>
      <td>Type 5</td>
      <td></td>
    </tr>
    <tr>
      <td>Preaction Sprinkler Valve Room</td>
      <td>MV1</td>
      <td>MV</td>
      <td>ESS</td>
      <td>-</td>
      <td>-</td>
      <td>Type 5</td>
      <td></td>
    </tr>
    <tr>
      <td>Water Meter Room</td>
      <td>MV2</td>
      <td>MV</td>
      <td>NON-ESS</td>
      <td>-</td>
      <td>-</td>
      <td>Type 7</td>
      <td></td>
    </tr>
    <tr>
      <td>Office</td>
      <td>AC3</td>
      <td>AC</td>
      <td>NON-ESS</td>
      <td>-</td>
      <td>-</td>
      <td>Type 7</td>
      <td></td>
    </tr>
    <tr>
      <td>General Equipment Room</td>
      <td>MV2</td>
      <td>MV</td>
      <td>NON-ESS</td>
      <td>-</td>
      <td>-</td>
      <td>Type 7</td>
      <td></td>
    </tr>
    <tr>
      <td>Meeting Room</td>
      <td>AC4</td>
      <td>AC</td>
      <td>NON-ESS</td>
      <td>-</td>
      <td>-</td>
      <td>Type 7</td>
      <td></td>
    </tr>
    <tr>
      <td>Cleaner's Room</td>
      <td>MV2</td>
      <td>MV</td>
      <td>NON-ESS</td>
      <td>-</td>
      <td>-</td>
      <td>Type 7</td>
      <td></td>
    </tr>
    <tr>
      <td>Locker Room</td>
      <td>AC3</td>
      <td>AC</td>
      <td>NON-ESS</td>
      <td>-</td>
      <td>-</td>
      <td>Type 2</td>
      <td></td>
    </tr>
  </tbody>
</table>","<table>
  <thead>
    <tr>
      <th rowspan=""3"">Room</th>
      <th rowspan=""2"">Design Criteria</th>
      <th colspan=""4"">ECS Provision</th>
      <th rowspan=""2"">ECS Control Req. (Note 2)</th>
      <th rowspan=""3"">Remark</th>
    </tr>
    <tr>
      <th colspan=""2"">Main</th>
      <th colspan=""2"">Standby</th>
    </tr>
    <tr>
      <th>DB°C / RH</th>
      <th>AC / MV</th>
      <th>ESS / NON-ESS</th>
      <th>AC / MV</th>
      <th>ESS / NON-ESS</th>
    </tr>
  </thead>
  <tbody>
    <tr>
      <td>Police Facility Room</td>
      <td>AC3</td>
      <td>AC</td>
      <td>NON-ESS</td>
      <td>-</td>
      <td>-</td>
      <td>Type 2</td>
      <td></td>
    </tr>
    <tr>
      <td>Audit Revenue Room</td>
      <td>AC3</td>
      <td>AC</td>
      <td>NON-ESS</td>
      <td>-</td>
      <td>-</td>
      <td>Type 2</td>
      <td></td>
    </tr>
    <tr>
      <td>TIM Room</td>
      <td>AC5</td>
      <td>AC</td>
      <td>NON-ESS</td>
      <td>-</td>
      <td>-</td>
      <td>N/A</td>
      <td>Supply air duct branched out from concourse main supply air duct</td>
    </tr>
    <tr>
      <td>PSD Room</td>
      <td>AC3</td>
      <td>AC</td>
      <td>ESS</td>
      <td>MV</td>
      <td>ESS</td>
      <td>Type 3</td>
      <td></td>
    </tr>
    <tr>
      <td>Platform Supervisor Booth</td>
      <td>AC3</td>
      <td>AC</td>
      <td>ESS</td>
      <td>-</td>
      <td>-</td>
      <td>Type 7</td>
      <td></td>
    </tr>
    <tr>
      <td>Chiller Plant Room</td>
      <td>MV1</td>
      <td>MV</td>
      <td>ESS</td>
      <td>-</td>
      <td>-</td>
      <td>Type 4</td>
      <td>2 duty fans each min 60% of design flow</td>
    </tr>
    <tr>
      <td>TECS Air Compressor Room</td>
      <td>MV1</td>
      <td>MV</td>
      <td>ESS</td>
      <td>-</td>
      <td>-</td>
      <td>Type 3</td>
      <td>2 duty fans each min 60% of design flow</td>
    </tr>
    <tr>
      <td>FS Pump and Tank Room</td>
      <td>MV1</td>
      <td>MV</td>
      <td>ESS</td>
      <td>-</td>
      <td>-</td>
      <td>Type 4</td>
      <td>2 duty fans each min 60% of design flow</td>
    </tr>
    <tr>
      <td>Water Pump and Tank Room</td>
      <td>MV2</td>
      <td>MV</td>
      <td>NON-ESS</td>
      <td>-</td>
      <td>-</td>
      <td>Type 3</td>
      <td>2 duty fans each min 60% of design flow</td>
    </tr>
    <tr>
      <td>FS Gas Cylinder Room</td>
      <td>MV1</td>
      <td>MV</td>
      <td>ESS</td>
      <td>-</td>
      <td>-</td>
      <td>Type 5</td>
      <td></td>
    </tr>
    <tr>
      <td>Preaction Sprinkler Valve Room</td>
      <td>MV1</td>
      <td>MV</td>
      <td>ESS</td>
      <td>-</td>
      <td>-</td>
      <td>Type 5</td>
      <td></td>
    </tr>
    <tr>
      <td>Water Meter Room</td>
      <td>MV2</td>
      <td>MV</td>
      <td>NON-ESS</td>
      <td>-</td>
      <td>-</td>
      <td>Type 7</td>
      <td></td>
    </tr>
    <tr>
      <td>Office</td>
      <td>AC3</td>
      <td>AC</td>
      <td>NON-ESS</td>
      <td>-</td>
      <td>-</td>
      <td>Type 7</td>
      <td></td>
    </tr>
    <tr>
      <td>General Equipment Room</td>
      <td>MV2</td>
      <td>MV</td>
      <td>NON-ESS</td>
      <td>-</td>
      <td>-</td>
      <td>Type 7</td>
      <td></td>
    </tr>
    <tr>
      <td>Meeting Room</td>
      <td>AC4</td>
      <td>AC</td>
      <td>NON-ESS</td>
      <td>-</td>
      <td>-</td>
      <td>Type 7</td>
      <td></td>
    </tr>
    <tr>
      <td>Cleaner's Room</td>
      <td>MV2</td>
      <td>MV</td>
      <td>NON-ESS</td>
      <td>-</td>
      <td>-</td>
      <td>Type 7</td>
      <td></td>
    </tr>
    <tr>
      <td>Locker Room</td>
      <td>AC3</td>
      <td>AC</td>
      <td>NON-ESS</td>
      <td>-</td>
      <td>-</td>
      <td>Type 2</td>
      <td></td>
    </tr>
  </tbody>
</table>","|                                |                 |               |               |         |               |                           |                                                                  |
|--------------------------------|-----------------|---------------|---------------|---------|---------------|---------------------------|------------------------------------------------------------------|
| Room                           | Design Criteria | ECS Provision |               |         |               | ECS Control Req. (Note 2) | Remark                                                           |
|                                |                 | Main          |               | Standby |               |                           |                                                                  |
|                                | DBºC / RH       | AC / MV       | ESS / NON-ESS | AC / MV | ESS / NON-ESS |                           |                                                                  |
| Police Facility Room           | AC3             | AC            | NON-ESS       | \-      | \-            | Type 2                    |                                                                  |
| Audit Revenue Room             | AC3             | AC            | NON-ESS       | \-      | \-            | Type 2                    |                                                                  |
| TIM Room                       | AC5             | AC            | NON-ESS       | \-      | \-            | N/A                       | Supply air duct branched out from concourse main supply air duct |
| PSD Room                       | AC3             | AC            | ESS           | MV      | ESS           | Type 3                    |                                                                  |
| Platform Supervisor Booth      | AC3             | AC            | ESS           | \-      | \-            | Type 7                    |                                                                  |
| Chiller Plant Room             | MV1             | MV            | ESS           | \-      | \-            | Type 4                    | 2 duty fans each min 60% of design flow                          |
| TECS Air Compressor Room       | MV1             | MV            | ESS           | \-      | \-            | Type 3                    | 2 duty fans each min 60% of design flow                          |
| FS Pump and Tank Room          | MV1             | MV            | ESS           | \-      | \-            | Type 4                    | 2 duty fans each min 60% of design flow                          |
| Water Pump and Tank Room       | MV2             | MV            | NON-ESS       | \-      | \-            | Type 3                    | 2 duty fans each min 60% of design flow                          |
| FS Gas Cylinder Room           | MV1             | MV            | ESS           | \-      | \-            | Type 5                    |                                                                  |
| Preaction Sprinkler Valve Room | MV1             | MV            | ESS           | \-      | \-            | Type 5                    |                                                                  |
| Water Meter Room               | MV2             | MV            | NON-ESS       | \-      | \-            | Type 7                    |                                                                  |
| Office                         | AC3             | AC            | NON-ESS       | \-      | \-            | Type 7                    |                                                                  |
| General Equipment Room         | MV2             | MV            | NON-ESS       | \-      | \-            | Type 7                    |                                                                  |
| Meeting Room                   | AC4             | AC            | NON-ESS       | \-      | \-            | Type 7                    |                                                                  |
| Cleaner's Room                 | MV2             | MV            | NON-ESS       | \-      | \-            | Type 7                    |                                                                  |
| Locker Room                    | AC3             | AC            | NON-ESS       | \-      | \-            | Type 2                    |                                                                  |",https://storage.googleapis.com/chunkr-prod-bucket/b1e41788-2d6e-4f8e-ad16-2e39fb334c57/5d9ffc1b-8d78-44ef-813d-5174c6bbebed/images/byyChdr.jpg?x-id=GetObject&response-content-disposition=inline&response-content-encoding=utf-8&response-content-type=image%2Fjpeg&X-Amz-Algorithm=AWS4-HMAC-SHA256&X-Amz-Credential=GOOG1EBMQ2D33SPB3VQ4MMVJEKXWQFNK5WS57JRFVYUSD3ZCA76OC3B74IG7C%2F20260119%2Fus-east-1%2Fs3%2Faws4_request&X-Amz-Date=20260119T145120Z&X-Amz-Expires=3600&X-Amz-SignedHeaders=host&X-Amz-Signature=6268f8682da7c1107fe3e7a593b42279b72e6a49c00eca7e706c838b8f4b722b,248.8464,179.5104,932.2416,1274.5873
5ef8d910-80a2-4fab-bf1f-ab63712c96a5,1,aKfrEmN,Text,14,Consultancy Agreement No. C1501 Design Services for Tuen Ma Extension 2.4C A16 Reference Design Building Services Design Final Report with Federated Design Model and Drawings,<p>Consultancy Agreement No. C1501 Design Services for Tuen Ma Extension 2.4C A16 Reference Design Building Services Design Final Report with Federated Design Model and Drawings</p>,Consultancy Agreement No. C1501 Design Services for Tuen Ma Extension 2.4C A16 Reference Design Building Services Design Final Report with Federated Design Model and Drawings,,1259.1504,59.0976,978.2783,79.1136
5ef8d910-80a2-4fab-bf1f-ab63712c96a5,2,_FcEdaM,Table,14,"<table>
  <thead>
    <tr>
      <th rowspan=""3"">Room</th>
      <th rowspan=""3"">Design Criteria<br>DB°C / RH</th>
      <th colspan=""4"">ECS Provision</th>
      <th rowspan=""3"">ECS Control Req.<br>(Note 2)</th>
      <th rowspan=""3"">Remark</th>
    </tr>
    <tr>
      <th colspan=""2"">Main</th>
      <th colspan=""2"">Standby</th>
    </tr>
    <tr>
      <th>AC / MV</th>
      <th>ESS / NON-ESS</th>
      <th>AC / MV</th>
      <th>ESS / NON-ESS</th>
    </tr>
  </thead>
  <tbody>
    <tr>
      <td rowspan=""2"">Toilet (Public)</td>
      <td rowspan=""2"">AC6+MV6</td>
      <td rowspan=""2"">AC+<br>MV</td>
      <td rowspan=""2"">NON-ESS</td>
      <td rowspan=""2"">-</td>
      <td rowspan=""2"">-</td>
      <td rowspan=""2"">Type 2</td>
      <td>Low level extract at each WC cubicle if feasible, air purifier, heat recovery unit if feasible</td>
    </tr>
    <tr>
      <td>Segregated extract system</td>
    </tr>
    <tr>
      <td>Baby Care Room</td>
      <td>AC6+MV6</td>
      <td>AC+<br>MV</td>
      <td>NON-ESS</td>
      <td>-</td>
      <td>-</td>
      <td>Type 2</td>
      <td>Segregated extract system</td>
    </tr>
    <tr>
      <td>Toilet (Staff)</td>
      <td>MV6</td>
      <td>MV</td>
      <td>NON-ESS</td>
      <td>-</td>
      <td>-</td>
      <td>Type 5</td>
      <td>Segregated extract system</td>
    </tr>
    <tr>
      <td>Mess Room</td>
      <td>AC3</td>
      <td>AC</td>
      <td>NON-ESS</td>
      <td>-</td>
      <td>-</td>
      <td>Type 7</td>
      <td></td>
    </tr>
    <tr>
      <td>Mess Room for Tenant</td>
      <td>AC3</td>
      <td>AC</td>
      <td>NON-ESS</td>
      <td>-</td>
      <td>-</td>
      <td>Type 7</td>
      <td></td>
    </tr>
    <tr>
      <td>Waiting Room</td>
      <td>AC3</td>
      <td>AC</td>
      <td>NON-ESS</td>
      <td>-</td>
      <td>-</td>
      <td>Type 7</td>
      <td></td>
    </tr>
    <tr>
      <td>Store Room</td>
      <td>MV2</td>
      <td>MV</td>
      <td>NON-ESS</td>
      <td>-</td>
      <td>-</td>
      <td>Type 7</td>
      <td></td>
    </tr>
    <tr>
      <td>Advertising Panel Store</td>
      <td>MV2</td>
      <td>MV</td>
      <td>NON-ESS</td>
      <td>-</td>
      <td>-</td>
      <td>Type 7</td>
      <td></td>
    </tr>
    <tr>
      <td>Advertising Equipment Room</td>
      <td>AC3</td>
      <td>AC</td>
      <td>NON-ESS</td>
      <td></td>
      <td></td>
      <td>Type 7</td>
      <td></td>
    </tr>
    <tr>
      <td>Refuse Store</td>
      <td>MV5</td>
      <td>MV</td>
      <td>NON-ESS</td>
      <td>-</td>
      <td>-</td>
      <td>Type 5</td>
      <td>Segregated extract system completed with activated carbon filter.</td>
    </tr>
    <tr>
      <td>Workshop</td>
      <td>AC3</td>
      <td>AC</td>
      <td>NON-ESS</td>
      <td>-</td>
      <td>-</td>
      <td>Type 7</td>
      <td></td>
    </tr>
    <tr>
      <td>Common Workshop</td>
      <td>AC3</td>
      <td>AC</td>
      <td>NON-ESS</td>
      <td>-</td>
      <td>-</td>
      <td>Type 7</td>
      <td></td>
    </tr>
    <tr>
      <td>Wiring Closet</td>
      <td>AC3</td>
      <td>AC</td>
      <td>ESS</td>
      <td>AC</td>
      <td>ESS</td>
      <td>Type 2</td>
      <td>Transfer conditioned air from FOH as standby A/C is also acceptable.</td>
    </tr>
    <tr>
      <td>Lift Shaft</td>
      <td>MV3</td>
      <td>MV</td>
      <td>NON-ESS</td>
      <td>-</td>
      <td>-</td>
      <td>Type 3</td>
      <td></td>
    </tr>
  </tbody>
</table>","<table>
  <thead>
    <tr>
      <th rowspan=""3"">Room</th>
      <th rowspan=""3"">Design Criteria<br>DB°C / RH</th>
      <th colspan=""4"">ECS Provision</th>
      <th rowspan=""3"">ECS Control Req.<br>(Note 2)</th>
      <th rowspan=""3"">Remark</th>
    </tr>
    <tr>
      <th colspan=""2"">Main</th>
      <th colspan=""2"">Standby</th>
    </tr>
    <tr>
      <th>AC / MV</th>
      <th>ESS / NON-ESS</th>
      <th>AC / MV</th>
      <th>ESS / NON-ESS</th>
    </tr>
  </thead>
  <tbody>
    <tr>
      <td rowspan=""2"">Toilet (Public)</td>
      <td rowspan=""2"">AC6+MV6</td>
      <td rowspan=""2"">AC+<br>MV</td>
      <td rowspan=""2"">NON-ESS</td>
      <td rowspan=""2"">-</td>
      <td rowspan=""2"">-</td>
      <td rowspan=""2"">Type 2</td>
      <td>Low level extract at each WC cubicle if feasible, air purifier, heat recovery unit if feasible</td>
    </tr>
    <tr>
      <td>Segregated extract system</td>
    </tr>
    <tr>
      <td>Baby Care Room</td>
      <td>AC6+MV6</td>
      <td>AC+<br>MV</td>
      <td>NON-ESS</td>
      <td>-</td>
      <td>-</td>
      <td>Type 2</td>
      <td>Segregated extract system</td>
    </tr>
    <tr>
      <td>Toilet (Staff)</td>
      <td>MV6</td>
      <td>MV</td>
      <td>NON-ESS</td>
      <td>-</td>
      <td>-</td>
      <td>Type 5</td>
      <td>Segregated extract system</td>
    </tr>
    <tr>
      <td>Mess Room</td>
      <td>AC3</td>
      <td>AC</td>
      <td>NON-ESS</td>
      <td>-</td>
      <td>-</td>
      <td>Type 7</td>
      <td></td>
    </tr>
    <tr>
      <td>Mess Room for Tenant</td>
      <td>AC3</td>
      <td>AC</td>
      <td>NON-ESS</td>
      <td>-</td>
      <td>-</td>
      <td>Type 7</td>
      <td></td>
    </tr>
    <tr>
      <td>Waiting Room</td>
      <td>AC3</td>
      <td>AC</td>
      <td>NON-ESS</td>
      <td>-</td>
      <td>-</td>
      <td>Type 7</td>
      <td></td>
    </tr>
    <tr>
      <td>Store Room</td>
      <td>MV2</td>
      <td>MV</td>
      <td>NON-ESS</td>
      <td>-</td>
      <td>-</td>
      <td>Type 7</td>
      <td></td>
    </tr>
    <tr>
      <td>Advertising Panel Store</td>
      <td>MV2</td>
      <td>MV</td>
      <td>NON-ESS</td>
      <td>-</td>
      <td>-</td>
      <td>Type 7</td>
      <td></td>
    </tr>
    <tr>
      <td>Advertising Equipment Room</td>
      <td>AC3</td>
      <td>AC</td>
      <td>NON-ESS</td>
      <td></td>
      <td></td>
      <td>Type 7</td>
      <td></td>
    </tr>
    <tr>
      <td>Refuse Store</td>
      <td>MV5</td>
      <td>MV</td>
      <td>NON-ESS</td>
      <td>-</td>
      <td>-</td>
      <td>Type 5</td>
      <td>Segregated extract system completed with activated carbon filter.</td>
    </tr>
    <tr>
      <td>Workshop</td>
      <td>AC3</td>
      <td>AC</td>
      <td>NON-ESS</td>
      <td>-</td>
      <td>-</td>
      <td>Type 7</td>
      <td></td>
    </tr>
    <tr>
      <td>Common Workshop</td>
      <td>AC3</td>
      <td>AC</td>
      <td>NON-ESS</td>
      <td>-</td>
      <td>-</td>
      <td>Type 7</td>
      <td></td>
    </tr>
    <tr>
      <td>Wiring Closet</td>
      <td>AC3</td>
      <td>AC</td>
      <td>ESS</td>
      <td>AC</td>
      <td>ESS</td>
      <td>Type 2</td>
      <td>Transfer conditioned air from FOH as standby A/C is also acceptable.</td>
    </tr>
    <tr>
      <td>Lift Shaft</td>
      <td>MV3</td>
      <td>MV</td>
      <td>NON-ESS</td>
      <td>-</td>
      <td>-</td>
      <td>Type 3</td>
      <td></td>
    </tr>
  </tbody>
</table>","|                            |                 |               |               |         |               |                           |                                                                                                                          |
|----------------------------|-----------------|---------------|---------------|---------|---------------|---------------------------|--------------------------------------------------------------------------------------------------------------------------|
| Room                       | Design Criteria | ECS Provision |               |         |               | ECS Control Req. (Note 2) | Remark                                                                                                                   |
|                            |                 | Main          |               | Standby |               |                           |                                                                                                                          |
|                            | DBºC / RH       | AC / MV       | ESS / NON-ESS | AC / MV | ESS / NON-ESS |                           |                                                                                                                          |
| Toilet (Public)            | AC6+MV6         | AC+ MV        | NON-ESS       | \-      | \-            | Type 2                    | Low level extract at each WC cubicle if feasible, air purifier, heat recovery unit if feasible Segregated extract system |
| Baby Care Room             | AC6+MV6         | AC+ MV        | NON-ESS       | \-      | \-            | Type 2                    | Segregated extract system                                                                                                |
| Toilet (Staff)             | MV6             | MV            | NON-ESS       | \-      | \-            | Type 5                    | Segregated extract system                                                                                                |
| Mess Room                  | AC3             | AC            | NON-ESS       | \-      | \-            | Type 7                    |                                                                                                                          |
| Mess Room for Tenant       | AC3             | AC            | NON-ESS       | \-      | \-            | Type 7                    |                                                                                                                          |
| Waiting Room               | AC3             | AC            | NON-ESS       | \-      | \-            | Type 7                    |                                                                                                                          |
| Store Room                 | MV2             | MV            | NON-ESS       | \-      | \-            | Type 7                    |                                                                                                                          |
| Advertising Panel Store    | MV2             | MV            | NON-ESS       | \-      | \-            | Type 7                    |                                                                                                                          |
| Advertising Equipment Room | AC3             | AC            | NON-ESS       |         |               | Type 7                    |                                                                                                                          |
| Refuse Store               | MV5             | MV            | NON-ESS       | \-      | \-            | Type 5                    | Segregated extract system completed with activated carbon filter.                                                        |
| Workshop                   | AC3             | AC            | NON-ESS       | \-      | \-            | Type 7                    |                                                                                                                          |
| Common Workshop            | AC3             | AC            | NON-ESS       | \-      | \-            | Type 7                    |                                                                                                                          |
| Wiring Closet              | AC3             | AC            | ESS           | AC      | ESS           | Type 2                    | Transfer conditioned air from FOH as standby A/C is also acceptable.                                                     |
| Lift Shaft                 | MV3             | MV            | NON-ESS       | \-      | \-            | Type 3                    |                                                                                                                          |",https://storage.googleapis.com/chunkr-prod-bucket/b1e41788-2d6e-4f8e-ad16-2e39fb334c57/5d9ffc1b-8d78-44ef-813d-5174c6bbebed/images/_FcEdaM.jpg?x-id=GetObject&response-content-disposition=inline&response-content-encoding=utf-8&response-content-type=image%2Fjpeg&X-Amz-Algorithm=AWS4-HMAC-SHA256&X-Amz-Credential=GOOG1EBMQ2D33SPB3VQ4MMVJEKXWQFNK5WS57JRFVYUSD3ZCA76OC3B74IG7C%2F20260119%2Fus-east-1%2Fs3%2Faws4_request&X-Amz-Date=20260119T145120Z&X-Amz-Expires=3600&X-Amz-SignedHeaders=host&X-Amz-Signature=d625a0d92436cd4a0b444baa1d013752195545dfa791c97019d05cfcf2bf0e42,1331.6688,178.9488,928.91516,1392.84
5ef8d910-80a2-4fab-bf1f-ab63712c96a5,3,IdgRGke,PageFooter,14,Rev. A,"<div class=""page-footer"">Rev. A</div>",Rev. A,,142.0848,1601.4816,59.29921,18.720093
5ef8d910-80a2-4fab-bf1f-ab63712c96a5,4,4_DAVLq,PageFooter,14,Page 5,"<div class=""page-footer"">Page 5</div>",Page 5,,1157.4865,1601.712,61.531128,20.8656
5ef8d910-80a2-4fab-bf1f-ab63712c96a5,5,UQ-5Se7,PageFooter,14,January 2023,"<div class=""page-footer"">January 2023</div>",January 2023,,2111.8176,1600.7472,122.96167,22.031982
5ef8d910-80a2-4fab-bf1f-ab63712c96a5,6,1ko6Rf9,PageHeader,15,AECOM,"<div class=""page-header"">AECOM</div>",AECOM,,140.5728,50.04,163.08,41.4
5ef8d910-80a2-4fab-bf1f-ab63712c96a5,7,E1oB6RJ,PageHeader,15,Consultancy Agreement No. C1501 Design Services for Tuen Ma Extension 2.4C A16 Reference Design Building Services Design Final Report with Federated Design Model and Drawings,"<div class=""page-header"">Consultancy Agreement No. C1501 Design Services for Tuen Ma Extension 2.4C A16 Reference Design Building Services Design Final Report with Federated Design Model and Drawings</div>",Consultancy Agreement No. C1501 Design Services for Tuen Ma Extension 2.4C A16 Reference Design Building Services Design Final Report with Federated Design Model and Drawings,,1259.2368,58.9392,978.1775,79.171196
dfa6ae35-43e6-4296-9f5e-5e624c2e5354,0,W8PBVxy,Table,15,"<table>
  <thead>
    <tr>
      <th rowspan=""3"">Room</th>
      <th rowspan=""3"">Design Criteria<br>DB°C / RH</th>
      <th colspan=""4"">ECS Provision</th>
      <th rowspan=""3"">ECS Control Req.<br>(Note 2)</th>
      <th rowspan=""3"">Remark</th>
    </tr>
    <tr>
      <th colspan=""2"">Main</th>
      <th colspan=""2"">Standby</th>
    </tr>
    <tr>
      <th>AC / MV</th>
      <th>ESS / NON-ESS</th>
      <th>AC / MV</th>
      <th>ESS / NON-ESS</th>
    </tr>
  </thead>
  <tbody>
    <tr>
      <td colspan=""8"">Legend:</td>
    </tr>
    <tr>
      <td>AC1</td>
      <td colspan=""7"">A/C at 23°C, 55% ± 10% RH</td>
    </tr>
    <tr>
      <td>AC2</td>
      <td colspan=""7"">A/C at 25°C, 50% ± 10% RH</td>
    </tr>
    <tr>
      <td>AC3</td>
      <td colspan=""7"">A/C at 25°C, 55% ± 10% RH</td>
    </tr>
    <tr>
      <td>AC4</td>
      <td colspan=""7"">A/C at 25.5°C, 55% ± 10% RH</td>
    </tr>
    <tr>
      <td>AC5</td>
      <td colspan=""7"">A/C at 26°C, Max 65% RH</td>
    </tr>
    <tr>
      <td>AC6</td>
      <td colspan=""7"">A/C at 26 ± 1°C, 70% ± 10% RH</td>
    </tr>
    <tr>
      <td>MV1</td>
      <td colspan=""7"">Mechanical Ventilation with Min 8ac/hr, Max Room Ambient 40°C</td>
    </tr>
    <tr>
      <td>MV2</td>
      <td colspan=""7"">Mechanical Ventilation with Min 8ac/hr</td>
    </tr>
    <tr>
      <td>MV3</td>
      <td colspan=""7"">Mechanical Ventilation with Min 10ac/hr, Max Room Ambient 40°C</td>
    </tr>
    <tr>
      <td>MV4</td>
      <td colspan=""7"">Mechanical Ventilation with Min 15ac/hr, Max Room Ambient 40°C</td>
    </tr>
    <tr>
      <td>MV5</td>
      <td colspan=""7"">Mechanical Ventilation with Min 15ac/hr</td>
    </tr>
    <tr>
      <td>MV6</td>
      <td colspan=""7"">Mechanical Ventilation with Min 20ac/hr</td>
    </tr>
    <tr>
      <td>MV7</td>
      <td colspan=""7"">Mechanical Ventilation with Max Room Ambient 40°C</td>
    </tr>
    <tr>
      <td>MV8</td>
      <td colspan=""7"">Mechanical Ventilation with Min 16.7 l/s/m²</td>
    </tr>
    <tr>
      <td>ESS</td>
      <td colspan=""7"">Essential Power Supply</td>
    </tr>
    <tr>
      <td>NON-ESS</td>
      <td colspan=""7"">Non-Essential Power Supply</td>
    </tr>
    <tr>
      <td>UPS</td>
      <td colspan=""7"">Uninterruptible Power Supply</td>
    </tr>
    <tr>
      <td colspan=""8"">Notes:</td>
    </tr>
    <tr>
      <td colspan=""8"">1. For cooling load calculations, it will calculate according to the outdoor design temperature profile by ""Carrier E20II""</td>
    </tr>
    <tr>
      <td colspan=""8"">2. ECS Control Requirement</td>
    </tr>
    <tr>
      <td colspan=""8"">&nbsp;&nbsp;&nbsp;&nbsp;Type 1: Thermostat Control of Room Temperature with Software Timer Control of Operation at 19 hrs/day, 7 days/week</td>
    </tr>
    <tr>
      <td colspan=""8"">&nbsp;&nbsp;&nbsp;&nbsp;Type 2: Thermostat Control of Room Temperature with Software Timer Control of Operation at 24 hrs/day, 7 days/week</td>
    </tr>
    <tr>
      <td colspan=""8"">&nbsp;&nbsp;&nbsp;&nbsp;Type 3: Temperature Sensor / Thermostat Control</td>
    </tr>
    <tr>
      <td colspan=""8"">&nbsp;&nbsp;&nbsp;&nbsp;Type 4: Two Fans in Parallel Software Timer Control of Operation at 24 hrs/day, 7 days/week for the First Fan and Temperature Sensors/Thermostat Control for Second Fan</td>
    </tr>
    <tr>
      <td colspan=""8"">&nbsp;&nbsp;&nbsp;&nbsp;Type 5: Software Timer Control 24 hrs/day, 7 days/week</td>
    </tr>
    <tr>
      <td colspan=""8"">&nbsp;&nbsp;&nbsp;&nbsp;Type 6: Software Timer Control 19 hrs/day, 7 days/week</td>
    </tr>
    <tr>
      <td colspan=""8"">&nbsp;&nbsp;&nbsp;&nbsp;Type 7: Local Control</td>
    </tr>
    <tr>
      <td colspan=""8"">3. The provision of mechanical ventilation system for Transformer Rooms shall be referred to CLP COP No. 101 and CLP's requirements.</td>
    </tr>
    <tr>
      <td colspan=""8"">4. The provision of mechanical ventilation system for Cat .5 DG Store, Oil Store, Chemical Waste Store shall be referred to FSD requirements.</td>
    </tr>
  </tbody>
</table>","<table>
  <thead>
    <tr>
      <th rowspan=""3"">Room</th>
      <th rowspan=""3"">Design Criteria<br>DB°C / RH</th>
      <th colspan=""4"">ECS Provision</th>
      <th rowspan=""3"">ECS Control Req.<br>(Note 2)</th>
      <th rowspan=""3"">Remark</th>
    </tr>
    <tr>
      <th colspan=""2"">Main</th>
      <th colspan=""2"">Standby</th>
    </tr>
    <tr>
      <th>AC / MV</th>
      <th>ESS / NON-ESS</th>
      <th>AC / MV</th>
      <th>ESS / NON-ESS</th>
    </tr>
  </thead>
  <tbody>
    <tr>
      <td colspan=""8"">Legend:</td>
    </tr>
    <tr>
      <td>AC1</td>
      <td colspan=""7"">A/C at 23°C, 55% ± 10% RH</td>
    </tr>
    <tr>
      <td>AC2</td>
      <td colspan=""7"">A/C at 25°C, 50% ± 10% RH</td>
    </tr>
    <tr>
      <td>AC3</td>
      <td colspan=""7"">A/C at 25°C, 55% ± 10% RH</td>
    </tr>
    <tr>
      <td>AC4</td>
      <td colspan=""7"">A/C at 25.5°C, 55% ± 10% RH</td>
    </tr>
    <tr>
      <td>AC5</td>
      <td colspan=""7"">A/C at 26°C, Max 65% RH</td>
    </tr>
    <tr>
      <td>AC6</td>
      <td colspan=""7"">A/C at 26 ± 1°C, 70% ± 10% RH</td>
    </tr>
    <tr>
      <td>MV1</td>
      <td colspan=""7"">Mechanical Ventilation with Min 8ac/hr, Max Room Ambient 40°C</td>
    </tr>
    <tr>
      <td>MV2</td>
      <td colspan=""7"">Mechanical Ventilation with Min 8ac/hr</td>
    </tr>
    <tr>
      <td>MV3</td>
      <td colspan=""7"">Mechanical Ventilation with Min 10ac/hr, Max Room Ambient 40°C</td>
    </tr>
    <tr>
      <td>MV4</td>
      <td colspan=""7"">Mechanical Ventilation with Min 15ac/hr, Max Room Ambient 40°C</td>
    </tr>
    <tr>
      <td>MV5</td>
      <td colspan=""7"">Mechanical Ventilation with Min 15ac/hr</td>
    </tr>
    <tr>
      <td>MV6</td>
      <td colspan=""7"">Mechanical Ventilation with Min 20ac/hr</td>
    </tr>
    <tr>
      <td>MV7</td>
      <td colspan=""7"">Mechanical Ventilation with Max Room Ambient 40°C</td>
    </tr>
    <tr>
      <td>MV8</td>
      <td colspan=""7"">Mechanical Ventilation with Min 16.7 l/s/m²</td>
    </tr>
    <tr>
      <td>ESS</td>
      <td colspan=""7"">Essential Power Supply</td>
    </tr>
    <tr>
      <td>NON-ESS</td>
      <td colspan=""7"">Non-Essential Power Supply</td>
    </tr>
    <tr>
      <td>UPS</td>
      <td colspan=""7"">Uninterruptible Power Supply</td>
    </tr>
    <tr>
      <td colspan=""8"">Notes:</td>
    </tr>
    <tr>
      <td colspan=""8"">1. For cooling load calculations, it will calculate according to the outdoor design temperature profile by ""Carrier E20II""</td>
    </tr>
    <tr>
      <td colspan=""8"">2. ECS Control Requirement</td>
    </tr>
    <tr>
      <td colspan=""8"">&nbsp;&nbsp;&nbsp;&nbsp;Type 1: Thermostat Control of Room Temperature with Software Timer Control of Operation at 19 hrs/day, 7 days/week</td>
    </tr>
    <tr>
      <td colspan=""8"">&nbsp;&nbsp;&nbsp;&nbsp;Type 2: Thermostat Control of Room Temperature with Software Timer Control of Operation at 24 hrs/day, 7 days/week</td>
    </tr>
    <tr>
      <td colspan=""8"">&nbsp;&nbsp;&nbsp;&nbsp;Type 3: Temperature Sensor / Thermostat Control</td>
    </tr>
    <tr>
      <td colspan=""8"">&nbsp;&nbsp;&nbsp;&nbsp;Type 4: Two Fans in Parallel Software Timer Control of Operation at 24 hrs/day, 7 days/week for the First Fan and Temperature Sensors/Thermostat Control for Second Fan</td>
    </tr>
    <tr>
      <td colspan=""8"">&nbsp;&nbsp;&nbsp;&nbsp;Type 5: Software Timer Control 24 hrs/day, 7 days/week</td>
    </tr>
    <tr>
      <td colspan=""8"">&nbsp;&nbsp;&nbsp;&nbsp;Type 6: Software Timer Control 19 hrs/day, 7 days/week</td>
    </tr>
    <tr>
      <td colspan=""8"">&nbsp;&nbsp;&nbsp;&nbsp;Type 7: Local Control</td>
    </tr>
    <tr>
      <td colspan=""8"">3. The provision of mechanical ventilation system for Transformer Rooms shall be referred to CLP COP No. 101 and CLP's requirements.</td>
    </tr>
    <tr>
      <td colspan=""8"">4. The provision of mechanical ventilation system for Cat .5 DG Store, Oil Store, Chemical Waste Store shall be referred to FSD requirements.</td>
    </tr>
  </tbody>
</table>","|                                                                                                                             |                                                             |                 |               |                 |                                              |                                  |                           |        |
|-----------------------------------------------------------------------------------------------------------------------------|-------------------------------------------------------------|-----------------|---------------|-----------------|----------------------------------------------|----------------------------------|---------------------------|--------|
|                                                                                                                             | Room                                                        | Design Criteria | ECS Provision |                 |                                              |                                  | ECS Control Req. (Note 2) | Remark |
|                                                                                                                             |                                                             |                 | Main          |                 | Standby                                      |                                  |                           |        |
|                                                                                                                             |                                                             | DBºC / RH       | AC / MV       | ESS / NON-ESS   | AC / MV                                      | ESS / NON-ESS                    |                           |        |
| Legend:                                                                                                                     |                                                             |                 |               |                 |                                              |                                  |                           |        |
| AC1                                                                                                                         | A/C at 23°℃, 55% ± 10% RH                                   |                 |               |                 |                                              |                                  |                           |        |
| AC2                                                                                                                         | A/C at 25°C, 50% ± 10% RH                                   |                 |               |                 |                                              |                                  |                           |        |
| AC3                                                                                                                         | A/C at 25℃, 55% ± 10% RH                                    |                 |               |                 |                                              |                                  |                           |        |
| AC4                                                                                                                         | A/C at 25.5°C, 55% ± 10% RH                                 |                 |               |                 |                                              |                                  |                           |        |
| AC5                                                                                                                         | A/C at 26°C, Max 65% RH                                     |                 |               |                 |                                              |                                  |                           |        |
| AC6                                                                                                                         | A/C at 26 ± 1°C, 70% ± 10% RH                               |                 |               |                 |                                              |                                  |                           |        |
| MV1                                                                                                                         | Mechanical Ventilation with Min                             |                 | 8ac/hr,       | Max Room        | Ambient                                      | 40℃                              |                           |        |
| MV2                                                                                                                         | Mechanical Ventilation with Min                             |                 | 8ac/hr        |                 |                                              |                                  |                           |        |
| MV3                                                                                                                         | Mechanical Ventilation with Min                             |                 | 10ac/hr,      | Max Room        | Ambient                                      | 40℃                              |                           |        |
| MV4                                                                                                                         | Mechanical Ventilation with Min                             |                 | 15ac/hr,      | Max Room        | Ambient                                      | 40℃                              |                           |        |
| MV5                                                                                                                         | Mechanical Ventilation with Min                             |                 | 15ac/hr       |                 |                                              |                                  |                           |        |
| MV6                                                                                                                         | Mechanical Ventilation with Min                             |                 | 20ac/hr       |                 |                                              |                                  |                           |        |
| MV7                                                                                                                         | Mechanical Ventilation with Max                             |                 | Room          | Ambient 40℃     |                                              |                                  |                           |        |
| MV8                                                                                                                         | Mechanical Ventilation with Min                             |                 | 16.7          | l/s/m2          |                                              |                                  |                           |        |
| ESS                                                                                                                         | Essential Power Supply                                      |                 |               |                 |                                              |                                  |                           |        |
| NON-ESS                                                                                                                     | Non-Essential Power Supply                                  |                 |               |                 |                                              |                                  |                           |        |
| UPS                                                                                                                         | Uninterruptible Power Supply                                |                 |               |                 |                                              |                                  |                           |        |
| Notes:                                                                                                                      |                                                             |                 |               |                 |                                              |                                  |                           |        |
| 1\. For cooling load calculations, it will calculate according to the outdoor design temperature profile by ""Carrier E20II"" |                                                             |                 |               |                 |                                              |                                  |                           |        |
| 2\. ECS Control Requirement                                                                                                 |                                                             |                 |               |                 |                                              |                                  |                           |        |
| Type 1:                                                                                                                     | Thermostat Control of Room Temperature hrs/day, 7 days/week |                 |               | with            | Software                                     | Timer Control                    | of Operation at 19        |        |
| Type 2:                                                                                                                     | Thermostat Control of Room Temperature hrs/day, 7 days/week |                 |               | with            | Software                                     | Timer Control of Operation at 24 |                           |        |
| Type 3: Temperature Sensor / Thermostat Control                                                                             |                                                             |                 |               |                 |                                              |                                  |                           |        |
| Type 4: : Two Fans in Parallel Software Timer Fan and Temperature Sensors/Thermostat                                        |                                                             |                 |               | Control of      | Operation                                    | at 24 hrs/day,                   | 7 days/week for the First |        |
|                                                                                                                             |                                                             |                 |               | Control         | for                                          | Second Fan                       |                           |        |
| Type 5: Software Timer Control 24 hrs/day, 7                                                                                |                                                             |                 |               | days/week       |                                              |                                  |                           |        |
| Type 6:                                                                                                                     | Software Timer Control 19                                   |                 | hrs/day, 7    | days/week       |                                              |                                  |                           |        |
| Type 7:                                                                                                                     | Local Control                                               |                 |               |                 |                                              |                                  |                           |        |
| 3\. The provision of mechanical ventilation system                                                                          |                                                             |                 |               | for Transformer |                                              | Rooms shall be                   | referred to CLP COP No.   |        |
| 101 and CLP's requirements.                                                                                                 |                                                             |                 |               |                 |                                              |                                  |                           |        |
| 4\. The provision of mechanical ventilation system                                                                          |                                                             |                 |               | for Cat .5 DG   | Store, Oil Store, Chemical Waste Store shall |                                  |                           |        |
| be referred to FSD requirements.                                                                                            |                                                             |                 |               |                 |                                              |                                  |                           |        |",https://storage.googleapis.com/chunkr-prod-bucket/b1e41788-2d6e-4f8e-ad16-2e39fb334c57/5d9ffc1b-8d78-44ef-813d-5174c6bbebed/images/W8PBVxy.jpg?x-id=GetObject&response-content-disposition=inline&response-content-encoding=utf-8&response-content-type=image%2Fjpeg&X-Amz-Algorithm=AWS4-HMAC-SHA256&X-Amz-Credential=GOOG1EBMQ2D33SPB3VQ4MMVJEKXWQFNK5WS57JRFVYUSD3ZCA76OC3B74IG7C%2F20260119%2Fus-east-1%2Fs3%2Faws4_request&X-Amz-Date=20260119T145120Z&X-Amz-Expires=3600&X-Amz-SignedHeaders=host&X-Amz-Signature=df82bebbb52cac43060018261e87db4886f5270f9a7e19f7216d2528a7f12331,249.3648,182.664,929.6352,1235.8799
b25f5253-2f0d-47b0-8fd6-10849a289fcf,0,HU2t_wZ,SectionHeader,15,## 3.2.6 Noise Criteria,<h2>3.2.6 Noise Criteria</h2>,## 3.2.6 Noise Criteria,,1223.8704,183.168,231.88318,20.7072
b25f5253-2f0d-47b0-8fd6-10849a289fcf,1,Si0bnnO,Text,15,(a) The noise criteria will be as defined under Section 4.2.2.1 of the NW&MARWDSM are summarised in Table 3.3 below:,<p>(a) The noise criteria will be as defined under Section 4.2.2.1 of the NW&MARWDSM are summarised in Table 3.3 below:</p>,(a) The noise criteria will be as defined under Section 4.2.2.1 of the NW&MARWDSM are summarised in Table 3.3 below:,,1224.5616,232.8768,1012.76624,48.628815
b25f5253-2f0d-47b0-8fd6-10849a289fcf,2,Bh3pjBq,Caption,15,Table 3.3: Building Services Noise Level Targets,"<span class=""caption"">Table 3.3: Building Services Noise Level Targets</span>",Table 3.3: Building Services Noise Level Targets,,1331.568,303.9408,432.4464,24.523193
b25f5253-2f0d-47b0-8fd6-10849a289fcf,3,gK04cO_,Table,15,"<table>
  <thead>
    <tr>
      <th>Area</th>
      <th>Target Noise Level<br>(NR)</th>
      <th>Acceptance Noise Level<br>(NR)</th>
    </tr>
  </thead>
  <tbody>
    <tr>
      <td>Computer Rooms <sup>1</sup></td>
      <td>50</td>
      <td>53</td>
    </tr>
    <tr>
      <td>Concourse</td>
      <td>50</td>
      <td>53</td>
    </tr>
    <tr>
      <td>Locker Rooms</td>
      <td>50</td>
      <td>53</td>
    </tr>
    <tr>
      <td>Meeting/Greeting</td>
      <td>50</td>
      <td>53</td>
    </tr>
    <tr>
      <td>Offices</td>
      <td>40</td>
      <td>43</td>
    </tr>
    <tr>
      <td>Plant Room Equipment <sup>2</sup></td>
      <td>80</td>
      <td>83</td>
    </tr>
    <tr>
      <td>Plant Room Ventilation <sup>3</sup></td>
      <td>70</td>
      <td>73</td>
    </tr>
    <tr>
      <td>Platform PSDs Closed</td>
      <td>50</td>
      <td>53</td>
    </tr>
    <tr>
      <td>Platform PSDs Opened</td>
      <td>65</td>
      <td>68</td>
    </tr>
    <tr>
      <td>Retail</td>
      <td>45</td>
      <td>48</td>
    </tr>
    <tr>
      <td>Stores</td>
      <td>50</td>
      <td>53</td>
    </tr>
    <tr>
      <td>Toilets</td>
      <td>45</td>
      <td>48</td>
    </tr>
    <tr>
      <td>Maintenance Rooms</td>
      <td>50</td>
      <td>53</td>
    </tr>
    <tr>
      <td>All Areas Emergency Operation<br>(Except Plant Rooms)</td>
      <td>65</td>
      <td>68</td>
    </tr>
  </tbody>
</table>","<table>
  <thead>
    <tr>
      <th>Area</th>
      <th>Target Noise Level<br>(NR)</th>
      <th>Acceptance Noise Level<br>(NR)</th>
    </tr>
  </thead>
  <tbody>
    <tr>
      <td>Computer Rooms <sup>1</sup></td>
      <td>50</td>
      <td>53</td>
    </tr>
    <tr>
      <td>Concourse</td>
      <td>50</td>
      <td>53</td>
    </tr>
    <tr>
      <td>Locker Rooms</td>
      <td>50</td>
      <td>53</td>
    </tr>
    <tr>
      <td>Meeting/Greeting</td>
      <td>50</td>
      <td>53</td>
    </tr>
    <tr>
      <td>Offices</td>
      <td>40</td>
      <td>43</td>
    </tr>
    <tr>
      <td>Plant Room Equipment <sup>2</sup></td>
      <td>80</td>
      <td>83</td>
    </tr>
    <tr>
      <td>Plant Room Ventilation <sup>3</sup></td>
      <td>70</td>
      <td>73</td>
    </tr>
    <tr>
      <td>Platform PSDs Closed</td>
      <td>50</td>
      <td>53</td>
    </tr>
    <tr>
      <td>Platform PSDs Opened</td>
      <td>65</td>
      <td>68</td>
    </tr>
    <tr>
      <td>Retail</td>
      <td>45</td>
      <td>48</td>
    </tr>
    <tr>
      <td>Stores</td>
      <td>50</td>
      <td>53</td>
    </tr>
    <tr>
      <td>Toilets</td>
      <td>45</td>
      <td>48</td>
    </tr>
    <tr>
      <td>Maintenance Rooms</td>
      <td>50</td>
      <td>53</td>
    </tr>
    <tr>
      <td>All Areas Emergency Operation<br>(Except Plant Rooms)</td>
      <td>65</td>
      <td>68</td>
    </tr>
  </tbody>
</table>","|                                                    |                         |                             |
|----------------------------------------------------|-------------------------|-----------------------------|
| Area                                               | Target Noise Level (NR) | Acceptance Noise Level (NR) |
| Computer Rooms 1                                   | 50                      | 53                          |
| Concourse                                          | 50                      | 53                          |
| Locker Rooms                                       | 50                      | 53                          |
| Meeting/Greeting                                   | 50                      | 53                          |
| Offices                                            | 40                      | 43                          |
| Plant Room Equipment 2                             | 80                      | 83                          |
| Plant Room Ventilation 3                           | 70                      | 73                          |
| Platform PSDs Closed                               | 50                      | 53                          |
| Platform PSDs Opened                               | 65                      | 68                          |
| Retail                                             | 45                      | 48                          |
| Stores                                             | 50                      | 53                          |
| Toilets                                            | 45                      | 48                          |
| Maintenance Rooms                                  | 50                      | 53                          |
| All Areas Emergency Operation (Except Plant Rooms) | 65                      | 68                          |",https://storage.googleapis.com/chunkr-prod-bucket/b1e41788-2d6e-4f8e-ad16-2e39fb334c57/5d9ffc1b-8d78-44ef-813d-5174c6bbebed/images/gK04cO_.jpg?x-id=GetObject&response-content-disposition=inline&response-content-encoding=utf-8&response-content-type=image%2Fjpeg&X-Amz-Algorithm=AWS4-HMAC-SHA256&X-Amz-Credential=GOOG1EBMQ2D33SPB3VQ4MMVJEKXWQFNK5WS57JRFVYUSD3ZCA76OC3B74IG7C%2F20260119%2Fus-east-1%2Fs3%2Faws4_request&X-Amz-Date=20260119T145120Z&X-Amz-Expires=3600&X-Amz-SignedHeaders=host&X-Amz-Signature=a06f293e37fad8edd75f398c1f960ec63be62266e5f386371849225b8165c45b,1312.632,338.9616,924.35046,743.35675
b25f5253-2f0d-47b0-8fd6-10849a289fcf,4,bL6Em6N,Text,15,Notes:,<p>Notes:</p>,Notes:,,1322.8992,1094.544,55.39685,18.748901
b25f5253-2f0d-47b0-8fd6-10849a289fcf,5,84j1NMv,Text,15,"1. Refers to rooms used primarily for computer and communications equipment. Offices with desktop PCs are to be treated as ""offices""","<p>1. Refers to rooms used primarily for computer and communications equipment. Offices with desktop PCs are to be treated as ""offices""</p>","1. Refers to rooms used primarily for computer and communications equipment. Offices with desktop PCs are to be treated as ""offices""",,1323.9648,1127.1456,902.72144,45.633545
b25f5253-2f0d-47b0-8fd6-10849a289fcf,6,_HLkuAx,Text,15,"2. Refers to noise from equipment located in plantrooms such as large fans, compressors etc.","<p>2. Refers to noise from equipment located in plantrooms such as large fans, compressors etc.</p>","2. Refers to noise from equipment located in plantrooms such as large fans, compressors etc.",,1322.6112,1185.4656,779.3856,23.947266
b25f5253-2f0d-47b0-8fd6-10849a289fcf,7,klfEq9t,Text,15,3. Refers to noise from plant/equipment room ventilation system,<p>3. Refers to noise from plant/equipment room ventilation system</p>,3. Refers to noise from plant/equipment room ventilation system,,1323.1008,1220.8608,552.6,21.974365
88fc3fbe-8910-430a-ae1f-edafb5aef478,0,Grsg1uD,SectionHeader,15,## 3.2.7 Building Fabric Data,<h2>3.2.7 Building Fabric Data</h2>,## 3.2.7 Building Fabric Data,,1223.856,1280.7216,289.00806,23.01123
88fc3fbe-8910-430a-ae1f-edafb5aef478,1,2GKxCw6,Text,15,(a) The building envelope material type will have an impact on the cooling load estimation. The thermal transfer values through the building structure will be estimated based on the parameters as provided under NW&MARWDSM 7.8.2.8.3.1 (see Table 3.4 below).,<p>(a) The building envelope material type will have an impact on the cooling load estimation. The thermal transfer values through the building structure will be estimated based on the parameters as provided under NW&MARWDSM 7.8.2.8.3.1 (see Table 3.4 below).</p>,(a) The building envelope material type will have an impact on the cooling load estimation. The thermal transfer values through the building structure will be estimated based on the parameters as provided under NW&MARWDSM 7.8.2.8.3.1 (see Table 3.4 below).,,1224.7488,1330.5168,1012.6079,78.04797
88fc3fbe-8910-430a-ae1f-edafb5aef478,2,1e3pP-W,Text,15,(b) The values are for the preliminary cooling load estimation only and are subject to review during the detailed design stage when more accurate figures become available.,<p>(b) The values are for the preliminary cooling load estimation only and are subject to review during the detailed design stage when more accurate figures become available.</p>,(b) The values are for the preliminary cooling load estimation only and are subject to review during the detailed design stage when more accurate figures become available.,,1224.5184,1423.2384,1012.7953,51.019165
88fc3fbe-8910-430a-ae1f-edafb5aef478,3,pCPYlWw,PageFooter,15,Rev. A,"<div class=""page-footer"">Rev. A</div>",Rev. A,,142.2576,1601.4816,58.8528,18.8208
88fc3fbe-8910-430a-ae1f-edafb5aef478,4,YJovzI8,PageFooter,15,Page 6,"<div class=""page-footer"">Page 6</div>",Page 6,,1157.5295,1601.5392,61.819214,21.110474
88fc3fbe-8910-430a-ae1f-edafb5aef478,5,BzjDac8,PageFooter,15,January 2023,"<div class=""page-footer"">January 2023</div>",January 2023,,2112.005,1600.7472,122.572754,21.945557
88fc3fbe-8910-430a-ae1f-edafb5aef478,6,DFQQyFe,Text,16,AECOM,<p>AECOM</p>,AECOM,,140.4,50.2272,163.38242,41.1552
88fc3fbe-8910-430a-ae1f-edafb5aef478,7,LXlSCEB,PageHeader,16,Consultancy Agreement No. C1501 Design Services for Tuen Ma Extension 2.4C A16 Reference Design Building Services Design Final Report with Federated Design Model and Drawings,"<div class=""page-header"">Consultancy Agreement No. C1501 Design Services for Tuen Ma Extension 2.4C A16 Reference Design Building Services Design Final Report with Federated Design Model and Drawings</div>",Consultancy Agreement No. C1501 Design Services for Tuen Ma Extension 2.4C A16 Reference Design Building Services Design Final Report with Federated Design Model and Drawings,,1259.5392,59.6016,977.90393,78.350395
88fc3fbe-8910-430a-ae1f-edafb5aef478,8,g2SWHTn,Caption,16,Table 3.4: Thermal Transfer Values of Building Structures,"<span class=""caption"">Table 3.4: Thermal Transfer Values of Building Structures</span>",Table 3.4: Thermal Transfer Values of Building Structures,,248.8464,180.8064,523.07996,25.372803
88fc3fbe-8910-430a-ae1f-edafb5aef478,9,WsGExAc,Table,16,"<table>
  <thead>
    <tr>
      <th>Type of Structure</th>
      <th>Value</th>
    </tr>
  </thead>
  <tbody>
    <tr>
      <td>Glass Wall/ Skylight</td>
      <td>U-value = 5.3W/m<sup>2</sup>. K<br>Shading Coefficient = 0.9</td>
    </tr>
    <tr>
      <td>200mm Concrete Wall</td>
      <td>U-value = 3.1W/m<sup>2</sup>. K</td>
    </tr>
    <tr>
      <td>Roof:<br>Concrete</td>
      <td>U-value = 1.7W/m<sup>2</sup>. K</td>
    </tr>
    <tr>
      <td>Fabric</td>
      <td>U-value = 4.8W/m<sup>2</sup>. K</td>
    </tr>
    <tr>
      <td>Platform Screen Door <sup>1</sup></td>
      <td>U-value = 4.6W/m<sup>2</sup>. K</td>
    </tr>
  </tbody>
</table>","<table>
  <thead>
    <tr>
      <th>Type of Structure</th>
      <th>Value</th>
    </tr>
  </thead>
  <tbody>
    <tr>
      <td>Glass Wall/ Skylight</td>
      <td>U-value = 5.3W/m<sup>2</sup>. K<br>Shading Coefficient = 0.9</td>
    </tr>
    <tr>
      <td>200mm Concrete Wall</td>
      <td>U-value = 3.1W/m<sup>2</sup>. K</td>
    </tr>
    <tr>
      <td>Roof:<br>Concrete</td>
      <td>U-value = 1.7W/m<sup>2</sup>. K</td>
    </tr>
    <tr>
      <td>Fabric</td>
      <td>U-value = 4.8W/m<sup>2</sup>. K</td>
    </tr>
    <tr>
      <td>Platform Screen Door <sup>1</sup></td>
      <td>U-value = 4.6W/m<sup>2</sup>. K</td>
    </tr>
  </tbody>
</table>","|                        |                                                |
|------------------------|------------------------------------------------|
| Type of Structure      | Value                                          |
| Glass Wall/ Skylight   | U-value = 5.3W/m2. K Shading Coefficient = 0.9 |
| 200mm Concrete Wall    | U-value = 3.1W/m2. K                           |
| Roof:                  |                                                |
| Concrete               | U-value = 1.7W/m2. K                           |
| Fabric                 | U-value = 4.8W/m2. K                           |
| Platform Screen Door 1 | U-value = 4.6W/m2. K                           |",https://storage.googleapis.com/chunkr-prod-bucket/b1e41788-2d6e-4f8e-ad16-2e39fb334c57/5d9ffc1b-8d78-44ef-813d-5174c6bbebed/images/WsGExAc.jpg?x-id=GetObject&response-content-disposition=inline&response-content-encoding=utf-8&response-content-type=image%2Fjpeg&X-Amz-Algorithm=AWS4-HMAC-SHA256&X-Amz-Credential=GOOG1EBMQ2D33SPB3VQ4MMVJEKXWQFNK5WS57JRFVYUSD3ZCA76OC3B74IG7C%2F20260119%2Fus-east-1%2Fs3%2Faws4_request&X-Amz-Date=20260119T145120Z&X-Amz-Expires=3600&X-Amz-SignedHeaders=host&X-Amz-Signature=93cc2981db546114caf9a9254be8c16e143f1d72b7939816cdc2bd1b51b85470,237.6864,218.0592,915.984,332.07837
88fc3fbe-8910-430a-ae1f-edafb5aef478,10,ioWdGIR,Text,16,Notes:,<p>Notes:</p>,Notes:,,246.384,562.9824,55.454407,18.028809
88fc3fbe-8910-430a-ae1f-edafb5aef478,11,rUpU_7F,Text,16,"1. Since the u- value of the platform screen door is not obtained from the MTR NW&MARWDSM, the u-value will be benchmarked to SCL Diamond Hill station design report (i.e. 4.6W/m2. K). The cooling load estimation will be reviewed once the u-value of platform screen door is received from MTR.","<p>1. Since the u- value of the platform screen door is not obtained from the MTR NW&MARWDSM, the u-value will be benchmarked to SCL Diamond Hill station design report (i.e. 4.6W/m2. K). The cooling load estimation will be reviewed once the u-value of platform screen door is received from MTR.</p>","1. Since the u- value of the platform screen door is not obtained from the MTR NW&MARWDSM, the u-value will be benchmarked to SCL Diamond Hill station design report (i.e. 4.6W/m2. K). The cooling load estimation will be reviewed once the u-value of platform screen door is received from MTR.",,245.736,595.872,898.07043,70.32959
88fc3fbe-8910-430a-ae1f-edafb5aef478,12,XbwcdoQ,Text,16,Remarks:,<p>Remarks:</p>,Remarks:,,246.6864,680.0976,77.198395,18.8208
88fc3fbe-8910-430a-ae1f-edafb5aef478,13,DwUwC-R,Text,16,"The Carrier E20II Hourly Analysis Program Version 5.10 International Edition does not perform load calculations for slab-on-grade and basement floors and walls for the design cooling condition. As per ASHRAE recommendations, slab and basement heat transfer has not been included in the design cooling calculations since the heat transfer is either negligible or constitutes a credit for summer conditions.","<p>The Carrier E20II Hourly Analysis Program Version 5.10 International Edition does not perform load calculations for slab-on-grade and basement floors and walls for the design cooling condition. As per ASHRAE recommendations, slab and basement heat transfer has not been included in the design cooling calculations since the heat transfer is either negligible or constitutes a credit for summer conditions.</p>","The Carrier E20II Hourly Analysis Program Version 5.10 International Edition does not perform load calculations for slab-on-grade and basement floors and walls for the design cooling condition. As per ASHRAE recommendations, slab and basement heat transfer has not been included in the design cooling calculations since the heat transfer is either negligible or constitutes a credit for summer conditions.",,245.4336,713.1024,898.57446,95.25598
88fc3fbe-8910-430a-ae1f-edafb5aef478,14,Ce2P19j,Text,16,3.2.8 Passenger Numbers,<p>3.2.8 Passenger Numbers</p>,3.2.8 Passenger Numbers,,142.4304,846.6336,288.30237,23.126404
88fc3fbe-8910-430a-ae1f-edafb5aef478,15,cskg1qJ,Text,16,"(a) The methodology of ""Assessment of Passenger Distribution in Station"" as provided in Appendix A will be incorporated into the calculation of the hourly Station occupancy for the cooling load simulation.","<p>(a) The methodology of ""Assessment of Passenger Distribution in Station"" as provided in Appendix A will be incorporated into the calculation of the hourly Station occupancy for the cooling load simulation.</p>","(a) The methodology of ""Assessment of Passenger Distribution in Station"" as provided in Appendix A will be incorporated into the calculation of the hourly Station occupancy for the cooling load simulation.",,142.9056,896.3136,1012.3776,51.98401
88fc3fbe-8910-430a-ae1f-edafb5aef478,16,XN0Al6-,Text,16,(b) The population at A16 Station will be estimated based on the peak hour flow figures given by MTR. The passenger numbers will be calculated from the given hourly flow figures.,<p>(b) The population at A16 Station will be estimated based on the peak hour flow figures given by MTR. The passenger numbers will be calculated from the given hourly flow figures.</p>,(b) The population at A16 Station will be estimated based on the peak hour flow figures given by MTR. The passenger numbers will be calculated from the given hourly flow figures.,,143.0496,962.0496,1011.18243,52.3584
88fc3fbe-8910-430a-ae1f-edafb5aef478,17,cHF_PIF,Text,16,"(c) For TME in year 2060, the Station maximum passenger numbers for the different station public areas given by 1.8B Final Architectural Design Report for A16 Station with Federated Model and Drawings on June 2021 are summarized in Table 3.5.","<p>(c) For TME in year 2060, the Station maximum passenger numbers for the different station public areas given by 1.8B Final Architectural Design Report for A16 Station with Federated Model and Drawings on June 2021 are summarized in Table 3.5.</p>","(c) For TME in year 2060, the Station maximum passenger numbers for the different station public areas given by 1.8B Final Architectural Design Report for A16 Station with Federated Model and Drawings on June 2021 are summarized in Table 3.5.",,142.848,1027.6128,1012.39197,77.60156
88fc3fbe-8910-430a-ae1f-edafb5aef478,18,tjTnzfX,Caption,16,Table 3.5: A16 Station Maximum Passenger Numbers in Year 2060,"<span class=""caption"">Table 3.5: A16 Station Maximum Passenger Numbers in Year 2060</span>",Table 3.5: A16 Station Maximum Passenger Numbers in Year 2060,,249.0912,1126.2672,605.99524,24.10559
88fc3fbe-8910-430a-ae1f-edafb5aef478,19,YS8rB2j,Table,16,"<table>
  <thead>
    <tr>
      <th rowspan=""2"">Location</th>
      <th colspan=""2"">AM PEAK</th>
      <th colspan=""2"">PM PEAK</th>
    </tr>
    <tr>
      <th>IN</th>
      <th>OUT</th>
      <th>IN</th>
      <th>OUT</th>
    </tr>
  </thead>
  <tbody>
    <tr>
      <td>A16</td>
      <td>4,880</td>
      <td>3,570</td>
      <td>4,410</td>
      <td>4,640</td>
    </tr>
  </tbody>
</table>","<table>
  <thead>
    <tr>
      <th rowspan=""2"">Location</th>
      <th colspan=""2"">AM PEAK</th>
      <th colspan=""2"">PM PEAK</th>
    </tr>
    <tr>
      <th>IN</th>
      <th>OUT</th>
      <th>IN</th>
      <th>OUT</th>
    </tr>
  </thead>
  <tbody>
    <tr>
      <td>A16</td>
      <td>4,880</td>
      <td>3,570</td>
      <td>4,410</td>
      <td>4,640</td>
    </tr>
  </tbody>
</table>","|          |         |       |         |       |
|----------|---------|-------|---------|-------|
| Location | AM PEAK |       | PM PEAK |       |
|          | IN      | OUT   | IN      | OUT   |
| A16      | 4,880   | 3,570 | 4,410   | 4,640 |",https://storage.googleapis.com/chunkr-prod-bucket/b1e41788-2d6e-4f8e-ad16-2e39fb334c57/5d9ffc1b-8d78-44ef-813d-5174c6bbebed/images/YS8rB2j.jpg?x-id=GetObject&response-content-disposition=inline&response-content-encoding=utf-8&response-content-type=image%2Fjpeg&X-Amz-Algorithm=AWS4-HMAC-SHA256&X-Amz-Credential=GOOG1EBMQ2D33SPB3VQ4MMVJEKXWQFNK5WS57JRFVYUSD3ZCA76OC3B74IG7C%2F20260119%2Fus-east-1%2Fs3%2Faws4_request&X-Amz-Date=20260119T145120Z&X-Amz-Expires=3600&X-Amz-SignedHeaders=host&X-Amz-Signature=a638226d5bd7469ff8c1536fcd229db97ae9ea6eae67cf35a727f7a09f8ba6cb,251.7696,1161.1152,926.3952,139.96802
88fc3fbe-8910-430a-ae1f-edafb5aef478,20,211kSMO,Text,16,"(d) For other Station related areas, the following assumptions have been made on the maximum occupancy for various rooms as presented in Table 3.6 below:","<p>(d) For other Station related areas, the following assumptions have been made on the maximum occupancy for various rooms as presented in Table 3.6 below:</p>","(d) For other Station related areas, the following assumptions have been made on the maximum occupancy for various rooms as presented in Table 3.6 below:",,142.7328,1312.9489,1011.7728,52.804688
88fc3fbe-8910-430a-ae1f-edafb5aef478,21,TmK1jZ-,Caption,16,Table 3.6: Typical Occupancy Density,"<span class=""caption"">Table 3.6: Typical Occupancy Density</span>",Table 3.6: Typical Occupancy Density,,1331.2368,181.9296,340.15674,24.710403
88fc3fbe-8910-430a-ae1f-edafb5aef478,22,g9ptVnW,Table,16,"<table>
  <thead>
    <tr>
      <th>Location</th>
      <th>Occupancy</th>
      <th>Reference</th>
    </tr>
  </thead>
  <tbody>
    <tr>
      <td>Concourse</td>
      <td>406 persons</td>
      <td rowspan=""4"">Appendix A- Assessment of Station Passenger Distribution for Cooling Load Calculation</td>
    </tr>
    <tr>
      <td>Entrance (East End)</td>
      <td>113 persons</td>
    </tr>
    <tr>
      <td>Entrance (West End)</td>
      <td>193 persons</td>
    </tr>
    <tr>
      <td>Platform</td>
      <td>118 persons</td>
    </tr>
    <tr>
      <td>Concession</td>
      <td>5m<sup>2</sup>/person</td>
      <td rowspan=""6"">Works Contract 1106 Diamond Hill Station and Diamond Hill Stabling Sidings 2.6A, 2.6C, 2.6E & 2.6F Building Services Scheme Design Report</td>
    </tr>
    <tr>
      <td>Office</td>
      <td>6m<sup>2</sup>/person</td>
    </tr>
    <tr>
      <td>Locker / Mess Room</td>
      <td>5m<sup>2</sup>/person</td>
    </tr>
    <tr>
      <td>Meeting / Rest Room / Waiting Room</td>
      <td>2m<sup>2</sup>/person</td>
    </tr>
    <tr>
      <td>Fire Control Room</td>
      <td>4 persons</td>
    </tr>
    <tr>
      <td>Plant Room</td>
      <td>2 persons</td>
    </tr>
  </tbody>
</table>","<table>
  <thead>
    <tr>
      <th>Location</th>
      <th>Occupancy</th>
      <th>Reference</th>
    </tr>
  </thead>
  <tbody>
    <tr>
      <td>Concourse</td>
      <td>406 persons</td>
      <td rowspan=""4"">Appendix A- Assessment of Station Passenger Distribution for Cooling Load Calculation</td>
    </tr>
    <tr>
      <td>Entrance (East End)</td>
      <td>113 persons</td>
    </tr>
    <tr>
      <td>Entrance (West End)</td>
      <td>193 persons</td>
    </tr>
    <tr>
      <td>Platform</td>
      <td>118 persons</td>
    </tr>
    <tr>
      <td>Concession</td>
      <td>5m<sup>2</sup>/person</td>
      <td rowspan=""6"">Works Contract 1106 Diamond Hill Station and Diamond Hill Stabling Sidings 2.6A, 2.6C, 2.6E & 2.6F Building Services Scheme Design Report</td>
    </tr>
    <tr>
      <td>Office</td>
      <td>6m<sup>2</sup>/person</td>
    </tr>
    <tr>
      <td>Locker / Mess Room</td>
      <td>5m<sup>2</sup>/person</td>
    </tr>
    <tr>
      <td>Meeting / Rest Room / Waiting Room</td>
      <td>2m<sup>2</sup>/person</td>
    </tr>
    <tr>
      <td>Fire Control Room</td>
      <td>4 persons</td>
    </tr>
    <tr>
      <td>Plant Room</td>
      <td>2 persons</td>
    </tr>
  </tbody>
</table>","|                                    |             |                                                                                                                                           |
|------------------------------------|-------------|-------------------------------------------------------------------------------------------------------------------------------------------|
| Location                           | Occupancy   | Reference                                                                                                                                 |
| Concourse                          | 406 persons | Appendix A- Assessment of Station Passenger Distribution for Cooling Load Calculation                                                     |
| Entrance (East End)                | 113 persons |                                                                                                                                           |
| Entrance (West End)                | 193 persons |                                                                                                                                           |
| Platform                           | 118 persons |                                                                                                                                           |
| Concession                         | 5m2/person  | Works Contract 1106 Diamond Hill Station and Diamond Hill Stabling Sidings 2.6A, 2.6C, 2.6E & 2.6F Building Services Scheme Design Report |
| Office                             | 6m2/person  |                                                                                                                                           |
| Locker / Mess Room                 | 5m2/person  |                                                                                                                                           |
| Meeting / Rest Room / Waiting Room | 2m2/person  |                                                                                                                                           |
| Fire Control Room                  | 4 persons   |                                                                                                                                           |
| Plant Room                         | 2 persons   |                                                                                                                                           |",https://storage.googleapis.com/chunkr-prod-bucket/b1e41788-2d6e-4f8e-ad16-2e39fb334c57/5d9ffc1b-8d78-44ef-813d-5174c6bbebed/images/g9ptVnW.jpg?x-id=GetObject&response-content-disposition=inline&response-content-encoding=utf-8&response-content-type=image%2Fjpeg&X-Amz-Algorithm=AWS4-HMAC-SHA256&X-Amz-Credential=GOOG1EBMQ2D33SPB3VQ4MMVJEKXWQFNK5WS57JRFVYUSD3ZCA76OC3B74IG7C%2F20260119%2Fus-east-1%2Fs3%2Faws4_request&X-Amz-Date=20260119T145120Z&X-Amz-Expires=3600&X-Amz-SignedHeaders=host&X-Amz-Signature=e0875aaf6b0a60c0993a7eeafb316abdd7db865e2c9f664a2771dc9e72d0ba97,1340.2656,217.2672,895.0464,501.5376
ba933fb7-5ce7-4609-9c31-8b83a80597c2,0,0nV600t,SectionHeader,16,## 3.2.9 Fresh Air Rates,<h2>3.2.9 Fresh Air Rates</h2>,## 3.2.9 Fresh Air Rates,,1224.0864,745.8912,244.33923,21.052795
ba933fb7-5ce7-4609-9c31-8b83a80597c2,1,8msfTy_,Text,16,"(a) The fresh air supply rates for passengers and room occupants are as indicated in Table 3.7 below, in line with the MTR NW&MARWDSM and ASHRAE Handbook Fundamentals. To fulfil BEAM Plus HWB 4 - Enhanced Ventilation, at least 30% exceeding ASHRAE Standard 62.1-2016 is required in normally occupied spaces.","<p>(a) The fresh air supply rates for passengers and room occupants are as indicated in Table 3.7 below, in line with the MTR NW&MARWDSM and ASHRAE Handbook Fundamentals. To fulfil BEAM Plus HWB 4 - Enhanced Ventilation, at least 30% exceeding ASHRAE Standard 62.1-2016 is required in normally occupied spaces.</p>","(a) The fresh air supply rates for passengers and room occupants are as indicated in Table 3.7 below, in line with the MTR NW&MARWDSM and ASHRAE Handbook Fundamentals. To fulfil BEAM Plus HWB 4 - Enhanced Ventilation, at least 30% exceeding ASHRAE Standard 62.1-2016 is required in normally occupied spaces.",,1224.6768,794.9808,1012.9968,105.120056
ba933fb7-5ce7-4609-9c31-8b83a80597c2,2,Y7t3x-1,Caption,16,Table 3.7: Fresh Air Supply Flow Rates,"<span class=""caption"">Table 3.7: Fresh Air Supply Flow Rates</span>",Table 3.7: Fresh Air Supply Flow Rates,,1331.1216,920.88,349.97766,23.414368
ba933fb7-5ce7-4609-9c31-8b83a80597c2,3,bdl443U,Table,16,"<table>
  <thead>
    <tr>
      <th>Location</th>
      <th>Outside Air Rate as per NW&amp;MARWDSM and ASHRAE Handbook Fundamentals 2017 Page 16.11<br>(l/sec per person)</th>
      <th>Enhanced Outside Air Rate as per ASHRAE Standard 62.1 2016 Table 6.2.2.1 with 30% increase<br>(l/sec per person)</th>
      <th>Outside Air Rate as per A Guides on Indoor Air Quality Certification Scheme for Offices and Public Places<br>(l/sec per person)</th>
      <th>Reference</th>
    </tr>
  </thead>
  <tbody>
    <tr>
      <td>Concourse &amp; Platform</td>
      <td>5</td>
      <td>6.9</td>
      <td>12.9</td>
      <td>Based on NW&amp;MARWDSM Section 7.8.2.8.3.1 and ASHRAE Standard 62.1-2016</td>
    </tr>
    <tr>
      <td>Concession</td>
      <td>8</td>
      <td>10.8</td>
      <td>15.9</td>
      <td>Based on NW&amp;MARWDSM Section 7.8.2.8.3.1 and ASHRAE Standard 62.1-2016</td>
    </tr>
  </tbody>
</table>","<table>
  <thead>
    <tr>
      <th>Location</th>
      <th>Outside Air Rate as per NW&amp;MARWDSM and ASHRAE Handbook Fundamentals 2017 Page 16.11<br>(l/sec per person)</th>
      <th>Enhanced Outside Air Rate as per ASHRAE Standard 62.1 2016 Table 6.2.2.1 with 30% increase<br>(l/sec per person)</th>
      <th>Outside Air Rate as per A Guides on Indoor Air Quality Certification Scheme for Offices and Public Places<br>(l/sec per person)</th>
      <th>Reference</th>
    </tr>
  </thead>
  <tbody>
    <tr>
      <td>Concourse &amp; Platform</td>
      <td>5</td>
      <td>6.9</td>
      <td>12.9</td>
      <td>Based on NW&amp;MARWDSM Section 7.8.2.8.3.1 and ASHRAE Standard 62.1-2016</td>
    </tr>
    <tr>
      <td>Concession</td>
      <td>8</td>
      <td>10.8</td>
      <td>15.9</td>
      <td>Based on NW&amp;MARWDSM Section 7.8.2.8.3.1 and ASHRAE Standard 62.1-2016</td>
    </tr>
  </tbody>
</table>","|                      |                                                                                                        |                                                                                                               |                                                                                                                              |                                                                       |
|----------------------|--------------------------------------------------------------------------------------------------------|---------------------------------------------------------------------------------------------------------------|------------------------------------------------------------------------------------------------------------------------------|-----------------------------------------------------------------------|
| Location             | Outside Air Rate as per NW&MARWDSM and ASHRAE Handbook Fundamentals 2017 Page 16.11 (l/sec per person) | Enhanced Outside Air Rate as per ASHRAE Standard 62.1 2016 Table 6.2.2.1 with 30% increase (l/sec per person) | Outside Air Rate as per A Guides on Indoor Air Quality Certification Scheme for Offices and Public Places (l/sec per person) | Reference                                                             |
| Concourse & Platform | 5                                                                                                      | 6.9                                                                                                           | 12.9                                                                                                                         | Based on NW&MARWDSM Section 7.8.2.8.3.1 and ASHRAE Standard 62.1-2016 |
| Concession           | 8                                                                                                      | 10.8                                                                                                          | 15.9                                                                                                                         | Based on NW&MARWDSM Section 7.8.2.8.3.1 and ASHRAE Standard 62.1-2016 |",https://storage.googleapis.com/chunkr-prod-bucket/b1e41788-2d6e-4f8e-ad16-2e39fb334c57/5d9ffc1b-8d78-44ef-813d-5174c6bbebed/images/bdl443U.jpg?x-id=GetObject&response-content-disposition=inline&response-content-encoding=utf-8&response-content-type=image%2Fjpeg&X-Amz-Algorithm=AWS4-HMAC-SHA256&X-Amz-Credential=GOOG1EBMQ2D33SPB3VQ4MMVJEKXWQFNK5WS57JRFVYUSD3ZCA76OC3B74IG7C%2F20260119%2Fus-east-1%2Fs3%2Faws4_request&X-Amz-Date=20260119T145120Z&X-Amz-Expires=3600&X-Amz-SignedHeaders=host&X-Amz-Signature=2e8cc010c9dd0bae6021b843975e89dd275af8539f9c8b71605b280bf57f747f,1335.6288,956.8224,892.5697,490.60803
ba933fb7-5ce7-4609-9c31-8b83a80597c2,4,jRW-t_C,PageFooter,16,Rev. A,"<div class=""page-footer"">Rev. A</div>",Rev. A,,142.2288,1601.4816,59.039993,18.791992
ba933fb7-5ce7-4609-9c31-8b83a80597c2,5,6e2aa8N,PageFooter,16,Page 7,"<div class=""page-footer"">Page 7</div>",Page 7,,1157.256,1601.424,61.920044,21.427246
ba933fb7-5ce7-4609-9c31-8b83a80597c2,6,KraT0qH,PageFooter,16,January 2023,"<div class=""page-footer"">January 2023</div>",January 2023,,2111.7744,1600.848,123.03369,21.902344
ba933fb7-5ce7-4609-9c31-8b83a80597c2,7,ycLE0xu,Text,17,AECOM,<p>AECOM</p>,AECOM,,140.544,50.472,163.3536,40.7088
ba933fb7-5ce7-4609-9c31-8b83a80597c2,8,A8IIpm7,PageHeader,17,Consultancy Agreement No. C1501 Design Services for Tuen Ma Extension 2.4C A16 Reference Design Building Services Design Final Report with Federated Design Model and Drawings,"<div class=""page-header"">Consultancy Agreement No. C1501 Design Services for Tuen Ma Extension 2.4C A16 Reference Design Building Services Design Final Report with Federated Design Model and Drawings</div>",Consultancy Agreement No. C1501 Design Services for Tuen Ma Extension 2.4C A16 Reference Design Building Services Design Final Report with Federated Design Model and Drawings,,1259.7697,59.5008,977.7023,78.3648
ba933fb7-5ce7-4609-9c31-8b83a80597c2,9,4lty4Xv,Table,17,"<table>
  <thead>
    <tr>
      <th>Location</th>
      <th>Outside Air Rate as per NW&amp;MARWDSM and ASHRAE Handbook Fundamentals 2017 Page 16.11<br>(l/sec per person)</th>
      <th>Enhanced Outside Air Rate as per ASHRAE Standard 62.1 2016 Table 6.2.2.1 with 30% increase<br>(l/sec per person)</th>
      <th>Outside Air Rate as per A Guides on Indoor Air Quality Certification Scheme for Offices and Public Places<br>(l/sec per person)</th>
      <th>Reference</th>
    </tr>
  </thead>
  <tbody>
    <tr>
      <td>Back of House and Office</td>
      <td>10</td>
      <td>10</td>
      <td>12.9</td>
      <td>Based on ASHRAE Handbook Fundamentals 2017 Page 16.11 and ASHRAE Standard 62.1-2016</td>
    </tr>
    <tr>
      <td>Meeting Room</td>
      <td>10</td>
      <td>4</td>
      <td>11.5</td>
      <td>Based on ASHRAE Handbook Fundamentals 2017 Page 16.11 and ASHRAE Standard 62.1-2016</td>
    </tr>
  </tbody>
</table>","<table>
  <thead>
    <tr>
      <th>Location</th>
      <th>Outside Air Rate as per NW&amp;MARWDSM and ASHRAE Handbook Fundamentals 2017 Page 16.11<br>(l/sec per person)</th>
      <th>Enhanced Outside Air Rate as per ASHRAE Standard 62.1 2016 Table 6.2.2.1 with 30% increase<br>(l/sec per person)</th>
      <th>Outside Air Rate as per A Guides on Indoor Air Quality Certification Scheme for Offices and Public Places<br>(l/sec per person)</th>
      <th>Reference</th>
    </tr>
  </thead>
  <tbody>
    <tr>
      <td>Back of House and Office</td>
      <td>10</td>
      <td>10</td>
      <td>12.9</td>
      <td>Based on ASHRAE Handbook Fundamentals 2017 Page 16.11 and ASHRAE Standard 62.1-2016</td>
    </tr>
    <tr>
      <td>Meeting Room</td>
      <td>10</td>
      <td>4</td>
      <td>11.5</td>
      <td>Based on ASHRAE Handbook Fundamentals 2017 Page 16.11 and ASHRAE Standard 62.1-2016</td>
    </tr>
  </tbody>
</table>","|                          |                                                                                                        |                                                                                                               |                                                                                                                              |                                                                                     |
|--------------------------|--------------------------------------------------------------------------------------------------------|---------------------------------------------------------------------------------------------------------------|------------------------------------------------------------------------------------------------------------------------------|-------------------------------------------------------------------------------------|
| Location                 | Outside Air Rate as per NW&MARWDSM and ASHRAE Handbook Fundamentals 2017 Page 16.11 (l/sec per person) | Enhanced Outside Air Rate as per ASHRAE Standard 62.1 2016 Table 6.2.2.1 with 30% increase (l/sec per person) | Outside Air Rate as per A Guides on Indoor Air Quality Certification Scheme for Offices and Public Places (l/sec per person) | Reference                                                                           |
| Back of House and Office | 10                                                                                                     | 10                                                                                                            | 12.9                                                                                                                         | Based on ASHRAE Handbook Fundamentals 2017 Page 16.11 and ASHRAE Standard 62.1-2016 |
| Meeting Room             | 10                                                                                                     | 4                                                                                                             | 11.5                                                                                                                         | Based on ASHRAE Handbook Fundamentals 2017 Page 16.11 and ASHRAE Standard 62.1-2016 |",https://storage.googleapis.com/chunkr-prod-bucket/b1e41788-2d6e-4f8e-ad16-2e39fb334c57/5d9ffc1b-8d78-44ef-813d-5174c6bbebed/images/4lty4Xv.jpg?x-id=GetObject&response-content-disposition=inline&response-content-encoding=utf-8&response-content-type=image%2Fjpeg&X-Amz-Algorithm=AWS4-HMAC-SHA256&X-Amz-Credential=GOOG1EBMQ2D33SPB3VQ4MMVJEKXWQFNK5WS57JRFVYUSD3ZCA76OC3B74IG7C%2F20260119%2Fus-east-1%2Fs3%2Faws4_request&X-Amz-Date=20260119T145120Z&X-Amz-Expires=3600&X-Amz-SignedHeaders=host&X-Amz-Signature=959ad368d325af5c6a530939ae3dcf289e560b2f00f05d70b80b6154abc7ebdf,253.3104,180.7488,887.60156,538.3584
93bbdb1c-7e52-481c-bac4-2165c1b19360,0,UO9t4Zt,SectionHeader,17,## 3.2.10 Heat Dissipation Rates,<h2>3.2.10 Heat Dissipation Rates</h2>,## 3.2.10 Heat Dissipation Rates,,142.3296,745.776,311.21277,22.593628
93bbdb1c-7e52-481c-bac4-2165c1b19360,1,-7RVFsz,Text,17,(a) The heat dissipation rates from passengers (platform and concourse) and occupants are as shown in Table 3.8 below.,<p>(a) The heat dissipation rates from passengers (platform and concourse) and occupants are as shown in Table 3.8 below.</p>,(a) The heat dissipation rates from passengers (platform and concourse) and occupants are as shown in Table 3.8 below.,,142.7472,795.9024,1012.0176,49.23358
93bbdb1c-7e52-481c-bac4-2165c1b19360,2,uKXv2b8,Caption,17,Table 3.8: Heat Dissipation Rates from Passengers and Occupants,"<span class=""caption"">Table 3.8: Heat Dissipation Rates from Passengers and Occupants</span>",Table 3.8: Heat Dissipation Rates from Passengers and Occupants,,249.3792,866.5344,599.5008,25.70398
93bbdb1c-7e52-481c-bac4-2165c1b19360,3,YG2TYN0,Table,17,"<table>
  <thead>
    <tr>
      <th>Area</th>
      <th>Sensible Load<br>(W/ person)</th>
      <th>Latent Load<br>(W/ person)</th>
      <th>Source</th>
    </tr>
  </thead>
  <tbody>
    <tr>
      <td>Concourse and Platform</td>
      <td>75</td>
      <td>70</td>
      <td>NW&MARWDSM Section<br>7.8.2.8.3.1</td>
    </tr>
    <tr>
      <td>Concession Area<br>(Standing, light work, walking)</td>
      <td>75</td>
      <td>55</td>
      <td>ASHRAE Fundamentals 2017 Page<br>18.4 Table 1</td>
    </tr>
    <tr>
      <td>Staff Accommodation / Office<br>(Moderately active office work)</td>
      <td>75</td>
      <td>55</td>
      <td>ASHRAE Fundamentals 2017 Page<br>18.4 Table 1</td>
    </tr>
    <tr>
      <td>Meeting Room<br>(Seated, very light work)</td>
      <td>70</td>
      <td>45</td>
      <td>ASHRAE Fundamentals 2017 Page<br>18.4 Table 1</td>
    </tr>
    <tr>
      <td>F&B<br>(Sedentary Work)</td>
      <td>80</td>
      <td>80</td>
      <td>ASHRAE Fundamentals 2017 Page<br>18.4 Table 1</td>
    </tr>
  </tbody>
</table>","<table>
  <thead>
    <tr>
      <th>Area</th>
      <th>Sensible Load<br>(W/ person)</th>
      <th>Latent Load<br>(W/ person)</th>
      <th>Source</th>
    </tr>
  </thead>
  <tbody>
    <tr>
      <td>Concourse and Platform</td>
      <td>75</td>
      <td>70</td>
      <td>NW&MARWDSM Section<br>7.8.2.8.3.1</td>
    </tr>
    <tr>
      <td>Concession Area<br>(Standing, light work, walking)</td>
      <td>75</td>
      <td>55</td>
      <td>ASHRAE Fundamentals 2017 Page<br>18.4 Table 1</td>
    </tr>
    <tr>
      <td>Staff Accommodation / Office<br>(Moderately active office work)</td>
      <td>75</td>
      <td>55</td>
      <td>ASHRAE Fundamentals 2017 Page<br>18.4 Table 1</td>
    </tr>
    <tr>
      <td>Meeting Room<br>(Seated, very light work)</td>
      <td>70</td>
      <td>45</td>
      <td>ASHRAE Fundamentals 2017 Page<br>18.4 Table 1</td>
    </tr>
    <tr>
      <td>F&B<br>(Sedentary Work)</td>
      <td>80</td>
      <td>80</td>
      <td>ASHRAE Fundamentals 2017 Page<br>18.4 Table 1</td>
    </tr>
  </tbody>
</table>","|                                                              |                           |                         |                                            |
|--------------------------------------------------------------|---------------------------|-------------------------|--------------------------------------------|
| Area                                                         | Sensible Load (W/ person) | Latent Load (W/ person) | Source                                     |
| Concourse and Platform                                       | 75                        | 70                      | NW&MARWDSM Section 7.8.2.8.3.1             |
| Concession Area (Standing, light work, walking)              | 75                        | 55                      | ASHRAE Fundamentals 2017 Page 18.4 Table 1 |
| Staff Accommodation / Office (Moderately active office work) | 75                        | 55                      | ASHRAE Fundamentals 2017 Page 18.4 Table 1 |
| Meeting Room (Seated, very light work)                       | 70                        | 45                      | ASHRAE Fundamentals 2017 Page 18.4 Table 1 |
| F&B (Sedentary Work)                                         | 80                        | 80                      | ASHRAE Fundamentals 2017 Page 18.4 Table 1 |",https://storage.googleapis.com/chunkr-prod-bucket/b1e41788-2d6e-4f8e-ad16-2e39fb334c57/5d9ffc1b-8d78-44ef-813d-5174c6bbebed/images/YG2TYN0.jpg?x-id=GetObject&response-content-disposition=inline&response-content-encoding=utf-8&response-content-type=image%2Fjpeg&X-Amz-Algorithm=AWS4-HMAC-SHA256&X-Amz-Credential=GOOG1EBMQ2D33SPB3VQ4MMVJEKXWQFNK5WS57JRFVYUSD3ZCA76OC3B74IG7C%2F20260119%2Fus-east-1%2Fs3%2Faws4_request&X-Amz-Date=20260119T145120Z&X-Amz-Expires=3600&X-Amz-SignedHeaders=host&X-Amz-Signature=30fff8395c62eb181ebcf8aaa5234bb2efbe3f7392c9348c4afd044556ac0d87,252.7776,904.0896,895.9104,476.9856
93bbdb1c-7e52-481c-bac4-2165c1b19360,4,hK2AH65,Text,17,(b) The Systemwide E&M Equipment Heat Dissipation Schedule have been received from MTR Systemwide (Rev. D) and included in Appendix G. The Systemwide Heat Dissipation Rates are summarized in Table 3.9 below:,<p>(b) The Systemwide E&M Equipment Heat Dissipation Schedule have been received from MTR Systemwide (Rev. D) and included in Appendix G. The Systemwide Heat Dissipation Rates are summarized in Table 3.9 below:</p>,(b) The Systemwide E&M Equipment Heat Dissipation Schedule have been received from MTR Systemwide (Rev. D) and included in Appendix G. The Systemwide Heat Dissipation Rates are summarized in Table 3.9 below:,,142.7616,1394.4672,1011.7728,76.176025
93bbdb1c-7e52-481c-bac4-2165c1b19360,5,Dh1qMqQ,Caption,17,Table 3.9: Heat Dissipation Rates from Other Equipment,"<span class=""caption"">Table 3.9: Heat Dissipation Rates from Other Equipment</span>",Table 3.9: Heat Dissipation Rates from Other Equipment,,1331.424,182.376,516.5425,23.529587
93bbdb1c-7e52-481c-bac4-2165c1b19360,6,ofY4JR1,Table,17,"<table>
  <thead>
    <tr>
      <th>Location</th>
      <th>Heat Dissipation (kW)</th>
      <th>Remark</th>
    </tr>
  </thead>
  <tbody>
    <tr>
      <td>Audit Revenue Room</td>
      <td>-</td>
      <td></td>
    </tr>
    <tr>
      <td>Advertising Equipment Room</td>
      <td>2.4 (COM)</td>
      <td></td>
    </tr>
    <tr>
      <td>Police Equipment Room</td>
      <td>5.6 (COM)</td>
      <td></td>
    </tr>
    <tr>
      <td>Police Facility Room</td>
      <td>3.2 (COM)</td>
      <td></td>
    </tr>
    <tr>
      <td rowspan=""2"">Telecom Equipment Room (TER)</td>
      <td>25.84 (COM)</td>
      <td></td>
    </tr>
    <tr>
      <td>1.6 (MCS)</td>
      <td></td>
    </tr>
    <tr>
      <td>Network Equipment Room</td>
      <td>30.64 (COM)</td>
      <td></td>
    </tr>
    <tr>
      <td rowspan=""6"">Fire Control Room (FCR)</td>
      <td>8 (COM)</td>
      <td></td>
    </tr>
    <tr>
      <td>9.6 (MCS)</td>
      <td></td>
    </tr>
    <tr>
      <td>1.6 (SAMS)</td>
      <td></td>
    </tr>
    <tr>
      <td>3.68 (AFC)</td>
      <td></td>
    </tr>
    <tr>
      <td>1.2 (SIG)</td>
      <td></td>
    </tr>
    <tr>
      <td>2 (OHL)</td>
      <td></td>
    </tr>
    <tr>
      <td>Signalling Equipment Room</td>
      <td>30.8 (SIG)</td>
      <td></td>
    </tr>
    <tr>
      <td>Common Telecom Equipment Room</td>
      <td>75 (PMCS)</td>
      <td></td>
    </tr>
    <tr>
      <td rowspan=""2"">Cable Termination Room</td>
      <td>9.4 (COM)</td>
      <td></td>
    </tr>
    <tr>
      <td>16 (PMCS)</td>
      <td></td>
    </tr>
    <tr>
      <td>Trackside LV Switch Room</td>
      <td>1.6 (MCS)</td>
      <td></td>
    </tr>
    <tr>
      <td rowspan=""3"">Platform Supervisor's Booth</td>
      <td>1.2 (COM)</td>
      <td></td>
    </tr>
    <tr>
      <td>1.6 (MCS)</td>
      <td></td>
    </tr>
    <tr>
      <td>1.2 (SIG)</td>
      <td></td>
    </tr>
    <tr>
      <td>Customer Service Centre</td>
      <td>2.4 (AFC)</td>
      <td></td>
    </tr>
    <tr>
      <td>Smart Customer Service Centre</td>
      <td>2.4 (COM)</td>
      <td></td>
    </tr>
    <tr>
      <td>PSD Equipment Room</td>
      <td>7 (PSD)</td>
      <td></td>
    </tr>
    <tr>
      <td rowspan=""3"">UPS Room (East End)</td>
      <td>36 (UPS Heat Dissipation)</td>
      <td>Assume heat dissipation of UPS be 10% of UPS rating</td>
    </tr>
    <tr>
      <td>7.3 (UPS Isolator Transformer Heat Dissipation)</td>
      <td>Assume heat dissipation of UPS Isolator Transformer be 2% of UPS rating</td>
    </tr>
    <tr>
      <td>1.6 (MCS)</td>
      <td></td>
    </tr>
  </tbody>
</table>","<table>
  <thead>
    <tr>
      <th>Location</th>
      <th>Heat Dissipation (kW)</th>
      <th>Remark</th>
    </tr>
  </thead>
  <tbody>
    <tr>
      <td>Audit Revenue Room</td>
      <td>-</td>
      <td></td>
    </tr>
    <tr>
      <td>Advertising Equipment Room</td>
      <td>2.4 (COM)</td>
      <td></td>
    </tr>
    <tr>
      <td>Police Equipment Room</td>
      <td>5.6 (COM)</td>
      <td></td>
    </tr>
    <tr>
      <td>Police Facility Room</td>
      <td>3.2 (COM)</td>
      <td></td>
    </tr>
    <tr>
      <td rowspan=""2"">Telecom Equipment Room (TER)</td>
      <td>25.84 (COM)</td>
      <td></td>
    </tr>
    <tr>
      <td>1.6 (MCS)</td>
      <td></td>
    </tr>
    <tr>
      <td>Network Equipment Room</td>
      <td>30.64 (COM)</td>
      <td></td>
    </tr>
    <tr>
      <td rowspan=""6"">Fire Control Room (FCR)</td>
      <td>8 (COM)</td>
      <td></td>
    </tr>
    <tr>
      <td>9.6 (MCS)</td>
      <td></td>
    </tr>
    <tr>
      <td>1.6 (SAMS)</td>
      <td></td>
    </tr>
    <tr>
      <td>3.68 (AFC)</td>
      <td></td>
    </tr>
    <tr>
      <td>1.2 (SIG)</td>
      <td></td>
    </tr>
    <tr>
      <td>2 (OHL)</td>
      <td></td>
    </tr>
    <tr>
      <td>Signalling Equipment Room</td>
      <td>30.8 (SIG)</td>
      <td></td>
    </tr>
    <tr>
      <td>Common Telecom Equipment Room</td>
      <td>75 (PMCS)</td>
      <td></td>
    </tr>
    <tr>
      <td rowspan=""2"">Cable Termination Room</td>
      <td>9.4 (COM)</td>
      <td></td>
    </tr>
    <tr>
      <td>16 (PMCS)</td>
      <td></td>
    </tr>
    <tr>
      <td>Trackside LV Switch Room</td>
      <td>1.6 (MCS)</td>
      <td></td>
    </tr>
    <tr>
      <td rowspan=""3"">Platform Supervisor's Booth</td>
      <td>1.2 (COM)</td>
      <td></td>
    </tr>
    <tr>
      <td>1.6 (MCS)</td>
      <td></td>
    </tr>
    <tr>
      <td>1.2 (SIG)</td>
      <td></td>
    </tr>
    <tr>
      <td>Customer Service Centre</td>
      <td>2.4 (AFC)</td>
      <td></td>
    </tr>
    <tr>
      <td>Smart Customer Service Centre</td>
      <td>2.4 (COM)</td>
      <td></td>
    </tr>
    <tr>
      <td>PSD Equipment Room</td>
      <td>7 (PSD)</td>
      <td></td>
    </tr>
    <tr>
      <td rowspan=""3"">UPS Room (East End)</td>
      <td>36 (UPS Heat Dissipation)</td>
      <td>Assume heat dissipation of UPS be 10% of UPS rating</td>
    </tr>
    <tr>
      <td>7.3 (UPS Isolator Transformer Heat Dissipation)</td>
      <td>Assume heat dissipation of UPS Isolator Transformer be 2% of UPS rating</td>
    </tr>
    <tr>
      <td>1.6 (MCS)</td>
      <td></td>
    </tr>
  </tbody>
</table>","|                               |                                                           |                                                                                                                             |
|-------------------------------|-----------------------------------------------------------|-----------------------------------------------------------------------------------------------------------------------------|
| Location                      | Heat Dissipation (kW)                                     | Remark                                                                                                                      |
| Audit Revenue Room            | \-                                                        |                                                                                                                             |
| Advertising Equipment Room    | 2.4 (COM)                                                 |                                                                                                                             |
| Police Equipment Room         | 5.6 (COM)                                                 |                                                                                                                             |
| Police Facility Room          | 3.2 (COM)                                                 |                                                                                                                             |
| Telecom Equipment Room (TER)  | 25.84 (COM)                                               |                                                                                                                             |
|                               | 1.6 (MCS)                                                 |                                                                                                                             |
| Network Equipment Room        | 30.64 (COM)                                               |                                                                                                                             |
| Fire Control Room (FCR)       | 8 (COM)                                                   |                                                                                                                             |
|                               | 9.6 (MCS)                                                 |                                                                                                                             |
|                               | 1.6 (SAMS)                                                |                                                                                                                             |
|                               | 3.68 (AFC)                                                |                                                                                                                             |
|                               | 1.2 (SIG)                                                 |                                                                                                                             |
|                               | 2 (OHL)                                                   |                                                                                                                             |
| Signalling Equipment Room     | 30.8 (SIG)                                                |                                                                                                                             |
| Common Telecom Equipment Room | 75 (PMCS)                                                 |                                                                                                                             |
| Cable Termination Room        | 9.4 (COM)                                                 |                                                                                                                             |
|                               | 16 (PMCS)                                                 |                                                                                                                             |
| Trackside LV Switch Room      | 1.6 (MCS)                                                 |                                                                                                                             |
| Platform Supervisor's Booth   | 1.2 (COM)                                                 |                                                                                                                             |
|                               | 1.6 (MCS)                                                 |                                                                                                                             |
|                               | 1.2 (SIG)                                                 |                                                                                                                             |
| Customer Service Centre       | 2.4 (AFC)                                                 |                                                                                                                             |
| Smart Customer Service Centre | 2.4 (COM)                                                 |                                                                                                                             |
| PSD Equipment Room            | 7 (PSD)                                                   |                                                                                                                             |
| UPS Room (East End)           | 36 (UPS Heat Dissipation)                                 | Assume heat dissipation of UPS be 10% of UPS rating Assume heat dissipation of UPS Isolator Transformer be 2% of UPS rating |
|                               | 7.3 (UPS Isolator Transformer Heat Dissipation) 1.6 (MCS) |                                                                                                                             |",https://storage.googleapis.com/chunkr-prod-bucket/b1e41788-2d6e-4f8e-ad16-2e39fb334c57/5d9ffc1b-8d78-44ef-813d-5174c6bbebed/images/ofY4JR1.jpg?x-id=GetObject&response-content-disposition=inline&response-content-encoding=utf-8&response-content-type=image%2Fjpeg&X-Amz-Algorithm=AWS4-HMAC-SHA256&X-Amz-Credential=GOOG1EBMQ2D33SPB3VQ4MMVJEKXWQFNK5WS57JRFVYUSD3ZCA76OC3B74IG7C%2F20260119%2Fus-east-1%2Fs3%2Faws4_request&X-Amz-Date=20260119T145120Z&X-Amz-Expires=3600&X-Amz-SignedHeaders=host&X-Amz-Signature=ba11924b5b7dd7dc2208a0cb434754490e08cdf83b60d938c00012839c3e15da,1336.68,215.3088,897.40784,1262.2463
93bbdb1c-7e52-481c-bac4-2165c1b19360,7,OSAtqaJ,PageFooter,17,Rev. A,"<div class=""page-footer"">Rev. A</div>",Rev. A,,142.2432,1601.4384,59.14081,18.907227
93bbdb1c-7e52-481c-bac4-2165c1b19360,8,fwEQOeU,PageFooter,17,Page 8,"<div class=""page-footer"">Page 8</div>",Page 8,,1157.4288,1601.4816,62.164795,21.326416
93bbdb1c-7e52-481c-bac4-2165c1b19360,9,TJxyFiW,PageFooter,17,January 2023,"<div class=""page-footer"">January 2023</div>",January 2023,,2112.0193,1601.064,122.90381,21.61438
93bbdb1c-7e52-481c-bac4-2165c1b19360,10,zV0nzPa,Text,18,AECOM,<p>AECOM</p>,AECOM,,140.328,50.3136,163.44,40.9392
93bbdb1c-7e52-481c-bac4-2165c1b19360,11,00eHTvP,Table,18,"<table>
  <thead>
    <tr>
      <th>Location</th>
      <th>Heat Dissipation (kW)</th>
      <th>Remark</th>
    </tr>
  </thead>
  <tbody>
    <tr>
      <td rowspan=""3"">UPS Room (West End)</td>
      <td>26.1 (UPS Heat Dissipation)</td>
      <td rowspan=""3"">Assume heat dissipation of UPS be 10% of UPS rating<br>Assume heat dissipation of UPS Isolator Transformer be 2% of UPS rating</td>
    </tr>
    <tr>
      <td>5.4 (UPS Isolator Transformer Heat Dissipation)</td>
    </tr>
    <tr>
      <td>1.6 (MCS)</td>
    </tr>
    <tr>
      <td rowspan=""2"">LV Switch Room</td>
      <td>2.4 (MCS)</td>
      <td rowspan=""2""></td>
    </tr>
    <tr>
      <td>3 (POW)</td>
    </tr>
    <tr>
      <td>TECS Control Room</td>
      <td>10 (TECS)</td>
      <td></td>
    </tr>
    <tr>
      <td>TECS Air Receiver Room</td>
      <td>15 (TECS)</td>
      <td></td>
    </tr>
    <tr>
      <td>Electrical Room</td>
      <td>1.6 (MCS)</td>
      <td></td>
    </tr>
    <tr>
      <td>Traction Feeder Station - 25kV Switchgear Room</td>
      <td>8.5 (POW)</td>
      <td></td>
    </tr>
    <tr>
      <td>Traction Feeder Station - 25kV Outgoing Isolator Room</td>
      <td>2 (POW)</td>
      <td></td>
    </tr>
    <tr>
      <td rowspan=""2"">Lift Machine Room (Inside Lift Shaft (MRL) - rated load 1600kg, 1m/s)</td>
      <td>4 (LIFT)</td>
      <td rowspan=""2"">Fireman's / Casualty lift</td>
    </tr>
    <tr>
      <td>0.5 (COM)</td>
    </tr>
    <tr>
      <td rowspan=""2"">Lift Machine Room (Inside Lift Shaft (MRL) - rated load 1800kg, 1m/s)</td>
      <td>6.7 (LIFT)</td>
      <td rowspan=""2"">Passenger lifts</td>
    </tr>
    <tr>
      <td>0.5 (COM)</td>
    </tr>
    <tr>
      <td>Upper Escalator Pit (5 - 7m rise)</td>
      <td>7 (ESC)</td>
      <td></td>
    </tr>
    <tr>
      <td>Escalator Controller Cabinet (ECC) (5 - 7m rise)</td>
      <td>3 (ESC)</td>
      <td></td>
    </tr>
    <tr>
      <td>Upper Escalator Pit (7 - 8m rise)</td>
      <td>8.4 (ESC)</td>
      <td></td>
    </tr>
    <tr>
      <td>Escalator Controller Cabinet (ECC) (7 - 8m rise)</td>
      <td>3.6 (ESC)</td>
      <td></td>
    </tr>
    <tr>
      <td>Upper Escalator Pit (8 - 10m rise)</td>
      <td>11.2 (ESC)</td>
      <td></td>
    </tr>
    <tr>
      <td>Escalator Controller Cabinet (ECC) (8 - 10m rise)</td>
      <td>4.8 (ESC)</td>
      <td></td>
    </tr>
    <tr>
      <td>Upper Escalator Pit (10 - 12m rise)</td>
      <td>12.6 (ESC)</td>
      <td></td>
    </tr>
  </tbody>
</table>","<table>
  <thead>
    <tr>
      <th>Location</th>
      <th>Heat Dissipation (kW)</th>
      <th>Remark</th>
    </tr>
  </thead>
  <tbody>
    <tr>
      <td rowspan=""3"">UPS Room (West End)</td>
      <td>26.1 (UPS Heat Dissipation)</td>
      <td rowspan=""3"">Assume heat dissipation of UPS be 10% of UPS rating<br>Assume heat dissipation of UPS Isolator Transformer be 2% of UPS rating</td>
    </tr>
    <tr>
      <td>5.4 (UPS Isolator Transformer Heat Dissipation)</td>
    </tr>
    <tr>
      <td>1.6 (MCS)</td>
    </tr>
    <tr>
      <td rowspan=""2"">LV Switch Room</td>
      <td>2.4 (MCS)</td>
      <td rowspan=""2""></td>
    </tr>
    <tr>
      <td>3 (POW)</td>
    </tr>
    <tr>
      <td>TECS Control Room</td>
      <td>10 (TECS)</td>
      <td></td>
    </tr>
    <tr>
      <td>TECS Air Receiver Room</td>
      <td>15 (TECS)</td>
      <td></td>
    </tr>
    <tr>
      <td>Electrical Room</td>
      <td>1.6 (MCS)</td>
      <td></td>
    </tr>
    <tr>
      <td>Traction Feeder Station - 25kV Switchgear Room</td>
      <td>8.5 (POW)</td>
      <td></td>
    </tr>
    <tr>
      <td>Traction Feeder Station - 25kV Outgoing Isolator Room</td>
      <td>2 (POW)</td>
      <td></td>
    </tr>
    <tr>
      <td rowspan=""2"">Lift Machine Room (Inside Lift Shaft (MRL) - rated load 1600kg, 1m/s)</td>
      <td>4 (LIFT)</td>
      <td rowspan=""2"">Fireman's / Casualty lift</td>
    </tr>
    <tr>
      <td>0.5 (COM)</td>
    </tr>
    <tr>
      <td rowspan=""2"">Lift Machine Room (Inside Lift Shaft (MRL) - rated load 1800kg, 1m/s)</td>
      <td>6.7 (LIFT)</td>
      <td rowspan=""2"">Passenger lifts</td>
    </tr>
    <tr>
      <td>0.5 (COM)</td>
    </tr>
    <tr>
      <td>Upper Escalator Pit (5 - 7m rise)</td>
      <td>7 (ESC)</td>
      <td></td>
    </tr>
    <tr>
      <td>Escalator Controller Cabinet (ECC) (5 - 7m rise)</td>
      <td>3 (ESC)</td>
      <td></td>
    </tr>
    <tr>
      <td>Upper Escalator Pit (7 - 8m rise)</td>
      <td>8.4 (ESC)</td>
      <td></td>
    </tr>
    <tr>
      <td>Escalator Controller Cabinet (ECC) (7 - 8m rise)</td>
      <td>3.6 (ESC)</td>
      <td></td>
    </tr>
    <tr>
      <td>Upper Escalator Pit (8 - 10m rise)</td>
      <td>11.2 (ESC)</td>
      <td></td>
    </tr>
    <tr>
      <td>Escalator Controller Cabinet (ECC) (8 - 10m rise)</td>
      <td>4.8 (ESC)</td>
      <td></td>
    </tr>
    <tr>
      <td>Upper Escalator Pit (10 - 12m rise)</td>
      <td>12.6 (ESC)</td>
      <td></td>
    </tr>
  </tbody>
</table>","|                                                                       |                                                                                       |                                                                                                                             |
|-----------------------------------------------------------------------|---------------------------------------------------------------------------------------|-----------------------------------------------------------------------------------------------------------------------------|
| Location                                                              | Heat Dissipation (kW)                                                                 | Remark                                                                                                                      |
| UPS Room (West End)                                                   | 26.1 (UPS Heat Dissipation) 5.4 (UPS Isolator Transformer Heat Dissipation) 1.6 (MCS) | Assume heat dissipation of UPS be 10% of UPS rating Assume heat dissipation of UPS Isolator Transformer be 2% of UPS rating |
| LV Switch Room                                                        | 2.4 (MCS) 3 (POW)                                                                     |                                                                                                                             |
| TECS Control Room                                                     | 10 (TECS)                                                                             |                                                                                                                             |
| TECS Air Receiver Room                                                | 15 (TECS)                                                                             |                                                                                                                             |
| Electrical Room                                                       | 1.6 (MCS)                                                                             |                                                                                                                             |
| Traction Feeder Station - 25kV Switchgear Room                        | 8.5 (POW)                                                                             |                                                                                                                             |
| Traction Feeder Station - 25kV Outgoing Isolator Room                 | 2 (POW)                                                                               |                                                                                                                             |
| Lift Machine Room (Inside Lift Shaft (MRL) - rated load 1600kg, 1m/s) | 4 (LIFT) 0.5 (COM)                                                                    | Fireman's / Casualty lift                                                                                                   |
| Lift Machine Room (Inside Lift Shaft (MRL) - rated load 1800kg, 1m/s) | 6.7 (LIFT) 0.5 (COM)                                                                  | Passenger lifts                                                                                                             |
| Upper Escalator Pit (5 - 7m rise)                                     | 7 (ESC)                                                                               |                                                                                                                             |
| Escalator Controller Cabinet (ECC) (5 - 7m rise)                      | 3 (ESC)                                                                               |                                                                                                                             |
| Upper Escalator Pit (7 - 8m rise)                                     | 8.4 (ESC)                                                                             |                                                                                                                             |
| Escalator Controller Cabinet (ECC) (7 - 8m rise)                      | 3.6 (ESC)                                                                             |                                                                                                                             |
| Upper Escalator Pit (8 - 10m rise)                                    | 11.2 (ESC)                                                                            |                                                                                                                             |
| Escalator Controller Cabinet (ECC) (8 - 10m rise)                     | 4.8 (ESC)                                                                             |                                                                                                                             |
| Upper Escalator Pit (10 - 12m rise)                                   | 12.6 (ESC)                                                                            |                                                                                                                             |",https://storage.googleapis.com/chunkr-prod-bucket/b1e41788-2d6e-4f8e-ad16-2e39fb334c57/5d9ffc1b-8d78-44ef-813d-5174c6bbebed/images/00eHTvP.jpg?x-id=GetObject&response-content-disposition=inline&response-content-encoding=utf-8&response-content-type=image%2Fjpeg&X-Amz-Algorithm=AWS4-HMAC-SHA256&X-Amz-Credential=GOOG1EBMQ2D33SPB3VQ4MMVJEKXWQFNK5WS57JRFVYUSD3ZCA76OC3B74IG7C%2F20260119%2Fus-east-1%2Fs3%2Faws4_request&X-Amz-Date=20260119T145120Z&X-Amz-Expires=3600&X-Amz-SignedHeaders=host&X-Amz-Signature=5b55059c89b8e252d0e5fe55c527365e987f82e45c30c55d4f2c27e2a1ed7fc1,252.0,180.648,899.00635,1333.0369
93bbdb1c-7e52-481c-bac4-2165c1b19360,12,ntaKk_a,Text,18,Consultancy Agreement No. C1501 Design Services for Tuen Ma Extension 2.4C A16 Reference Design Building Services Design Final Report with Federated Design Model and Drawings,<p>Consultancy Agreement No. C1501 Design Services for Tuen Ma Extension 2.4C A16 Reference Design Building Services Design Final Report with Federated Design Model and Drawings</p>,Consultancy Agreement No. C1501 Design Services for Tuen Ma Extension 2.4C A16 Reference Design Building Services Design Final Report with Federated Design Model and Drawings,,1259.4384,59.3856,977.97595,78.60959
93bbdb1c-7e52-481c-bac4-2165c1b19360,13,izA5X_O,Table,18,"<table>
  <thead>
    <tr>
      <th>Location</th>
      <th>Heat Dissipation<br>(kW)</th>
      <th>Remark</th>
    </tr>
  </thead>
  <tbody>
    <tr>
      <td>Escalator Controller Cabinet (ECC)<br>(10 – 12m rise)</td>
      <td>5.4 (ESC)</td>
      <td></td>
    </tr>
    <tr>
      <td>Wiring Closet</td>
      <td>4.4 (COM)<br>1.8 (PMCS)</td>
      <td></td>
    </tr>
  </tbody>
</table>","<table>
  <thead>
    <tr>
      <th>Location</th>
      <th>Heat Dissipation<br>(kW)</th>
      <th>Remark</th>
    </tr>
  </thead>
  <tbody>
    <tr>
      <td>Escalator Controller Cabinet (ECC)<br>(10 – 12m rise)</td>
      <td>5.4 (ESC)</td>
      <td></td>
    </tr>
    <tr>
      <td>Wiring Closet</td>
      <td>4.4 (COM)<br>1.8 (PMCS)</td>
      <td></td>
    </tr>
  </tbody>
</table>","|                                                    |                       |        |
|----------------------------------------------------|-----------------------|--------|
| Location                                           | Heat Dissipation (kW) | Remark |
| Escalator Controller Cabinet (ECC) (10 - 12m rise) | 5.4 (ESC)             |        |
| Wiring Closet                                      | 4.4 (COM)             |        |
|                                                    | 1.8 (PMCS)            |        |",https://storage.googleapis.com/chunkr-prod-bucket/b1e41788-2d6e-4f8e-ad16-2e39fb334c57/5d9ffc1b-8d78-44ef-813d-5174c6bbebed/images/izA5X_O.jpg?x-id=GetObject&response-content-disposition=inline&response-content-encoding=utf-8&response-content-type=image%2Fjpeg&X-Amz-Algorithm=AWS4-HMAC-SHA256&X-Amz-Credential=GOOG1EBMQ2D33SPB3VQ4MMVJEKXWQFNK5WS57JRFVYUSD3ZCA76OC3B74IG7C%2F20260119%2Fus-east-1%2Fs3%2Faws4_request&X-Amz-Date=20260119T145120Z&X-Amz-Expires=3600&X-Amz-SignedHeaders=host&X-Amz-Signature=ad7f9bb443d42e8e40019823143e5949b0699bc8c489c7808efab34c79756d06,1338.984,178.4592,895.7377,232.488
93bbdb1c-7e52-481c-bac4-2165c1b19360,14,OdQM47y,Text,18,(c) It is assumed that the heat dissipation from train car will be catered by the trackway ventilation systems.,<p>(c) It is assumed that the heat dissipation from train car will be catered by the trackway ventilation systems.</p>,(c) It is assumed that the heat dissipation from train car will be catered by the trackway ventilation systems.,,1224.864,424.4112,1012.27686,49.852814
93bbdb1c-7e52-481c-bac4-2165c1b19360,15,5Fbp7c1,Text,18,The lighting loads dissipated in the various areas are indicated in Table 3.10 below:,<p>The lighting loads dissipated in the various areas are indicated in Table 3.10 below:</p>,The lighting loads dissipated in the various areas are indicated in Table 3.10 below:,,1330.6752,489.312,744.62415,24.796814
93bbdb1c-7e52-481c-bac4-2165c1b19360,16,DsHAHC2,Caption,18,Table 3.10: Lighting Loads,"<span class=""caption"">Table 3.10: Lighting Loads</span>",Table 3.10: Lighting Loads,,1331.1648,534.9456,238.78076,23.687988
93bbdb1c-7e52-481c-bac4-2165c1b19360,17,uawBlKz,Table,18,"<table>
  <thead>
    <tr>
      <th>Location</th>
      <th>Lighting Load<br>(W/m<sup>2</sup>)</th>
      <th>Remark</th>
    </tr>
  </thead>
  <tbody>
    <tr>
      <td>Concourse/ Platform/ Entrance</td>
      <td>Headroom not exceeding 5 m: 14<br>Headroom over 5 m: 18</td>
      <td>BEC 2021</td>
    </tr>
    <tr>
      <td>Concession</td>
      <td>13.4</td>
      <td>BEC 2021</td>
    </tr>
    <tr>
      <td>Office, enclosed (Internal floor area at or below 15m<sup>2</sup>)</td>
      <td>9.5</td>
      <td>BEC 2021</td>
    </tr>
    <tr>
      <td>Office, Internal floor area above 15m<sup>2</sup> and of or below 200m<sup>2</sup></td>
      <td>8.9</td>
      <td>BEC 2021</td>
    </tr>
    <tr>
      <td>Office, Internal floor area above 200m<sup>2</sup></td>
      <td>7.8</td>
      <td>BEC 2021</td>
    </tr>
    <tr>
      <td>Plant Room / Machine Room / Switch Room (with internal floor area at or below 15m<sup>2</sup>)</td>
      <td>9.5</td>
      <td>BEC 2021</td>
    </tr>
    <tr>
      <td>Plant Room / Machine Room / Switch Room (with internal floor area above 15m<sup>2</sup>)</td>
      <td>8.8</td>
      <td>BEC 2021</td>
    </tr>
    <tr>
      <td>Workshop</td>
      <td>11.5</td>
      <td>BEC 2021</td>
    </tr>
    <tr>
      <td>Heavy Store</td>
      <td>7.9</td>
      <td>BEC 2021</td>
    </tr>
    <tr>
      <td>Locker Room</td>
      <td>10</td>
      <td>BEC 2021</td>
    </tr>
    <tr>
      <td>Toilet/ Baby Care Room</td>
      <td>9.7</td>
      <td>BEC 2021</td>
    </tr>
  </tbody>
</table>","<table>
  <thead>
    <tr>
      <th>Location</th>
      <th>Lighting Load<br>(W/m<sup>2</sup>)</th>
      <th>Remark</th>
    </tr>
  </thead>
  <tbody>
    <tr>
      <td>Concourse/ Platform/ Entrance</td>
      <td>Headroom not exceeding 5 m: 14<br>Headroom over 5 m: 18</td>
      <td>BEC 2021</td>
    </tr>
    <tr>
      <td>Concession</td>
      <td>13.4</td>
      <td>BEC 2021</td>
    </tr>
    <tr>
      <td>Office, enclosed (Internal floor area at or below 15m<sup>2</sup>)</td>
      <td>9.5</td>
      <td>BEC 2021</td>
    </tr>
    <tr>
      <td>Office, Internal floor area above 15m<sup>2</sup> and of or below 200m<sup>2</sup></td>
      <td>8.9</td>
      <td>BEC 2021</td>
    </tr>
    <tr>
      <td>Office, Internal floor area above 200m<sup>2</sup></td>
      <td>7.8</td>
      <td>BEC 2021</td>
    </tr>
    <tr>
      <td>Plant Room / Machine Room / Switch Room (with internal floor area at or below 15m<sup>2</sup>)</td>
      <td>9.5</td>
      <td>BEC 2021</td>
    </tr>
    <tr>
      <td>Plant Room / Machine Room / Switch Room (with internal floor area above 15m<sup>2</sup>)</td>
      <td>8.8</td>
      <td>BEC 2021</td>
    </tr>
    <tr>
      <td>Workshop</td>
      <td>11.5</td>
      <td>BEC 2021</td>
    </tr>
    <tr>
      <td>Heavy Store</td>
      <td>7.9</td>
      <td>BEC 2021</td>
    </tr>
    <tr>
      <td>Locker Room</td>
      <td>10</td>
      <td>BEC 2021</td>
    </tr>
    <tr>
      <td>Toilet/ Baby Care Room</td>
      <td>9.7</td>
      <td>BEC 2021</td>
    </tr>
  </tbody>
</table>","|                                                                                     |                                                      |          |
|-------------------------------------------------------------------------------------|------------------------------------------------------|----------|
| Location                                                                            | Lighting Load (W/m2)                                 | Remark   |
| Concourse/ Platform/ Entrance                                                       | Headroom not exceeding 5 m: 14 Headroom over 5 m: 18 | BEC 2021 |
| Concession                                                                          | 13.4                                                 | BEC 2021 |
| Office, enclosed (Internal floor area at or below 15m2)                             | 9.5                                                  | BEC 2021 |
| Office, Internal floor area above 15m2 and of or below 200m2                        | 8.9                                                  | BEC 2021 |
| Office, Internal floor area above 200m2                                             | 7.8                                                  | BEC 2021 |
| Plant Room / Machine Room / Switch Room (with internal floor area at or below 15m2) | 9.5                                                  | BEC 2021 |
| Plant Room / Machine Room / Switch Room (with internal floor area above 15m2)       | 8.8                                                  | BEC 2021 |
| Workshop                                                                            | 11.5                                                 | BEC 2021 |
| Heavy Store                                                                         | 7.9                                                  | BEC 2021 |
| Locker Room                                                                         | 10                                                   | BEC 2021 |
| Toilet/ Baby Care Room                                                              | 9.7                                                  | BEC 2021 |",https://storage.googleapis.com/chunkr-prod-bucket/b1e41788-2d6e-4f8e-ad16-2e39fb334c57/5d9ffc1b-8d78-44ef-813d-5174c6bbebed/images/uawBlKz.jpg?x-id=GetObject&response-content-disposition=inline&response-content-encoding=utf-8&response-content-type=image%2Fjpeg&X-Amz-Algorithm=AWS4-HMAC-SHA256&X-Amz-Credential=GOOG1EBMQ2D33SPB3VQ4MMVJEKXWQFNK5WS57JRFVYUSD3ZCA76OC3B74IG7C%2F20260119%2Fus-east-1%2Fs3%2Faws4_request&X-Amz-Date=20260119T145120Z&X-Amz-Expires=3600&X-Amz-SignedHeaders=host&X-Amz-Signature=f735baff89931da317e22d683e3c6e8cf6e7fee917efe6b37f34bb64308ebe94,1336.4064,569.5632,898.11365,778.07526
93bbdb1c-7e52-481c-bac4-2165c1b19360,18,_P-oDmT,Text,18,(d) Other miscellaneous heat loads have been assumed in estimating the cooling load:,<p>(d) Other miscellaneous heat loads have been assumed in estimating the cooling load:</p>,(d) Other miscellaneous heat loads have been assumed in estimating the cooling load:,,1224.9504,1360.1376,847.6128,24.566406
93bbdb1c-7e52-481c-bac4-2165c1b19360,19,TGcBjwm,Text,18,. A total of 50 advertising panels in Concourse Area (Each with 250W heat dissipation),<p>. A total of 50 advertising panels in Concourse Area (Each with 250W heat dissipation)</p>,. A total of 50 advertising panels in Concourse Area (Each with 250W heat dissipation),,1332.4608,1403.0352,793.05115,23.256104
93bbdb1c-7e52-481c-bac4-2165c1b19360,20,5r_Yn3y,Text,18,". For Offices, Workshops and Concession Areas, a small heat source of 50W/m2 has been allowed.","<p>. For Offices, Workshops and Concession Areas, a small heat source of 50W/m2 has been allowed.</p>",". For Offices, Workshops and Concession Areas, a small heat source of 50W/m2 has been allowed.",,1332.4896,1442.0304,897.29285,24.523193
93bbdb1c-7e52-481c-bac4-2165c1b19360,21,oETUbyD,PageFooter,18,Rev. A,"<div class=""page-footer"">Rev. A</div>",Rev. A,,142.2144,1601.3809,59.0112,18.8927
93bbdb1c-7e52-481c-bac4-2165c1b19360,22,epRn78D,PageFooter,18,Page 9,"<div class=""page-footer"">Page 9</div>",Page 9,,1157.616,1601.5248,61.387207,21.06726
93bbdb1c-7e52-481c-bac4-2165c1b19360,23,p58Qkut,PageFooter,18,January 2023,"<div class=""page-footer"">January 2023</div>",January 2023,,2111.9905,1600.9344,122.61597,21.686401
93bbdb1c-7e52-481c-bac4-2165c1b19360,24,UeNq_4O,Text,19,AECOM,<p>AECOM</p>,AECOM,,140.2848,50.2704,163.43999,41.126396
93bbdb1c-7e52-481c-bac4-2165c1b19360,25,Hpywp9Y,PageHeader,19,Consultancy Agreement No. C1501 Design Services for Tuen Ma Extension 2.4C A16 Reference Design Building Services Design Final Report with Federated Design Model and Drawings,"<div class=""page-header"">Consultancy Agreement No. C1501 Design Services for Tuen Ma Extension 2.4C A16 Reference Design Building Services Design Final Report with Federated Design Model and Drawings</div>",Consultancy Agreement No. C1501 Design Services for Tuen Ma Extension 2.4C A16 Reference Design Building Services Design Final Report with Federated Design Model and Drawings,,1259.3376,59.1552,978.10547,79.1568
52c76f00-7ee7-48e1-8703-21b906c76be3,0,vm2NZwN,SectionHeader,19,## 3.2.11 Infiltration/Exfiltration,<h2>3.2.11 Infiltration/Exfiltration</h2>,## 3.2.11 Infiltration/Exfiltration,,141.7392,182.1312,313.0992,22.780807
52c76f00-7ee7-48e1-8703-21b906c76be3,1,8tyVSPR,Text,19,"(a) As advised by MTR on 15 Jan 2021, by taking into the dwell time and headway, the exfiltration rate will be 2m3/sec per headway/track. Infiltration rate will be negligible.","<p>(a) As advised by MTR on 15 Jan 2021, by taking into the dwell time and headway, the exfiltration rate will be 2m3/sec per headway/track. Infiltration rate will be negligible.</p>","(a) As advised by MTR on 15 Jan 2021, by taking into the dwell time and headway, the exfiltration rate will be 2m3/sec per headway/track. Infiltration rate will be negligible.",,142.416,232.5024,1012.31995,51.782394
b4427fa6-0978-490c-b925-49bda73a9379,0,T5VWajb,SectionHeader,19,## 3.2.12 Ductwork and Pipework Sizing,<h2>3.2.12 Ductwork and Pipework Sizing</h2>,## 3.2.12 Ductwork and Pipework Sizing,,142.056,310.392,381.51358,24.451202
b4427fa6-0978-490c-b925-49bda73a9379,1,lSwIFcS,Text,19,(a) The design criteria in Table 3.11 below should be used generally as the basis for the sizing of all ductwork and chilled water pipework.,<p>(a) The design criteria in Table 3.11 below should be used generally as the basis for the sizing of all ductwork and chilled water pipework.</p>,(a) The design criteria in Table 3.11 below should be used generally as the basis for the sizing of all ductwork and chilled water pipework.,,142.3872,360.2304,1012.8384,51.695984
b4427fa6-0978-490c-b925-49bda73a9379,2,y6ug9rP,Caption,19,Table 3.11: Ductwork and Pipework Sizes,"<span class=""caption"">Table 3.11: Ductwork and Pipework Sizes</span>",Table 3.11: Ductwork and Pipework Sizes,,248.8752,432.4032,379.4256,23.414398
b4427fa6-0978-490c-b925-49bda73a9379,3,7zwctfa,Table,19,"<table>
  <thead>
    <tr>
      <th>Description</th>
      <th></th>
      <th>Sizing Requirement</th>
      <th>Source</th>
    </tr>
  </thead>
  <tbody>
    <tr>
      <td>Pressure Loss Rate in Duct</td>
      <td></td>
      <td>0.8 - 1.2 Pa/m for Equal Friction Method</td>
      <td>NW&MARWDSM Section 7.8.2.8.1.2</td>
    </tr>
    <tr>
      <td rowspan=""5"">Max. Air Velocity in Duct</td>
      <td></td>
      <td>&le; 10m/sec (Concrete Duct)</td>
      <td rowspan=""5""></td>
    </tr>
    <tr>
      <td></td>
      <td>&le; 8m/sec (Main Metallic Supply and Return Duct)</td>
    </tr>
    <tr>
      <td></td>
      <td>5 - 6m/sec (Branch Duct)</td>
    </tr>
    <tr>
      <td></td>
      <td>&le; 10m/sec (Concrete Smoke Extraction Duct)</td>
    </tr>
    <tr>
      <td></td>
      <td>&le; 8m/sec (Metallic Smoke Extraction Duct)</td>
    </tr>
    <tr>
      <td rowspan=""2"">Face Velocity of Grilles/ Louvres</td>
      <td></td>
      <td>&le; 2.5m/sec (Indoor Application)</td>
      <td rowspan=""2""></td>
    </tr>
    <tr>
      <td></td>
      <td>&le; 1.5m/sec (Transfer Air Grille/ Louvre)</td>
    </tr>
    <tr>
      <td>Rectangular Duct Aspect Ratio</td>
      <td></td>
      <td>Increases from 1:1 to 4:1 (max)</td>
      <td></td>
    </tr>
    <tr>
      <td rowspan=""2"">Duct Access Panels</td>
      <td></td>
      <td>Access panels for duct cleaning shall be provided at every 15 m along station ECS ductwork and at bends</td>
      <td rowspan=""2""></td>
    </tr>
    <tr>
      <td></td>
      <td>For overtrack and under-platform ventilation ducts, access panels shall be provided at bends and at every 50m.</td>
    </tr>
    <tr>
      <td>Minimum Separation</td>
      <td></td>
      <td>5m (TECS)</td>
      <td></td>
    </tr>
  </tbody>
</table>","<table>
  <thead>
    <tr>
      <th>Description</th>
      <th></th>
      <th>Sizing Requirement</th>
      <th>Source</th>
    </tr>
  </thead>
  <tbody>
    <tr>
      <td>Pressure Loss Rate in Duct</td>
      <td></td>
      <td>0.8 - 1.2 Pa/m for Equal Friction Method</td>
      <td>NW&MARWDSM Section 7.8.2.8.1.2</td>
    </tr>
    <tr>
      <td rowspan=""5"">Max. Air Velocity in Duct</td>
      <td></td>
      <td>&le; 10m/sec (Concrete Duct)</td>
      <td rowspan=""5""></td>
    </tr>
    <tr>
      <td></td>
      <td>&le; 8m/sec (Main Metallic Supply and Return Duct)</td>
    </tr>
    <tr>
      <td></td>
      <td>5 - 6m/sec (Branch Duct)</td>
    </tr>
    <tr>
      <td></td>
      <td>&le; 10m/sec (Concrete Smoke Extraction Duct)</td>
    </tr>
    <tr>
      <td></td>
      <td>&le; 8m/sec (Metallic Smoke Extraction Duct)</td>
    </tr>
    <tr>
      <td rowspan=""2"">Face Velocity of Grilles/ Louvres</td>
      <td></td>
      <td>&le; 2.5m/sec (Indoor Application)</td>
      <td rowspan=""2""></td>
    </tr>
    <tr>
      <td></td>
      <td>&le; 1.5m/sec (Transfer Air Grille/ Louvre)</td>
    </tr>
    <tr>
      <td>Rectangular Duct Aspect Ratio</td>
      <td></td>
      <td>Increases from 1:1 to 4:1 (max)</td>
      <td></td>
    </tr>
    <tr>
      <td rowspan=""2"">Duct Access Panels</td>
      <td></td>
      <td>Access panels for duct cleaning shall be provided at every 15 m along station ECS ductwork and at bends</td>
      <td rowspan=""2""></td>
    </tr>
    <tr>
      <td></td>
      <td>For overtrack and under-platform ventilation ducts, access panels shall be provided at bends and at every 50m.</td>
    </tr>
    <tr>
      <td>Minimum Separation</td>
      <td></td>
      <td>5m (TECS)</td>
      <td></td>
    </tr>
  </tbody>
</table>","|                                   |     |                                                                                                                 |                                |
|-----------------------------------|-----|-----------------------------------------------------------------------------------------------------------------|--------------------------------|
| Description                       |     | Sizing Requirement                                                                                              | Source                         |
| Pressure Loss Rate in Duct        |     | 0.8 - 1.2 Pa/m for Equal Friction Method                                                                        | NW&MARWDSM Section 7.8.2.8.1.2 |
| Max. Air Velocity in Duct         |     | ≤ 10m/sec (Concrete Duct)                                                                                       |                                |
|                                   |     | ≤ 8m/sec (Main Metallic Supply and Return Duct)                                                                 |                                |
|                                   |     | 5 - 6m/sec (Branch Duct)                                                                                        |                                |
|                                   |     | ≤ 10m/sec (Concrete Smoke Extraction Duct) ≤ 8m/sec (Metallic Smoke Extraction Duct)                            |                                |
| Face Velocity of Grilles/ Louvres |     | ≤ 2.5m/sec (Indoor Application) ≤ 1.5m/sec (Transfer Air Grille/ Louvre)                                        |                                |
| Rectangular Duct Aspect Ratio     |     | Increases from 1:1 to 4:1 (max)                                                                                 |                                |
| Duct Access Panels                |     | Access panels for duct cleaning shall be provided at every 15 m along station ECS ductwork and at bends         |                                |
|                                   |     | For overtrack and under- platform ventilation ducts, access panels shall be provided at bends and at every 50m. |                                |
| Minimum Separation                |     | 5m (TECS)                                                                                                       |                                |",https://storage.googleapis.com/chunkr-prod-bucket/b1e41788-2d6e-4f8e-ad16-2e39fb334c57/5d9ffc1b-8d78-44ef-813d-5174c6bbebed/images/7zwctfa.jpg?x-id=GetObject&response-content-disposition=inline&response-content-encoding=utf-8&response-content-type=image%2Fjpeg&X-Amz-Algorithm=AWS4-HMAC-SHA256&X-Amz-Credential=GOOG1EBMQ2D33SPB3VQ4MMVJEKXWQFNK5WS57JRFVYUSD3ZCA76OC3B74IG7C%2F20260119%2Fus-east-1%2Fs3%2Faws4_request&X-Amz-Date=20260119T145120Z&X-Amz-Expires=3600&X-Amz-SignedHeaders=host&X-Amz-Signature=02647529a6506ef9364eb3de77ec77b90c3d1b66b09f16f29cdaa7a7479ddf8a,252.2448,465.7248,900.6048,1051.2288
b4427fa6-0978-490c-b925-49bda73a9379,4,TGpRuWx,Table,19,"<table>
  <thead>
    <tr>
      <th>Description</th>
      <th></th>
      <th>Sizing Requirement</th>
      <th>Source</th>
    </tr>
  </thead>
  <tbody>
    <tr>
      <td rowspan=""3"">of External Louvre</td>
      <td rowspan=""3""></td>
      <td rowspan=""3"">5m (Station / A16 ECS)</td>
      <td>NW&MARWDSM Section 7.8.2.8.11</td>
    </tr>
    <tr>
      <td>Intake and exhaust air louvre will be arranged to avoid facing front to front.</td>
    </tr>
    <tr>
      <td>Smoke discharge louvre shall be located above the intake air louvre.</td>
    </tr>
    <tr>
      <td rowspan=""4"">Max. Water Velocity & Pressure Drop in Chilled Water Pipes</td>
      <td></td>
      <td>≤ 2.5m/sec (Main Pipe)</td>
      <td rowspan=""4"">NW&MARWDSM Section 7.8.2.8.1.2</td>
    </tr>
    <tr>
      <td></td>
      <td>≤ 2m/sec (Branch Pipe)</td>
    </tr>
    <tr>
      <td></td>
      <td>≤ 1.5m/sec (Header Pipe)</td>
    </tr>
    <tr>
      <td></td>
      <td>≤ 300 Pa/m length of pipe</td>
    </tr>
  </tbody>
</table>","<table>
  <thead>
    <tr>
      <th>Description</th>
      <th></th>
      <th>Sizing Requirement</th>
      <th>Source</th>
    </tr>
  </thead>
  <tbody>
    <tr>
      <td rowspan=""3"">of External Louvre</td>
      <td rowspan=""3""></td>
      <td rowspan=""3"">5m (Station / A16 ECS)</td>
      <td>NW&MARWDSM Section 7.8.2.8.11</td>
    </tr>
    <tr>
      <td>Intake and exhaust air louvre will be arranged to avoid facing front to front.</td>
    </tr>
    <tr>
      <td>Smoke discharge louvre shall be located above the intake air louvre.</td>
    </tr>
    <tr>
      <td rowspan=""4"">Max. Water Velocity & Pressure Drop in Chilled Water Pipes</td>
      <td></td>
      <td>≤ 2.5m/sec (Main Pipe)</td>
      <td rowspan=""4"">NW&MARWDSM Section 7.8.2.8.1.2</td>
    </tr>
    <tr>
      <td></td>
      <td>≤ 2m/sec (Branch Pipe)</td>
    </tr>
    <tr>
      <td></td>
      <td>≤ 1.5m/sec (Header Pipe)</td>
    </tr>
    <tr>
      <td></td>
      <td>≤ 300 Pa/m length of pipe</td>
    </tr>
  </tbody>
</table>","|                                                            |     |                           |                                                                                                                                                                                   |
|------------------------------------------------------------|-----|---------------------------|-----------------------------------------------------------------------------------------------------------------------------------------------------------------------------------|
| Description                                                |     | Sizing Requirement        | Source                                                                                                                                                                            |
| of External Louvre                                         |     | 5m (Station / A16 ECS)    | NW&MARWDSM Section 7.8.2.8.11 Intake and exhaust air louvre will be arranged to avoid facing front to front. Smoke discharge louvre shall be located above the intake air louvre. |
| Max. Water Velocity & Pressure Drop in Chilled Water Pipes |     | ≤ 2.5m/sec (Main Pipe)    | NW&MARWDSM Section 7.8.2.8.1.2                                                                                                                                                    |
|                                                            |     | ≤ 2m/sec (Branch Pipe)    |                                                                                                                                                                                   |
|                                                            |     | ≤ 1.5m/sec (Header Pipe)  |                                                                                                                                                                                   |
|                                                            |     | ≤ 300 Pa/m length of pipe |                                                                                                                                                                                   |",https://storage.googleapis.com/chunkr-prod-bucket/b1e41788-2d6e-4f8e-ad16-2e39fb334c57/5d9ffc1b-8d78-44ef-813d-5174c6bbebed/images/TGpRuWx.jpg?x-id=GetObject&response-content-disposition=inline&response-content-encoding=utf-8&response-content-type=image%2Fjpeg&X-Amz-Algorithm=AWS4-HMAC-SHA256&X-Amz-Credential=GOOG1EBMQ2D33SPB3VQ4MMVJEKXWQFNK5WS57JRFVYUSD3ZCA76OC3B74IG7C%2F20260119%2Fus-east-1%2Fs3%2Faws4_request&X-Amz-Date=20260119T145120Z&X-Amz-Expires=3600&X-Amz-SignedHeaders=host&X-Amz-Signature=9d38e3e950bb2f3ed17789ef0cea62b5c6f11bbfb8f62cf7251c59a125ebea70,1339.1136,178.704,897.2352,500.63043
160dbd51-1ef1-4059-9400-d40589a035f9,0,gNkpMKY,SectionHeader,19,## 3.2.13 Chilled Water and Condensing Water Temperatures,<h2>3.2.13 Chilled Water and Condensing Water Temperatures</h2>,## 3.2.13 Chilled Water and Condensing Water Temperatures,,1224.0,703.7712,573.00476,24.537598
160dbd51-1ef1-4059-9400-d40589a035f9,1,4jHa_ay,Text,19,(a) The chilled water and condensing water design temperatures are as shown in Table 3.12 below:,<p>(a) The chilled water and condensing water design temperatures are as shown in Table 3.12 below:</p>,(a) The chilled water and condensing water design temperatures are as shown in Table 3.12 below:,,1224.6335,755.136,966.2544,24.292786
160dbd51-1ef1-4059-9400-d40589a035f9,2,jA5vw9L,Caption,19,Table 3.12: Chilled Water and Condensing Water Temperatures,"<span class=""caption"">Table 3.12: Chilled Water and Condensing Water Temperatures</span>",Table 3.12: Chilled Water and Condensing Water Temperatures,,1331.0784,793.4832,580.5648,24.9552
160dbd51-1ef1-4059-9400-d40589a035f9,3,XXh_vR6,Table,19,"<table>
  <thead>
    <tr>
      <th>Type of Water</th>
      <th>Temperature</th>
      <th>Source</th>
    </tr>
  </thead>
  <tbody>
    <tr>
      <td>Chilled Water</td>
      <td>Supply = 7.0°C<br>Return = 12.5°C</td>
      <td>NW&MARWDSM Section<br>7.8.2.8.5 & BEC 2021</td>
    </tr>
    <tr>
      <td>Condensing Water</td>
      <td>Entering Tower = 37.0°C<br>Leaving Tower = 32.0°C</td>
      <td>BEC 2021</td>
    </tr>
  </tbody>
</table>","<table>
  <thead>
    <tr>
      <th>Type of Water</th>
      <th>Temperature</th>
      <th>Source</th>
    </tr>
  </thead>
  <tbody>
    <tr>
      <td>Chilled Water</td>
      <td>Supply = 7.0°C<br>Return = 12.5°C</td>
      <td>NW&MARWDSM Section<br>7.8.2.8.5 & BEC 2021</td>
    </tr>
    <tr>
      <td>Condensing Water</td>
      <td>Entering Tower = 37.0°C<br>Leaving Tower = 32.0°C</td>
      <td>BEC 2021</td>
    </tr>
  </tbody>
</table>","|                  |                                                |                                         |
|------------------|------------------------------------------------|-----------------------------------------|
| Type of Water    | Temperature                                    | Source                                  |
| Chilled Water    | Supply = 7.0℃                                  | NW&MARWDSM Section 7.8.2.8.5 & BEC 2021 |
|                  | Return = 12.5ºC                                |                                         |
| Condensing Water | Entering Tower = 37.0ºC Leaving Tower = 32.0ºC | BEC 2021                                |",https://storage.googleapis.com/chunkr-prod-bucket/b1e41788-2d6e-4f8e-ad16-2e39fb334c57/5d9ffc1b-8d78-44ef-813d-5174c6bbebed/images/XXh_vR6.jpg?x-id=GetObject&response-content-disposition=inline&response-content-encoding=utf-8&response-content-type=image%2Fjpeg&X-Amz-Algorithm=AWS4-HMAC-SHA256&X-Amz-Credential=GOOG1EBMQ2D33SPB3VQ4MMVJEKXWQFNK5WS57JRFVYUSD3ZCA76OC3B74IG7C%2F20260119%2Fus-east-1%2Fs3%2Faws4_request&X-Amz-Date=20260119T145120Z&X-Amz-Expires=3600&X-Amz-SignedHeaders=host&X-Amz-Signature=03cf281e003e2da386ff8e2604d07ceb6b84ea1c85f2c7bfe8f449e221dbe63d,1336.9104,829.512,896.3567,208.28156
5bcda45a-64ef-4d8a-a68f-847e1f54e771,0,bXT6HaT,SectionHeader,19,## 3.2.14 Smoke Extraction System,<h2>3.2.14 Smoke Extraction System</h2>,## 3.2.14 Smoke Extraction System,,1223.9424,1062.8928,335.8944,23.039917
5bcda45a-64ef-4d8a-a68f-847e1f54e771,1,I0vYKhB,Text,19,"(a) Fire engineering approach will be adopted for the A16 Station Concourse, Platform, Concession smoke extraction systems. It will be designed in accordance with the Station Fire Safety Strategy.","<p>(a) Fire engineering approach will be adopted for the A16 Station Concourse, Platform, Concession smoke extraction systems. It will be designed in accordance with the Station Fire Safety Strategy.</p>","(a) Fire engineering approach will be adopted for the A16 Station Concourse, Platform, Concession smoke extraction systems. It will be designed in accordance with the Station Fire Safety Strategy.",,1224.8784,1112.8176,1012.6511,52.790405
5bcda45a-64ef-4d8a-a68f-847e1f54e771,2,q2CTXSx,Text,19,"(b) The area of each smoke zone will not exceed 2,000m2. The smoke extraction points will be spaced out to ensure that the smoke does not travel more than 30m before reaching the nearest smoke extraction point.","<p>(b) The area of each smoke zone will not exceed 2,000m2. The smoke extraction points will be spaced out to ensure that the smoke does not travel more than 30m before reaching the nearest smoke extraction point.</p>","(b) The area of each smoke zone will not exceed 2,000m2. The smoke extraction points will be spaced out to ensure that the smoke does not travel more than 30m before reaching the nearest smoke extraction point.",,1224.6912,1178.2368,1013.8032,77.328
5bcda45a-64ef-4d8a-a68f-847e1f54e771,3,ZyikQc7,Text,19,(c) The design fire size and smoke clear height of the various areas are as summarized in Table 3.13 below.,<p>(c) The design fire size and smoke clear height of the various areas are as summarized in Table 3.13 below.</p>,(c) The design fire size and smoke clear height of the various areas are as summarized in Table 3.13 below.,,1224.6624,1270.1808,1011.88794,25.32959
5bcda45a-64ef-4d8a-a68f-847e1f54e771,4,NJAHkGB,PageFooter,19,Rev. A,"<div class=""page-footer"">Rev. A</div>",Rev. A,,142.1568,1601.3809,59.039993,18.979126
5bcda45a-64ef-4d8a-a68f-847e1f54e771,5,uMjEI17,PageFooter,19,Page 10,"<div class=""page-footer"">Page 10</div>",Page 10,,1151.8271,1601.2512,73.19531,21.254395
5bcda45a-64ef-4d8a-a68f-847e1f54e771,6,2FkJw6A,PageFooter,19,January 2023,"<div class=""page-footer"">January 2023</div>",January 2023,,2111.688,1600.6752,123.12012,22.017578
5bcda45a-64ef-4d8a-a68f-847e1f54e771,7,EPkE39h,PageHeader,20,AECOM,"<div class=""page-header"">AECOM</div>",AECOM,,140.2272,50.04,163.3536,41.515198
5bcda45a-64ef-4d8a-a68f-847e1f54e771,8,0euqvQG,PageHeader,20,Consultancy Agreement No. C1501 Design Services for Tuen Ma Extension 2.4C A16 Reference Design Building Services Design Final Report with Federated Design Model and Drawings,"<div class=""page-header"">Consultancy Agreement No. C1501 Design Services for Tuen Ma Extension 2.4C A16 Reference Design Building Services Design Final Report with Federated Design Model and Drawings</div>",Consultancy Agreement No. C1501 Design Services for Tuen Ma Extension 2.4C A16 Reference Design Building Services Design Final Report with Federated Design Model and Drawings,,1259.3809,59.4576,978.36475,78.9552
5bcda45a-64ef-4d8a-a68f-847e1f54e771,9,6KxjGYf,Caption,20,Table 3.13: Design Fire Size and Smoke Clear Height,"<span class=""caption"">Table 3.13: Design Fire Size and Smoke Clear Height</span>",Table 3.13: Design Fire Size and Smoke Clear Height,,248.7312,181.3824,474.5664,24.940796
5bcda45a-64ef-4d8a-a68f-847e1f54e771,10,omj8Ba1,Table,20,"<table>
  <thead>
    <tr>
      <th>Location</th>
      <th>Design Fire Size<br>(MW)</th>
      <th>Design Smoke Clear<br>Height<br>(m)</th>
      <th>Remark</th>
    </tr>
  </thead>
  <tbody>
    <tr>
      <td>Concourse</td>
      <td>2.0</td>
      <td>3.0</td>
      <td>
        <ul>
          <li>NW&amp;MARWDSM<br>Section 7.8.2.8.3.3</li>
          <li>Fire Safety and<br>Security Strategy</li>
        </ul>
      </td>
    </tr>
    <tr>
      <td>Platform</td>
      <td>2.0</td>
      <td>3.0</td>
      <td>
        <ul>
          <li>NW&amp;MARWDSM<br>Section 7.8.2.8.3.3</li>
          <li>Fire Safety and<br>Security Strategy</li>
        </ul>
      </td>
    </tr>
  </tbody>
</table>","<table>
  <thead>
    <tr>
      <th>Location</th>
      <th>Design Fire Size<br>(MW)</th>
      <th>Design Smoke Clear<br>Height<br>(m)</th>
      <th>Remark</th>
    </tr>
  </thead>
  <tbody>
    <tr>
      <td>Concourse</td>
      <td>2.0</td>
      <td>3.0</td>
      <td>
        <ul>
          <li>NW&amp;MARWDSM<br>Section 7.8.2.8.3.3</li>
          <li>Fire Safety and<br>Security Strategy</li>
        </ul>
      </td>
    </tr>
    <tr>
      <td>Platform</td>
      <td>2.0</td>
      <td>3.0</td>
      <td>
        <ul>
          <li>NW&amp;MARWDSM<br>Section 7.8.2.8.3.3</li>
          <li>Fire Safety and<br>Security Strategy</li>
        </ul>
      </td>
    </tr>
  </tbody>
</table>","|           |                       |                               |                                                                      |
|-----------|-----------------------|-------------------------------|----------------------------------------------------------------------|
| Location  | Design Fire Size (MW) | Design Smoke Clear Height (m) | Remark                                                               |
| Concourse | 2.0                   | 3.0                           | · NW&MARWDSM Section 7.8.2.8.3.3 · Fire Safety and Security Strategy |
| Platform  | 2.0                   | 3.0                           | · NW&MARWDSM Section 7.8.2.8.3.3 · Fire Safety and Security Strategy |",https://storage.googleapis.com/chunkr-prod-bucket/b1e41788-2d6e-4f8e-ad16-2e39fb334c57/5d9ffc1b-8d78-44ef-813d-5174c6bbebed/images/omj8Ba1.jpg?x-id=GetObject&response-content-disposition=inline&response-content-encoding=utf-8&response-content-type=image%2Fjpeg&X-Amz-Algorithm=AWS4-HMAC-SHA256&X-Amz-Credential=GOOG1EBMQ2D33SPB3VQ4MMVJEKXWQFNK5WS57JRFVYUSD3ZCA76OC3B74IG7C%2F20260119%2Fus-east-1%2Fs3%2Faws4_request&X-Amz-Date=20260119T145120Z&X-Amz-Expires=3600&X-Amz-SignedHeaders=host&X-Amz-Signature=a3009a9b1d2efa963576b3619ac828da9e447c2712084bd8dc7dce8c9a7d09f4,252.3456,217.08,888.30725,359.49597
a71d2a3b-cdbd-46f5-be2b-9570b74bb772,0,ALgcZBu,SectionHeader,20,## 3.2.15 Pressurization System,<h2>3.2.15 Pressurization System</h2>,## 3.2.15 Pressurization System,,142.2432,601.6752,306.2304,23.184021
a71d2a3b-cdbd-46f5-be2b-9570b74bb772,1,Ayw5QkH,Text,20,"(a) In accordance with the Guidelines on Formulation of Fire Safety Requirements for New Railway Infrastructures issued by FSD (October 2016), Clause 2.1.1 (xv) (a), pressurization of staircase is not required as above ground portion of A16 Station does not exceed 30m above the point of staircase xit to open air at ground floor level. The provisions of natural venting of staircase are not required thereof.","<p>(a) In accordance with the Guidelines on Formulation of Fire Safety Requirements for New Railway Infrastructures issued by FSD (October 2016), Clause 2.1.1 (xv) (a), pressurization of staircase is not required as above ground portion of A16 Station does not exceed 30m above the point of staircase xit to open air at ground floor level. The provisions of natural venting of staircase are not required thereof.</p>","(a) In accordance with the Guidelines on Formulation of Fire Safety Requirements for New Railway Infrastructures issued by FSD (October 2016), Clause 2.1.1 (xv) (a), pressurization of staircase is not required as above ground portion of A16 Station does not exceed 30m above the point of staircase xit to open air at ground floor level. The provisions of natural venting of staircase are not required thereof.",,142.632,650.9808,1013.2847,130.39203
a4dbb4fd-faec-4bbb-b9fd-bd461e9de466,0,redlttY,SectionHeader,20,## 3.3 Fire Services (FS),<h2>3.3 Fire Services (FS)</h2>,## 3.3 Fire Services (FS),,142.128,809.9712,277.1568,26.72638
a4dbb4fd-faec-4bbb-b9fd-bd461e9de466,1,ZBo_M8t,SectionHeader,20,## 3.3.1 Design Objectives,<h2>3.3.1 Design Objectives</h2>,## 3.3.1 Design Objectives,,142.5024,863.5968,269.1792,24.019226
a4dbb4fd-faec-4bbb-b9fd-bd461e9de466,2,wXBViT1,Text,20,(a) The Fire Services Systems will:,<p>(a) The Fire Services Systems will:</p>,(a) The Fire Services Systems will:,,142.8192,913.4208,378.74878,25.300842
a4dbb4fd-faec-4bbb-b9fd-bd461e9de466,3,J2023YK,Text,20,. Minimize loss of life and property in the event of a fire,<p>. Minimize loss of life and property in the event of a fire</p>,. Minimize loss of life and property in the event of a fire,,250.7328,956.4336,524.39044,23.774414
a4dbb4fd-faec-4bbb-b9fd-bd461e9de466,4,e4yEahP,Text,20,. Minimize the impact on the operation of the train services in the event of a fire,<p>. Minimize the impact on the operation of the train services in the event of a fire</p>,. Minimize the impact on the operation of the train services in the event of a fire,,251.3376,997.0128,745.2,23.227173
a4dbb4fd-faec-4bbb-b9fd-bd461e9de466,5,O7LuWDs,Text,20,. Detect the presence of a smoke or fire to give an early warning of a fire condition,<p>. Detect the presence of a smoke or fire to give an early warning of a fire condition</p>,. Detect the presence of a smoke or fire to give an early warning of a fire condition,,251.3088,1036.8431,763.17114,24.076904
a4dbb4fd-faec-4bbb-b9fd-bd461e9de466,6,DZsjjXM,Text,20,". Provide fire protection measures to initiate emergency procedures to limit smoke production, the prevention of fire spread and evacuation","<p>. Provide fire protection measures to initiate emergency procedures to limit smoke production, the prevention of fire spread and evacuation</p>",". Provide fire protection measures to initiate emergency procedures to limit smoke production, the prevention of fire spread and evacuation",,251.3232,1076.0544,904.49286,51.72473
a4dbb4fd-faec-4bbb-b9fd-bd461e9de466,7,neby-e-,Text,20,. Provide automatic fire detection and announcements to the staff for the arrangement of safe evacuation of passengers and staff manually in the event of a fire,<p>. Provide automatic fire detection and announcements to the staff for the arrangement of safe evacuation of passengers and staff manually in the event of a fire</p>,. Provide automatic fire detection and announcements to the staff for the arrangement of safe evacuation of passengers and staff manually in the event of a fire,,250.9344,1142.928,904.2192,52.041626
a4dbb4fd-faec-4bbb-b9fd-bd461e9de466,8,bbiR1Ri,Text,20,". Ensure an interface with various systems to provide visual aids such as flashing signage, emergency display messages and AFC gate free wheeling for evacuation","<p>. Ensure an interface with various systems to provide visual aids such as flashing signage, emergency display messages and AFC gate free wheeling for evacuation</p>",". Ensure an interface with various systems to provide visual aids such as flashing signage, emergency display messages and AFC gate free wheeling for evacuation",,250.4304,1209.6576,904.4928,52.761597
a4dbb4fd-faec-4bbb-b9fd-bd461e9de466,9,vqDhzPx,Text,20,· Alert staff of the outbreak of a fire with minimum delay to enable an early investigation,<p>· Alert staff of the outbreak of a fire with minimum delay to enable an early investigation</p>,· Alert staff of the outbreak of a fire with minimum delay to enable an early investigation,,250.8624,1275.7104,819.4896,25.444702
a4dbb4fd-faec-4bbb-b9fd-bd461e9de466,10,uthRZtp,Text,20,· Provide automatic fire extinguishing installations to suppress/quench a fire,<p>· Provide automatic fire extinguishing installations to suppress/quench a fire</p>,· Provide automatic fire extinguishing installations to suppress/quench a fire,,250.92,1316.8656,707.7024,24.278442
a4dbb4fd-faec-4bbb-b9fd-bd461e9de466,11,bRncRDs,Text,20,· Provide manual fire extinguishing installations for firemen/ staff fire fighting purpose,<p>· Provide manual fire extinguishing installations for firemen/ staff fire fighting purpose</p>,· Provide manual fire extinguishing installations for firemen/ staff fire fighting purpose,,251.0064,1356.2352,796.11835,24.796753
0efa2558-1a96-491b-8ac8-4eaba59c3228,0,5xPY-St,SectionHeader,20,## 3.3.2 Design Standards,<h2>3.3.2 Design Standards</h2>,## 3.3.2 Design Standards,,1223.8704,182.7936,265.69446,23.126404
0efa2558-1a96-491b-8ac8-4eaba59c3228,1,dUTmVEp,Text,20,(a) The Fire Services Systems design will be carried out in accordance with the following Standards and References:,<p>(a) The Fire Services Systems design will be carried out in accordance with the following Standards and References:</p>,(a) The Fire Services Systems design will be carried out in accordance with the following Standards and References:,,1224.4608,232.272,1013.51526,49.26239
0efa2558-1a96-491b-8ac8-4eaba59c3228,2,LRHkMyy,Text,20,. MTR - Design Standards Manual for New Works and Major Asset Replacement Works (NW&MARWDSM) - Sections 7 Electrical and Mechanical Systems (Revision A2),<p>. MTR - Design Standards Manual for New Works and Major Asset Replacement Works (NW&MARWDSM) - Sections 7 Electrical and Mechanical Systems (Revision A2)</p>,. MTR - Design Standards Manual for New Works and Major Asset Replacement Works (NW&MARWDSM) - Sections 7 Electrical and Mechanical Systems (Revision A2),,1332.3744,302.0976,905.7025,50.55841
0efa2558-1a96-491b-8ac8-4eaba59c3228,3,iBADaC2,Text,20,· MTR - Materials and Workmanship Specifications for Building Services,<p>· MTR - Materials and Workmanship Specifications for Building Services</p>,· MTR - Materials and Workmanship Specifications for Building Services,,1332.6191,369.1584,667.9297,23.28482
0efa2558-1a96-491b-8ac8-4eaba59c3228,4,Ax6Ds4m,Text,20,"· Loss Prevention Council (LPC) Rules for Automatic Sprinkler Installations incorporating BS EN 12845: 2015 - Fixed Fire fighting Systems - Automatic Sprinkler Systems - Design, Installation and Maintenance and the Technical Guidance with suitable modification pertinent to Hong Kong issued by the Fire Services Department (FSD), Hong Kong","<p>· Loss Prevention Council (LPC) Rules for Automatic Sprinkler Installations incorporating BS EN 12845: 2015 - Fixed Fire fighting Systems - Automatic Sprinkler Systems - Design, Installation and Maintenance and the Technical Guidance with suitable modification pertinent to Hong Kong issued by the Fire Services Department (FSD), Hong Kong</p>","· Loss Prevention Council (LPC) Rules for Automatic Sprinkler Installations incorporating BS EN 12845: 2015 - Fixed Fire fighting Systems - Automatic Sprinkler Systems - Design, Installation and Maintenance and the Technical Guidance with suitable modification pertinent to Hong Kong issued by the Fire Services Department (FSD), Hong Kong",,1333.0656,408.4272,904.98254,105.36481
0efa2558-1a96-491b-8ac8-4eaba59c3228,5,vXcdjYf,Text,20,"· BS 5839-1:2017 (Incorporating Corrigendum No.1) Fire Detection and Fire Alarm Systems for Buildings - Part 1: Code of Practice for Design, Installation, Commissioning and Maintenance of Systems in Non-Domestic Premises and the Technical Guidance with suitable modification pertinent to Hong Kong issued by the Fire Services Department (FSD), Hong Kong","<p>· BS 5839-1:2017 (Incorporating Corrigendum No.1) Fire Detection and Fire Alarm Systems for Buildings - Part 1: Code of Practice for Design, Installation, Commissioning and Maintenance of Systems in Non-Domestic Premises and the Technical Guidance with suitable modification pertinent to Hong Kong issued by the Fire Services Department (FSD), Hong Kong</p>","· BS 5839-1:2017 (Incorporating Corrigendum No.1) Fire Detection and Fire Alarm Systems for Buildings - Part 1: Code of Practice for Design, Installation, Commissioning and Maintenance of Systems in Non-Domestic Premises and the Technical Guidance with suitable modification pertinent to Hong Kong issued by the Fire Services Department (FSD), Hong Kong",,1332.6624,528.48,906.26416,107.092834
0efa2558-1a96-491b-8ac8-4eaba59c3228,6,Ej7QAbe,Text,20,"· Codes of Practice for Minimum Fire Service Installations and Equipment and Inspection, Testing and Maintenance of Installations and Equipment, 2012 Edition, issued by the Fire Services Department (FSD), Hong Kong","<p>· Codes of Practice for Minimum Fire Service Installations and Equipment and Inspection, Testing and Maintenance of Installations and Equipment, 2012 Edition, issued by the Fire Services Department (FSD), Hong Kong</p>","· Codes of Practice for Minimum Fire Service Installations and Equipment and Inspection, Testing and Maintenance of Installations and Equipment, 2012 Edition, issued by the Fire Services Department (FSD), Hong Kong",,1332.576,648.9936,905.5585,79.50238
0efa2558-1a96-491b-8ac8-4eaba59c3228,7,myfclmz,Text,20,"· FSD Circular Letters issued by the Fire Services Department (FSD), Hong Kong","<p>· FSD Circular Letters issued by the Fire Services Department (FSD), Hong Kong</p>","· FSD Circular Letters issued by the Fire Services Department (FSD), Hong Kong",,1332.576,742.7664,726.6815,25.084778
0efa2558-1a96-491b-8ac8-4eaba59c3228,8,9mXpQnA,Text,20,· NFPA 2001: 2018 Standard on Clean Agent Fire Extinguishing Systems,<p>· NFPA 2001: 2018 Standard on Clean Agent Fire Extinguishing Systems</p>,· NFPA 2001: 2018 Standard on Clean Agent Fire Extinguishing Systems,,1332.5905,783.4176,659.33276,24.350403
0efa2558-1a96-491b-8ac8-4eaba59c3228,9,vwfoHbQ,Text,20,· NFPA 12: Standard on Carbon Dioxide Extinguishing Systems,<p>· NFPA 12: Standard on Carbon Dioxide Extinguishing Systems</p>,· NFPA 12: Standard on Carbon Dioxide Extinguishing Systems,,1333.3248,823.176,577.09436,24.436768
0efa2558-1a96-491b-8ac8-4eaba59c3228,10,CNlNGNF,Text,20,· NFPA 15: Water Spray Fixed Systems for Fire Protection,<p>· NFPA 15: Water Spray Fixed Systems for Fire Protection</p>,· NFPA 15: Water Spray Fixed Systems for Fire Protection,,1332.648,863.6976,533.88,23.169617
0efa2558-1a96-491b-8ac8-4eaba59c3228,11,jubdbrx,Text,20,"· Relevant regulations, requirements, circular letters, technical guidance and recommendations from the Fire Services Department (FSD), Hong Kong","<p>· Relevant regulations, requirements, circular letters, technical guidance and recommendations from the Fire Services Department (FSD), Hong Kong</p>","· Relevant regulations, requirements, circular letters, technical guidance and recommendations from the Fire Services Department (FSD), Hong Kong",,1332.8784,903.0096,905.27026,52.416016
0efa2558-1a96-491b-8ac8-4eaba59c3228,12,MFc0vpP,Text,20,"· Guidelines on Formulation of Fire Safety Requirements for New Railway Infrastructures October 2016 Edition issued by the Fire Services Department (FSD), Hong Kong","<p>· Guidelines on Formulation of Fire Safety Requirements for New Railway Infrastructures October 2016 Edition issued by the Fire Services Department (FSD), Hong Kong</p>","· Guidelines on Formulation of Fire Safety Requirements for New Railway Infrastructures October 2016 Edition issued by the Fire Services Department (FSD), Hong Kong",,1332.72,969.2928,905.86084,52.934387
0efa2558-1a96-491b-8ac8-4eaba59c3228,13,rl7u8Tq,Text,20,". Relevant regulations, requirements and recommendations from the Water Authority (WA), Hong Kong","<p>. Relevant regulations, requirements and recommendations from the Water Authority (WA), Hong Kong</p>",". Relevant regulations, requirements and recommendations from the Water Authority (WA), Hong Kong",,1332.9648,1035.8928,905.7312,51.969604
0efa2558-1a96-491b-8ac8-4eaba59c3228,14,Ap8v0EZ,Text,20,"· Relevant Codes of Practice and Standards of HK, UK, NFPA, EN and ISO etc.","<p>· Relevant Codes of Practice and Standards of HK, UK, NFPA, EN and ISO etc.</p>","· Relevant Codes of Practice and Standards of HK, UK, NFPA, EN and ISO etc.",,1332.5616,1103.3712,704.63513,23.832031
0efa2558-1a96-491b-8ac8-4eaba59c3228,15,olLRtjh,Text,20,3.3.3 Design Criteria and Parameters,<p>3.3.3 Design Criteria and Parameters</p>,3.3.3 Design Criteria and Parameters,,1223.8127,1153.6992,389.56323,24.638428
0efa2558-1a96-491b-8ac8-4eaba59c3228,16,MW1P4TC,Text,20,(a) The Fire Services Provisions for the various rooms and locations at A16 Station are as indicated in Table 3.15 below:,<p>(a) The Fire Services Provisions for the various rooms and locations at A16 Station are as indicated in Table 3.15 below:</p>,(a) The Fire Services Provisions for the various rooms and locations at A16 Station are as indicated in Table 3.15 below:,,1224.3168,1204.4736,1013.52966,49.723145
0efa2558-1a96-491b-8ac8-4eaba59c3228,17,fw8vODB,PageFooter,20,Rev. A,"<div class=""page-footer"">Rev. A</div>",Rev. A,,142.2,1601.496,59.09761,18.71997
0efa2558-1a96-491b-8ac8-4eaba59c3228,18,kPjoS4q,PageFooter,20,Page 11,"<div class=""page-footer"">Page 11</div>",Page 11,,1151.8704,1601.3809,72.388794,21.31189
0efa2558-1a96-491b-8ac8-4eaba59c3228,19,MP4PXbh,PageFooter,20,January 2023,"<div class=""page-footer"">January 2023</div>",January 2023,,2111.6016,1600.5457,123.35034,22.391968
0efa2558-1a96-491b-8ac8-4eaba59c3228,20,dSLAUut,PageHeader,21,AECOM,"<div class=""page-header"">AECOM</div>",AECOM,,140.1552,50.256,163.0656,40.939198
0efa2558-1a96-491b-8ac8-4eaba59c3228,21,smVO5_U,PageHeader,21,Consultancy Agreement No. C1501 Design Services for Tuen Ma Extension 2.4C A16 Reference Design Building Services Design Final Report with Federated Design Model and Drawings,"<div class=""page-header"">Consultancy Agreement No. C1501 Design Services for Tuen Ma Extension 2.4C A16 Reference Design Building Services Design Final Report with Federated Design Model and Drawings</div>",Consultancy Agreement No. C1501 Design Services for Tuen Ma Extension 2.4C A16 Reference Design Building Services Design Final Report with Federated Design Model and Drawings,,1259.3376,58.8816,977.6448,79.4304
0efa2558-1a96-491b-8ac8-4eaba59c3228,22,VPA83zS,Caption,21,Table 3.15: Fire Services Provisions for A16 Station,"<span class=""caption"">Table 3.15: Fire Services Provisions for A16 Station</span>",Table 3.15: Fire Services Provisions for A16 Station,,248.6448,181.8432,464.47202,22.723206
0efa2558-1a96-491b-8ac8-4eaba59c3228,23,Om5viLY,Table,21,"<table>
  <thead>
    <tr>
      <th rowspan=""2"">Room/Facility</th>
      <th colspan=""4"">FS Systems</th>
    </tr>
    <tr>
      <th>Detection</th>
      <th>Fire Hydrant / Hose Reel Coverage</th>
      <th>Automatic Suppression Systems</th>
      <th>Portable Extinguishers</th>
    </tr>
  </thead>
  <tbody>
    <tr>
      <td>Accessible Toilet / Public Accessible Toilet / Public Male Toilet / Public Female Toilet [Note 5]</td>
      <td>MS</td>
      <td>Y</td>
      <td>W</td>
      <td>N</td>
    </tr>
    <tr>
      <td>Accessible Void (w/o services)</td>
      <td>N</td>
      <td>N</td>
      <td>N</td>
      <td>N</td>
    </tr>
    <tr>
      <td>Advertiser Equipment Room</td>
      <td>PS</td>
      <td>Y</td>
      <td>N</td>
      <td>Y</td>
    </tr>
    <tr>
      <td>Audit Revenue Room</td>
      <td>PS</td>
      <td>Y</td>
      <td>W</td>
      <td>Y</td>
    </tr>
    <tr>
      <td>Baby Care Room (Note 5)</td>
      <td>PS</td>
      <td>Y</td>
      <td>W</td>
      <td>N</td>
    </tr>
    <tr>
      <td>BMU RM Riser</td>
      <td>PS</td>
      <td>Y</td>
      <td>N</td>
      <td>N</td>
    </tr>
    <tr>
      <td>BOH Corridor</td>
      <td>PS</td>
      <td>Y</td>
      <td>W</td>
      <td>N</td>
    </tr>
    <tr>
      <td>Building Maintenance Unit (BMU) Room</td>
      <td>PS</td>
      <td>Y</td>
      <td>N</td>
      <td>Y</td>
    </tr>
    <tr>
      <td>Cable Termination Room (CTR)</td>
      <td>PS</td>
      <td>Y</td>
      <td>N</td>
      <td>Y</td>
    </tr>
    <tr>
      <td>Chiller Plant Room</td>
      <td>PS</td>
      <td>Y</td>
      <td>N</td>
      <td>Y</td>
    </tr>
    <tr>
      <td>Cleaner's Room</td>
      <td>PS</td>
      <td>Y</td>
      <td>W</td>
      <td>Y</td>
    </tr>
    <tr>
      <td>Cleaning Equipment Room</td>
      <td>PS</td>
      <td>Y</td>
      <td>W</td>
      <td>Y</td>
    </tr>
    <tr>
      <td>Common Telecom Equipment Room (CTER)</td>
      <td>PS</td>
      <td>Y</td>
      <td>G</td>
      <td>Y</td>
    </tr>
    <tr>
      <td>Concession</td>
      <td>PS</td>
      <td>Y</td>
      <td>W</td>
      <td>Y**</td>
    </tr>
    <tr>
      <td>Concession (Shallow Cabin)</td>
      <td>PS</td>
      <td>Y</td>
      <td>W</td>
      <td>Y**</td>
    </tr>
    <tr>
      <td>Concession Water Meter Room</td>
      <td>PS</td>
      <td>Y</td>
      <td>N</td>
      <td>Y</td>
    </tr>
    <tr>
      <td>Concourse Paid Area / Concourse Unpaid Area</td>
      <td>PS</td>
      <td>Y</td>
      <td>W</td>
      <td>Y</td>
    </tr>
    <tr>
      <td>Cooling Tower</td>
      <td>PS</td>
      <td>Y</td>
      <td>N</td>
      <td>Y</td>
    </tr>
    <tr>
      <td>Corridor</td>
      <td>PS</td>
      <td>Y</td>
      <td>W</td>
      <td>N</td>
    </tr>
    <tr>
      <td>CTER Meter Room / Concession Power Meter Room</td>
      <td>PS</td>
      <td>Y</td>
      <td>N</td>
      <td>Y</td>
    </tr>
    <tr>
      <td>Driver's Staircase</td>
      <td>S</td>
      <td>Y</td>
      <td>W</td>
      <td>N</td>
    </tr>
  </tbody>
</table>","<table>
  <thead>
    <tr>
      <th rowspan=""2"">Room/Facility</th>
      <th colspan=""4"">FS Systems</th>
    </tr>
    <tr>
      <th>Detection</th>
      <th>Fire Hydrant / Hose Reel Coverage</th>
      <th>Automatic Suppression Systems</th>
      <th>Portable Extinguishers</th>
    </tr>
  </thead>
  <tbody>
    <tr>
      <td>Accessible Toilet / Public Accessible Toilet / Public Male Toilet / Public Female Toilet [Note 5]</td>
      <td>MS</td>
      <td>Y</td>
      <td>W</td>
      <td>N</td>
    </tr>
    <tr>
      <td>Accessible Void (w/o services)</td>
      <td>N</td>
      <td>N</td>
      <td>N</td>
      <td>N</td>
    </tr>
    <tr>
      <td>Advertiser Equipment Room</td>
      <td>PS</td>
      <td>Y</td>
      <td>N</td>
      <td>Y</td>
    </tr>
    <tr>
      <td>Audit Revenue Room</td>
      <td>PS</td>
      <td>Y</td>
      <td>W</td>
      <td>Y</td>
    </tr>
    <tr>
      <td>Baby Care Room (Note 5)</td>
      <td>PS</td>
      <td>Y</td>
      <td>W</td>
      <td>N</td>
    </tr>
    <tr>
      <td>BMU RM Riser</td>
      <td>PS</td>
      <td>Y</td>
      <td>N</td>
      <td>N</td>
    </tr>
    <tr>
      <td>BOH Corridor</td>
      <td>PS</td>
      <td>Y</td>
      <td>W</td>
      <td>N</td>
    </tr>
    <tr>
      <td>Building Maintenance Unit (BMU) Room</td>
      <td>PS</td>
      <td>Y</td>
      <td>N</td>
      <td>Y</td>
    </tr>
    <tr>
      <td>Cable Termination Room (CTR)</td>
      <td>PS</td>
      <td>Y</td>
      <td>N</td>
      <td>Y</td>
    </tr>
    <tr>
      <td>Chiller Plant Room</td>
      <td>PS</td>
      <td>Y</td>
      <td>N</td>
      <td>Y</td>
    </tr>
    <tr>
      <td>Cleaner's Room</td>
      <td>PS</td>
      <td>Y</td>
      <td>W</td>
      <td>Y</td>
    </tr>
    <tr>
      <td>Cleaning Equipment Room</td>
      <td>PS</td>
      <td>Y</td>
      <td>W</td>
      <td>Y</td>
    </tr>
    <tr>
      <td>Common Telecom Equipment Room (CTER)</td>
      <td>PS</td>
      <td>Y</td>
      <td>G</td>
      <td>Y</td>
    </tr>
    <tr>
      <td>Concession</td>
      <td>PS</td>
      <td>Y</td>
      <td>W</td>
      <td>Y**</td>
    </tr>
    <tr>
      <td>Concession (Shallow Cabin)</td>
      <td>PS</td>
      <td>Y</td>
      <td>W</td>
      <td>Y**</td>
    </tr>
    <tr>
      <td>Concession Water Meter Room</td>
      <td>PS</td>
      <td>Y</td>
      <td>N</td>
      <td>Y</td>
    </tr>
    <tr>
      <td>Concourse Paid Area / Concourse Unpaid Area</td>
      <td>PS</td>
      <td>Y</td>
      <td>W</td>
      <td>Y</td>
    </tr>
    <tr>
      <td>Cooling Tower</td>
      <td>PS</td>
      <td>Y</td>
      <td>N</td>
      <td>Y</td>
    </tr>
    <tr>
      <td>Corridor</td>
      <td>PS</td>
      <td>Y</td>
      <td>W</td>
      <td>N</td>
    </tr>
    <tr>
      <td>CTER Meter Room / Concession Power Meter Room</td>
      <td>PS</td>
      <td>Y</td>
      <td>N</td>
      <td>Y</td>
    </tr>
    <tr>
      <td>Driver's Staircase</td>
      <td>S</td>
      <td>Y</td>
      <td>W</td>
      <td>N</td>
    </tr>
  </tbody>
</table>","|                                                                                                     |            |                                   |                               |                        |
|-----------------------------------------------------------------------------------------------------|------------|-----------------------------------|-------------------------------|------------------------|
| Room/Facility                                                                                       | FS Systems |                                   |                               |                        |
|                                                                                                     | Detection  | Fire Hydrant / Hose Reel Coverage | Automatic Suppression Systems | Portable Extinguishers |
| Accessible Toilet / Public Accessible Toilet / Public Male Toilet / Public Female Toilet \[Note 5\] | MS         | Y [x]                      | W [x]                  | N [x]           |
| Accessible Void (w/o services)                                                                      | N          | N                                 | N                             | N [x]           |
| Advertiser Equipment Room                                                                           | PS         | Y                                 | N                             | Y                      |
| Audit Revenue Room                                                                                  | PS         | Y                                 | W                             | Y                      |
| Baby Care Room (Note 5)                                                                             | PS         | Y                                 | W                             | N                      |
| BMU RM Riser                                                                                        | PS         | Y                                 | N                             | N                      |
| BOH Corridor                                                                                        | PS         | Y                                 | W                             | N                      |
| Building Maintenance Unit (BMU) Room                                                                | PS         | Y                                 | N                             | Y                      |
| Cable Termination Room (CTR)                                                                        | PS         | Y                                 | N                             | Y                      |
| Chiller Plant Room                                                                                  | PS         | Y                                 | N                             | Y                      |
| Cleaner's Room                                                                                      | PS         | Y                                 | W                             | Y                      |
| Cleaning Equipment Room                                                                             | PS         | Y                                 | W                             | Y                      |
| Common Telecom Equipment Room (CTER)                                                                | PS         | Y                                 | G                             | Y                      |
| Concession                                                                                          | PS         | Y                                 | W                             | Y \*\*                 |
| Concession (Shallow Cabin)                                                                          | PS         | Y                                 | W                             | Y \*\*                 |
| Concession Water Meter Room                                                                         | PS         | Y                                 | N                             | Y                      |
| Concourse Paid Area / Concourse Unpaid Area                                                         | PS         | Y                                 | W                             | Y                      |
| Cooling Tower                                                                                       | PS         | Y                                 | N                             | Y                      |
| Corridor                                                                                            | PS         | Y                                 | W                             | N                      |
| CTER Meter Room / Concession Power Meter Room                                                       | PS         | Y                                 | N                             | Y                      |
| Driver's Staircase                                                                                  | S          | Y                                 | W                             | N                      |",https://storage.googleapis.com/chunkr-prod-bucket/b1e41788-2d6e-4f8e-ad16-2e39fb334c57/5d9ffc1b-8d78-44ef-813d-5174c6bbebed/images/Om5viLY.jpg?x-id=GetObject&response-content-disposition=inline&response-content-encoding=utf-8&response-content-type=image%2Fjpeg&X-Amz-Algorithm=AWS4-HMAC-SHA256&X-Amz-Credential=GOOG1EBMQ2D33SPB3VQ4MMVJEKXWQFNK5WS57JRFVYUSD3ZCA76OC3B74IG7C%2F20260119%2Fus-east-1%2Fs3%2Faws4_request&X-Amz-Date=20260119T145120Z&X-Amz-Expires=3600&X-Amz-SignedHeaders=host&X-Amz-Signature=5c047819ba2513f29318110ce4639c9561283f64c4bcf060aff0d9a7a87a8c0e,240.3648,217.728,904.55035,1308.7872
0efa2558-1a96-491b-8ac8-4eaba59c3228,24,jtvxNr0,Table,21,"<table>
  <thead>
    <tr>
      <th rowspan=""2"">Room/Facility</th>
      <th colspan=""4"">FS Systems</th>
    </tr>
    <tr>
      <th>Detection</th>
      <th>Fire Hydrant / Hose Reel Coverage</th>
      <th>Automatic Suppression Systems</th>
      <th>Portable Extinguishers</th>
    </tr>
  </thead>
  <tbody>
    <tr>
      <td>ECS Control Room</td>
      <td>PS</td>
      <td>Y</td>
      <td>N</td>
      <td>Y</td>
    </tr>
    <tr>
      <td>ECS Plant Room</td>
      <td>PS</td>
      <td>Y</td>
      <td>N</td>
      <td>Y</td>
    </tr>
    <tr>
      <td>Electrical Riser</td>
      <td>PS</td>
      <td>Y</td>
      <td>N</td>
      <td>N</td>
    </tr>
    <tr>
      <td>Electrical Room</td>
      <td>PS</td>
      <td>Y</td>
      <td>N</td>
      <td>Y</td>
    </tr>
    <tr>
      <td>Entrance</td>
      <td>PS</td>
      <td>Y</td>
      <td>W</td>
      <td>Y</td>
    </tr>
    <tr>
      <td>Entrance (External Covered Area)</td>
      <td>N</td>
      <td>Y</td>
      <td>N</td>
      <td>Y</td>
    </tr>
    <tr>
      <td>Escalator Controller Cabinet (ECC)</td>
      <td>N</td>
      <td>Y</td>
      <td>N</td>
      <td>N</td>
    </tr>
    <tr>
      <td>Exhaust Plenum [Note 4]</td>
      <td>N</td>
      <td>N</td>
      <td>N</td>
      <td>N</td>
    </tr>
    <tr>
      <td>External Planter</td>
      <td>N</td>
      <td>Y</td>
      <td>N</td>
      <td>N</td>
    </tr>
    <tr>
      <td>Fan Coil Unit (FCU) Room</td>
      <td>PS</td>
      <td>Y</td>
      <td>N</td>
      <td>Y</td>
    </tr>
    <tr>
      <td>Fire Hydrant/Hose Reel (FHR) Cabinet</td>
      <td>N</td>
      <td>Y</td>
      <td>N</td>
      <td>N</td>
    </tr>
    <tr>
      <td>Fire Control Centre (FCR)</td>
      <td>PS</td>
      <td>Y</td>
      <td>PRE</td>
      <td>Y</td>
    </tr>
    <tr>
      <td>Firemen's Lift Lobby</td>
      <td>PS</td>
      <td>Y</td>
      <td>W</td>
      <td>N</td>
    </tr>
    <tr>
      <td>Flood Board Store Room / Flood Board Cabinet</td>
      <td>PS</td>
      <td>Y</td>
      <td>W</td>
      <td>Y</td>
    </tr>
    <tr>
      <td>FS & Sprinkler Pump And Tank Room</td>
      <td>PS</td>
      <td>Y</td>
      <td>N</td>
      <td>Y</td>
    </tr>
    <tr>
      <td>FS Gas Cylinder Room</td>
      <td>PS</td>
      <td>Y</td>
      <td>N</td>
      <td>Y</td>
    </tr>
    <tr>
      <td>FS Inlet</td>
      <td>N</td>
      <td>Y</td>
      <td>N</td>
      <td>N</td>
    </tr>
    <tr>
      <td>General Equipment Room</td>
      <td>PS</td>
      <td>Y</td>
      <td>W</td>
      <td>Y</td>
    </tr>
    <tr>
      <td>Inaccessible Void (Note 10)</td>
      <td>N</td>
      <td>N</td>
      <td>N</td>
      <td>N</td>
    </tr>
    <tr>
      <td>Intake Plenum [Note 4]</td>
      <td>N</td>
      <td>N</td>
      <td>N</td>
      <td>N</td>
    </tr>
    <tr>
      <td>Lift Shaft / Accessible Lift/ Fireman's Lift / Passenger Lift</td>
      <td>PS</td>
      <td>N</td>
      <td>N</td>
      <td>N</td>
    </tr>
    <tr>
      <td>Lift Vent Riser</td>
      <td>N</td>
      <td>N</td>
      <td>N</td>
      <td>N</td>
    </tr>
    <tr>
      <td>Lobby</td>
      <td>PS</td>
      <td>Y</td>
      <td>W</td>
      <td>N</td>
    </tr>
  </tbody>
</table>","<table>
  <thead>
    <tr>
      <th rowspan=""2"">Room/Facility</th>
      <th colspan=""4"">FS Systems</th>
    </tr>
    <tr>
      <th>Detection</th>
      <th>Fire Hydrant / Hose Reel Coverage</th>
      <th>Automatic Suppression Systems</th>
      <th>Portable Extinguishers</th>
    </tr>
  </thead>
  <tbody>
    <tr>
      <td>ECS Control Room</td>
      <td>PS</td>
      <td>Y</td>
      <td>N</td>
      <td>Y</td>
    </tr>
    <tr>
      <td>ECS Plant Room</td>
      <td>PS</td>
      <td>Y</td>
      <td>N</td>
      <td>Y</td>
    </tr>
    <tr>
      <td>Electrical Riser</td>
      <td>PS</td>
      <td>Y</td>
      <td>N</td>
      <td>N</td>
    </tr>
    <tr>
      <td>Electrical Room</td>
      <td>PS</td>
      <td>Y</td>
      <td>N</td>
      <td>Y</td>
    </tr>
    <tr>
      <td>Entrance</td>
      <td>PS</td>
      <td>Y</td>
      <td>W</td>
      <td>Y</td>
    </tr>
    <tr>
      <td>Entrance (External Covered Area)</td>
      <td>N</td>
      <td>Y</td>
      <td>N</td>
      <td>Y</td>
    </tr>
    <tr>
      <td>Escalator Controller Cabinet (ECC)</td>
      <td>N</td>
      <td>Y</td>
      <td>N</td>
      <td>N</td>
    </tr>
    <tr>
      <td>Exhaust Plenum [Note 4]</td>
      <td>N</td>
      <td>N</td>
      <td>N</td>
      <td>N</td>
    </tr>
    <tr>
      <td>External Planter</td>
      <td>N</td>
      <td>Y</td>
      <td>N</td>
      <td>N</td>
    </tr>
    <tr>
      <td>Fan Coil Unit (FCU) Room</td>
      <td>PS</td>
      <td>Y</td>
      <td>N</td>
      <td>Y</td>
    </tr>
    <tr>
      <td>Fire Hydrant/Hose Reel (FHR) Cabinet</td>
      <td>N</td>
      <td>Y</td>
      <td>N</td>
      <td>N</td>
    </tr>
    <tr>
      <td>Fire Control Centre (FCR)</td>
      <td>PS</td>
      <td>Y</td>
      <td>PRE</td>
      <td>Y</td>
    </tr>
    <tr>
      <td>Firemen's Lift Lobby</td>
      <td>PS</td>
      <td>Y</td>
      <td>W</td>
      <td>N</td>
    </tr>
    <tr>
      <td>Flood Board Store Room / Flood Board Cabinet</td>
      <td>PS</td>
      <td>Y</td>
      <td>W</td>
      <td>Y</td>
    </tr>
    <tr>
      <td>FS & Sprinkler Pump And Tank Room</td>
      <td>PS</td>
      <td>Y</td>
      <td>N</td>
      <td>Y</td>
    </tr>
    <tr>
      <td>FS Gas Cylinder Room</td>
      <td>PS</td>
      <td>Y</td>
      <td>N</td>
      <td>Y</td>
    </tr>
    <tr>
      <td>FS Inlet</td>
      <td>N</td>
      <td>Y</td>
      <td>N</td>
      <td>N</td>
    </tr>
    <tr>
      <td>General Equipment Room</td>
      <td>PS</td>
      <td>Y</td>
      <td>W</td>
      <td>Y</td>
    </tr>
    <tr>
      <td>Inaccessible Void (Note 10)</td>
      <td>N</td>
      <td>N</td>
      <td>N</td>
      <td>N</td>
    </tr>
    <tr>
      <td>Intake Plenum [Note 4]</td>
      <td>N</td>
      <td>N</td>
      <td>N</td>
      <td>N</td>
    </tr>
    <tr>
      <td>Lift Shaft / Accessible Lift/ Fireman's Lift / Passenger Lift</td>
      <td>PS</td>
      <td>N</td>
      <td>N</td>
      <td>N</td>
    </tr>
    <tr>
      <td>Lift Vent Riser</td>
      <td>N</td>
      <td>N</td>
      <td>N</td>
      <td>N</td>
    </tr>
    <tr>
      <td>Lobby</td>
      <td>PS</td>
      <td>Y</td>
      <td>W</td>
      <td>N</td>
    </tr>
  </tbody>
</table>","|                                                               |              |                                   |                               |                        |
|---------------------------------------------------------------|--------------|-----------------------------------|-------------------------------|------------------------|
| Room/Facility                                                 | FS Systems   |                                   |                               |                        |
|                                                               | Detection    | Fire Hydrant / Hose Reel Coverage | Automatic Suppression Systems | Portable Extinguishers |
| ECS Control Room                                              | PS           | Y [x]                      | N [x]                  | Y [x]           |
| ECS Plant Room                                                | PS           | Y                                 | N [x]                  | Y [x]           |
| Electrical Riser                                              | PS           | Y                                 | N [x]                  | N [x]           |
| Electrical Room                                               | PS           | Y                                 | N [x]                  | Y [x]           |
| Entrance                                                      | PS           | Y                                 | W                             | Y [x]           |
| Entrance (External Covered Area)                              | N            | Y                                 | N                             | Y [x]           |
| Escalator Controller Cabinet (ECC)                            | N            | Y                                 | N [x]                  | N [x]           |
| Exhaust Plenum \[Note 4\]                                     | N [x] | N [x]                      | N [x]                  | N                      |
| External Planter                                              | N            | Y                                 | N                             | N                      |
| Fan Coil Unit (FCU) Room                                      | PS           | Y                                 | N                             | Y [x]           |
| Fire Hydrant/Hose Reel (FHR) Cabinet                          | N            | Y                                 | N                             | N                      |
| Fire Control Centre (FCR)                                     | PS           | Y                                 | PRE                           | Y                      |
| Firemen's Lift Lobby                                          | PS           | Y                                 | W                             | N                      |
| Flood Board Store Room / Flood Board Cabinet                  | PS           | Y                                 | W                             | Y                      |
| FS & Sprinkler Pump And Tank Room                             | PS           | Y                                 | N                             | Y [x]           |
| FS Gas Cylinder Room                                          | PS           | Y                                 | N                             | Y [x]           |
| FS Inlet                                                      | N            | Y                                 | N [x]                  | N [x]           |
| General Equipment Room                                        | PS           | Y                                 | W                             | Y [x]           |
| Inaccessible Void (Note 10)                                   | N            | N                                 | N [x]                  | N [x]           |
| Intake Plenum \[Note 4\]                                      | N            | N                                 | N [x]                  | N [x]           |
| Lift Shaft / Accessible Lift/ Fireman's Lift / Passenger Lift | PS           | N                                 | N [x]                  | N                      |
| Lift Vent Riser                                               | N [x] | N [x]                      | N [x]                  | N                      |
| Lobby                                                         | PS           | Y                                 | W                             | N                      |",https://storage.googleapis.com/chunkr-prod-bucket/b1e41788-2d6e-4f8e-ad16-2e39fb334c57/5d9ffc1b-8d78-44ef-813d-5174c6bbebed/images/jtvxNr0.jpg?x-id=GetObject&response-content-disposition=inline&response-content-encoding=utf-8&response-content-type=image%2Fjpeg&X-Amz-Algorithm=AWS4-HMAC-SHA256&X-Amz-Credential=GOOG1EBMQ2D33SPB3VQ4MMVJEKXWQFNK5WS57JRFVYUSD3ZCA76OC3B74IG7C%2F20260119%2Fus-east-1%2Fs3%2Faws4_request&X-Amz-Date=20260119T145120Z&X-Amz-Expires=3600&X-Amz-SignedHeaders=host&X-Amz-Signature=9793fa7f2c27a31deccb179191892d40a879cfb472c1433149ec282ddf421288,1322.5248,178.488,904.8529,1370.6207
0efa2558-1a96-491b-8ac8-4eaba59c3228,25,WTX6XS6,PageFooter,21,Rev. A,"<div class=""page-footer"">Rev. A</div>",Rev. A,,142.1424,1601.4095,58.780807,18.8208
0efa2558-1a96-491b-8ac8-4eaba59c3228,26,l41Lvka,PageFooter,21,Page 12,"<div class=""page-footer"">Page 12</div>",Page 12,,1152.36,1601.568,71.72644,20.678467
0efa2558-1a96-491b-8ac8-4eaba59c3228,27,90M7z3D,PageFooter,21,January 2023,"<div class=""page-footer"">January 2023</div>",January 2023,,2111.9617,1600.5024,122.42871,22.291138
0efa2558-1a96-491b-8ac8-4eaba59c3228,28,ZciD8km,Text,22,AECOM,<p>AECOM</p>,AECOM,,140.04,50.1408,163.32481,41.198402
0efa2558-1a96-491b-8ac8-4eaba59c3228,29,NStoLev,Text,22,Consultancy Agreement No. C1501 Design Services for Tuen Ma Extension 2.4C A16 Reference Design Building Services Design Final Report with Federated Design Model and Drawings,<p>Consultancy Agreement No. C1501 Design Services for Tuen Ma Extension 2.4C A16 Reference Design Building Services Design Final Report with Federated Design Model and Drawings</p>,Consultancy Agreement No. C1501 Design Services for Tuen Ma Extension 2.4C A16 Reference Design Building Services Design Final Report with Federated Design Model and Drawings,,1259.2656,58.9968,977.7024,79.18561
7d2a3e22-e5c2-4b9c-9ed8-526d27150e3f,0,Wf51kL6,Table,22,"<table>
  <thead>
    <tr>
      <th rowspan=""2"">Room/Facility</th>
      <th colspan=""4"">FS Systems</th>
    </tr>
    <tr>
      <th>Detection</th>
      <th>Fire Hydrant / Hose Reel Coverage</th>
      <th>Automatic Suppression Systems</th>
      <th>Portable Extinguishers</th>
    </tr>
  </thead>
  <tbody>
    <tr>
      <td>LV Switch Room</td>
      <td>PS</td>
      <td>Y</td>
      <td>N</td>
      <td>Y</td>
    </tr>
    <tr>
      <td>Maintenance Contractor's In-House Store</td>
      <td>PS</td>
      <td>Y</td>
      <td>W</td>
      <td>Y</td>
    </tr>
    <tr>
      <td>Maintenance Contractor's Office</td>
      <td>PS</td>
      <td>Y</td>
      <td>W</td>
      <td>Y</td>
    </tr>
    <tr>
      <td>Maintenance Equipment Store</td>
      <td>PS</td>
      <td>Y</td>
      <td>W</td>
      <td>Y</td>
    </tr>
    <tr>
      <td>Make-Up Air Shaft [Note 3]</td>
      <td>N</td>
      <td>N</td>
      <td>N</td>
      <td>N</td>
    </tr>
    <tr>
      <td>Male Staff Locker Room / Female Staff Locker Room</td>
      <td>PS</td>
      <td>Y</td>
      <td>W</td>
      <td>Y</td>
    </tr>
    <tr>
      <td>MEP Riser</td>
      <td>PS</td>
      <td>Y</td>
      <td>N</td>
      <td>N</td>
    </tr>
    <tr>
      <td>Mess Room / Concession Tenant Mess Room</td>
      <td>PS</td>
      <td>Y</td>
      <td>W</td>
      <td>Y</td>
    </tr>
    <tr>
      <td>MOA Stair</td>
      <td>PS</td>
      <td>Y</td>
      <td>W</td>
      <td>N</td>
    </tr>
    <tr>
      <td>MOE Stair</td>
      <td>PS</td>
      <td>Y</td>
      <td>W</td>
      <td>N</td>
    </tr>
    <tr>
      <td>Motor Control Centre Room (MCC)</td>
      <td>PS</td>
      <td>Y</td>
      <td>N</td>
      <td>Y</td>
    </tr>
    <tr>
      <td>MVAC & PD Riser</td>
      <td>N</td>
      <td>N</td>
      <td>N</td>
      <td>N</td>
    </tr>
    <tr>
      <td>Network Equipment Room (NER)</td>
      <td>PS</td>
      <td>Y</td>
      <td>G</td>
      <td>Y</td>
    </tr>
    <tr>
      <td>Overhead Track Exhaust (OTE) Riser (Note 3)</td>
      <td>N</td>
      <td>N</td>
      <td>N</td>
      <td>N</td>
    </tr>
    <tr>
      <td>Pipe Duct (PD)</td>
      <td>PS</td>
      <td>Y</td>
      <td>N</td>
      <td>N</td>
    </tr>
    <tr>
      <td>Plenum (Note 3)</td>
      <td>N</td>
      <td>N</td>
      <td>N</td>
      <td>N</td>
    </tr>
    <tr>
      <td>Platform</td>
      <td>PS</td>
      <td>Y</td>
      <td>W</td>
      <td>Y</td>
    </tr>
    <tr>
      <td>Plenum [Note 4]</td>
      <td>N</td>
      <td>N</td>
      <td>N</td>
      <td>N</td>
    </tr>
    <tr>
      <td>Police Equipment Room</td>
      <td>PS</td>
      <td>Y</td>
      <td>W</td>
      <td>Y</td>
    </tr>
    <tr>
      <td>Police Facility Room</td>
      <td>PS</td>
      <td>Y</td>
      <td>W</td>
      <td>Y</td>
    </tr>
    <tr>
      <td>Police Post</td>
      <td>PS</td>
      <td>Y</td>
      <td>W</td>
      <td>Y</td>
    </tr>
    <tr>
      <td>Pre-action Sprinkler Valve Room (PSVR)</td>
      <td>PS</td>
      <td>Y</td>
      <td>N</td>
      <td>Y</td>
    </tr>
    <tr>
      <td>Protected Corridor</td>
      <td>PS</td>
      <td>Y</td>
      <td>W</td>
      <td>N</td>
    </tr>
  </tbody>
</table>","<table>
  <thead>
    <tr>
      <th rowspan=""2"">Room/Facility</th>
      <th colspan=""4"">FS Systems</th>
    </tr>
    <tr>
      <th>Detection</th>
      <th>Fire Hydrant / Hose Reel Coverage</th>
      <th>Automatic Suppression Systems</th>
      <th>Portable Extinguishers</th>
    </tr>
  </thead>
  <tbody>
    <tr>
      <td>LV Switch Room</td>
      <td>PS</td>
      <td>Y</td>
      <td>N</td>
      <td>Y</td>
    </tr>
    <tr>
      <td>Maintenance Contractor's In-House Store</td>
      <td>PS</td>
      <td>Y</td>
      <td>W</td>
      <td>Y</td>
    </tr>
    <tr>
      <td>Maintenance Contractor's Office</td>
      <td>PS</td>
      <td>Y</td>
      <td>W</td>
      <td>Y</td>
    </tr>
    <tr>
      <td>Maintenance Equipment Store</td>
      <td>PS</td>
      <td>Y</td>
      <td>W</td>
      <td>Y</td>
    </tr>
    <tr>
      <td>Make-Up Air Shaft [Note 3]</td>
      <td>N</td>
      <td>N</td>
      <td>N</td>
      <td>N</td>
    </tr>
    <tr>
      <td>Male Staff Locker Room / Female Staff Locker Room</td>
      <td>PS</td>
      <td>Y</td>
      <td>W</td>
      <td>Y</td>
    </tr>
    <tr>
      <td>MEP Riser</td>
      <td>PS</td>
      <td>Y</td>
      <td>N</td>
      <td>N</td>
    </tr>
    <tr>
      <td>Mess Room / Concession Tenant Mess Room</td>
      <td>PS</td>
      <td>Y</td>
      <td>W</td>
      <td>Y</td>
    </tr>
    <tr>
      <td>MOA Stair</td>
      <td>PS</td>
      <td>Y</td>
      <td>W</td>
      <td>N</td>
    </tr>
    <tr>
      <td>MOE Stair</td>
      <td>PS</td>
      <td>Y</td>
      <td>W</td>
      <td>N</td>
    </tr>
    <tr>
      <td>Motor Control Centre Room (MCC)</td>
      <td>PS</td>
      <td>Y</td>
      <td>N</td>
      <td>Y</td>
    </tr>
    <tr>
      <td>MVAC & PD Riser</td>
      <td>N</td>
      <td>N</td>
      <td>N</td>
      <td>N</td>
    </tr>
    <tr>
      <td>Network Equipment Room (NER)</td>
      <td>PS</td>
      <td>Y</td>
      <td>G</td>
      <td>Y</td>
    </tr>
    <tr>
      <td>Overhead Track Exhaust (OTE) Riser (Note 3)</td>
      <td>N</td>
      <td>N</td>
      <td>N</td>
      <td>N</td>
    </tr>
    <tr>
      <td>Pipe Duct (PD)</td>
      <td>PS</td>
      <td>Y</td>
      <td>N</td>
      <td>N</td>
    </tr>
    <tr>
      <td>Plenum (Note 3)</td>
      <td>N</td>
      <td>N</td>
      <td>N</td>
      <td>N</td>
    </tr>
    <tr>
      <td>Platform</td>
      <td>PS</td>
      <td>Y</td>
      <td>W</td>
      <td>Y</td>
    </tr>
    <tr>
      <td>Plenum [Note 4]</td>
      <td>N</td>
      <td>N</td>
      <td>N</td>
      <td>N</td>
    </tr>
    <tr>
      <td>Police Equipment Room</td>
      <td>PS</td>
      <td>Y</td>
      <td>W</td>
      <td>Y</td>
    </tr>
    <tr>
      <td>Police Facility Room</td>
      <td>PS</td>
      <td>Y</td>
      <td>W</td>
      <td>Y</td>
    </tr>
    <tr>
      <td>Police Post</td>
      <td>PS</td>
      <td>Y</td>
      <td>W</td>
      <td>Y</td>
    </tr>
    <tr>
      <td>Pre-action Sprinkler Valve Room (PSVR)</td>
      <td>PS</td>
      <td>Y</td>
      <td>N</td>
      <td>Y</td>
    </tr>
    <tr>
      <td>Protected Corridor</td>
      <td>PS</td>
      <td>Y</td>
      <td>W</td>
      <td>N</td>
    </tr>
  </tbody>
</table>","|                                                   |            |                                   |                               |                        |
|---------------------------------------------------|------------|-----------------------------------|-------------------------------|------------------------|
| Room/Facility                                     | FS Systems |                                   |                               |                        |
|                                                   | Detection  | Fire Hydrant / Hose Reel Coverage | Automatic Suppression Systems | Portable Extinguishers |
| LV Switch Room                                    | PS         | Y                                 | N                             | Y                      |
| Maintenance Contractor's In-House Store           | PS         | Y                                 | W                             | Y                      |
| Maintenance Contractor's Office                   | PS         | Y                                 | W                             | Y                      |
| Maintenance Equipment Store                       | PS         | Y                                 | W                             | Y                      |
| Make-Up Air Shaft \[Note 3\]                      | N          | N                                 | N                             | N                      |
| Male Staff Locker Room / Female Staff Locker Room | PS         | Y                                 | W                             | Y [x]           |
| MEP Riser                                         | PS         | Y                                 | N                             | N [x]           |
| Mess Room / Concession Tenant Mess Room           | PS         | Y                                 | W                             | Y [x]           |
| MOA Stair                                         | PS         | Y                                 | W                             | N                      |
| MOE Stair                                         | PS         | Y                                 | W                             | N                      |
| Motor Control Centre Room (MCC)                   | PS         | Y                                 | N [x]                  | Y [x]           |
| MVAC & PD Riser                                   | N          | N                                 | N [x]                  | N [x]           |
| Network Equipment Room (NER)                      | PS         | Y                                 | G [ ]                | Y [x]           |
| Overhead Track Exhaust (OTE) Riser (Note 3)       | N          | N [x]                      | N                             | N [x]           |
| Pipe Duct (PD)                                    | PS         | Y                                 | N [x]                  | N                      |
| Plenum (Note 3)                                   | N          | N                                 | N [x]                  | N                      |
| Platform                                          | PS         | Y                                 | W                             | Y [x]           |
| Plenum \[Note 4\]                                 | N          | N                                 | N                             | N                      |
| Police Equipment Room                             | PS         | Y                                 | W                             | Y                      |
| Police Facility Room                              | PS         | Y                                 | W                             | Y                      |
| Police Post                                       | PS         | Y                                 | W                             | Y                      |
| Pre-action Sprinkler Valve Room (PSVR)            | PS         | Y                                 | N                             | Y                      |
| Protected Corridor                                | PS         | Y                                 | W                             | N                      |",https://storage.googleapis.com/chunkr-prod-bucket/b1e41788-2d6e-4f8e-ad16-2e39fb334c57/5d9ffc1b-8d78-44ef-813d-5174c6bbebed/images/Wf51kL6.jpg?x-id=GetObject&response-content-disposition=inline&response-content-encoding=utf-8&response-content-type=image%2Fjpeg&X-Amz-Algorithm=AWS4-HMAC-SHA256&X-Amz-Credential=GOOG1EBMQ2D33SPB3VQ4MMVJEKXWQFNK5WS57JRFVYUSD3ZCA76OC3B74IG7C%2F20260119%2Fus-east-1%2Fs3%2Faws4_request&X-Amz-Date=20260119T145120Z&X-Amz-Expires=3600&X-Amz-SignedHeaders=host&X-Amz-Signature=55c2c539573e4226c7e08d347d3e84929e1db1fd9fd6ec8a62a4af875d7febe0,240.3072,179.5968,905.63043,1385.5536
7d2a3e22-e5c2-4b9c-9ed8-526d27150e3f,1,h1H_jBO,Table,22,"<table>
  <thead>
    <tr>
      <th rowspan=""2"">Room/Facility</th>
      <th colspan=""4"">FS Systems</th>
    </tr>
    <tr>
      <th>Detection</th>
      <th>Fire Hydrant / Hose Reel Coverage</th>
      <th>Automatic Suppression Systems</th>
      <th>Portable Extinguishers</th>
    </tr>
  </thead>
  <tbody>
    <tr>
      <td>Protected Lobby</td>
      <td>PS</td>
      <td>Y</td>
      <td>W</td>
      <td>N</td>
    </tr>
    <tr>
      <td>PSD Equipment Room</td>
      <td>PS</td>
      <td>Y</td>
      <td>N</td>
      <td>Y</td>
    </tr>
    <tr>
      <td>Rainwater Pipe (RWP) Riser</td>
      <td>N</td>
      <td>N</td>
      <td>N</td>
      <td>N</td>
    </tr>
    <tr>
      <td>Refuse Store With Material Recovery Chamber / Refuse Room / Refuse Collection Point</td>
      <td>PS</td>
      <td>Y</td>
      <td>W</td>
      <td>Y*</td>
    </tr>
    <tr>
      <td>Robot Parking Space</td>
      <td>PS</td>
      <td>Y</td>
      <td>W</td>
      <td>Y</td>
    </tr>
    <tr>
      <td>Roof / Green Roof</td>
      <td>N</td>
      <td>N</td>
      <td>N</td>
      <td>N</td>
    </tr>
    <tr>
      <td>Seating Area</td>
      <td>PS</td>
      <td>Y</td>
      <td>W</td>
      <td>Y</td>
    </tr>
    <tr>
      <td>Siding</td>
      <td>PS</td>
      <td>Y</td>
      <td>W</td>
      <td>Y</td>
    </tr>
    <tr>
      <td>Signalling Equipment Room (SER)</td>
      <td>PS</td>
      <td>Y</td>
      <td>G</td>
      <td>Y</td>
    </tr>
    <tr>
      <td>Smoke Extraction Fan Room (SEF)</td>
      <td>PS</td>
      <td>Y</td>
      <td>W</td>
      <td>Y</td>
    </tr>
    <tr>
      <td>Sprinkler Control Valve Room</td>
      <td>PS</td>
      <td>Y</td>
      <td>N</td>
      <td>Y</td>
    </tr>
    <tr>
      <td>Staff Toilet</td>
      <td>MS</td>
      <td>Y</td>
      <td>W</td>
      <td>N</td>
    </tr>
    <tr>
      <td>Systemwide (SW) & EL Riser</td>
      <td>PS</td>
      <td>Y</td>
      <td>N</td>
      <td>N</td>
    </tr>
    <tr>
      <td>TECS Control Room</td>
      <td>HD</td>
      <td>Y</td>
      <td>N</td>
      <td>Y</td>
    </tr>
    <tr>
      <td>TECS Receiver Room</td>
      <td>PS</td>
      <td>Y</td>
      <td>N</td>
      <td>Y</td>
    </tr>
    <tr>
      <td>Telecom Equipment Room (TER)</td>
      <td>PS</td>
      <td>Y</td>
      <td>G</td>
      <td>Y</td>
    </tr>
    <tr>
      <td>Telecom Lead In Cabinet</td>
      <td>PS</td>
      <td>Y</td>
      <td>N</td>
      <td>Y</td>
    </tr>
    <tr>
      <td>Trackside LV Switch Room</td>
      <td>PS</td>
      <td>Y</td>
      <td>N</td>
      <td>Y</td>
    </tr>
    <tr>
      <td>Trackway Exhaust Fan Room (TEF)</td>
      <td>PS</td>
      <td>Y</td>
      <td>W</td>
      <td>Y</td>
    </tr>
    <tr>
      <td>Trackway Supply Fan Room (TSF)</td>
      <td>PS</td>
      <td>Y</td>
      <td>N</td>
      <td>Y</td>
    </tr>
    <tr>
      <td>Transformer Room (Tx) [Note 2]</td>
      <td>PS</td>
      <td>Y</td>
      <td>N</td>
      <td>Y</td>
    </tr>
    <tr>
      <td>UPS Room</td>
      <td>PS</td>
      <td>Y</td>
      <td>G</td>
      <td>Y</td>
    </tr>
    <tr>
      <td>Void (w/ elect)</td>
      <td>HD/PS</td>
      <td>N</td>
      <td>N</td>
      <td>N</td>
    </tr>
    <tr>
      <td>Void (w/o elect)</td>
      <td>N</td>
      <td>N</td>
      <td>N</td>
      <td>N</td>
    </tr>
  </tbody>
</table>","<table>
  <thead>
    <tr>
      <th rowspan=""2"">Room/Facility</th>
      <th colspan=""4"">FS Systems</th>
    </tr>
    <tr>
      <th>Detection</th>
      <th>Fire Hydrant / Hose Reel Coverage</th>
      <th>Automatic Suppression Systems</th>
      <th>Portable Extinguishers</th>
    </tr>
  </thead>
  <tbody>
    <tr>
      <td>Protected Lobby</td>
      <td>PS</td>
      <td>Y</td>
      <td>W</td>
      <td>N</td>
    </tr>
    <tr>
      <td>PSD Equipment Room</td>
      <td>PS</td>
      <td>Y</td>
      <td>N</td>
      <td>Y</td>
    </tr>
    <tr>
      <td>Rainwater Pipe (RWP) Riser</td>
      <td>N</td>
      <td>N</td>
      <td>N</td>
      <td>N</td>
    </tr>
    <tr>
      <td>Refuse Store With Material Recovery Chamber / Refuse Room / Refuse Collection Point</td>
      <td>PS</td>
      <td>Y</td>
      <td>W</td>
      <td>Y*</td>
    </tr>
    <tr>
      <td>Robot Parking Space</td>
      <td>PS</td>
      <td>Y</td>
      <td>W</td>
      <td>Y</td>
    </tr>
    <tr>
      <td>Roof / Green Roof</td>
      <td>N</td>
      <td>N</td>
      <td>N</td>
      <td>N</td>
    </tr>
    <tr>
      <td>Seating Area</td>
      <td>PS</td>
      <td>Y</td>
      <td>W</td>
      <td>Y</td>
    </tr>
    <tr>
      <td>Siding</td>
      <td>PS</td>
      <td>Y</td>
      <td>W</td>
      <td>Y</td>
    </tr>
    <tr>
      <td>Signalling Equipment Room (SER)</td>
      <td>PS</td>
      <td>Y</td>
      <td>G</td>
      <td>Y</td>
    </tr>
    <tr>
      <td>Smoke Extraction Fan Room (SEF)</td>
      <td>PS</td>
      <td>Y</td>
      <td>W</td>
      <td>Y</td>
    </tr>
    <tr>
      <td>Sprinkler Control Valve Room</td>
      <td>PS</td>
      <td>Y</td>
      <td>N</td>
      <td>Y</td>
    </tr>
    <tr>
      <td>Staff Toilet</td>
      <td>MS</td>
      <td>Y</td>
      <td>W</td>
      <td>N</td>
    </tr>
    <tr>
      <td>Systemwide (SW) & EL Riser</td>
      <td>PS</td>
      <td>Y</td>
      <td>N</td>
      <td>N</td>
    </tr>
    <tr>
      <td>TECS Control Room</td>
      <td>HD</td>
      <td>Y</td>
      <td>N</td>
      <td>Y</td>
    </tr>
    <tr>
      <td>TECS Receiver Room</td>
      <td>PS</td>
      <td>Y</td>
      <td>N</td>
      <td>Y</td>
    </tr>
    <tr>
      <td>Telecom Equipment Room (TER)</td>
      <td>PS</td>
      <td>Y</td>
      <td>G</td>
      <td>Y</td>
    </tr>
    <tr>
      <td>Telecom Lead In Cabinet</td>
      <td>PS</td>
      <td>Y</td>
      <td>N</td>
      <td>Y</td>
    </tr>
    <tr>
      <td>Trackside LV Switch Room</td>
      <td>PS</td>
      <td>Y</td>
      <td>N</td>
      <td>Y</td>
    </tr>
    <tr>
      <td>Trackway Exhaust Fan Room (TEF)</td>
      <td>PS</td>
      <td>Y</td>
      <td>W</td>
      <td>Y</td>
    </tr>
    <tr>
      <td>Trackway Supply Fan Room (TSF)</td>
      <td>PS</td>
      <td>Y</td>
      <td>N</td>
      <td>Y</td>
    </tr>
    <tr>
      <td>Transformer Room (Tx) [Note 2]</td>
      <td>PS</td>
      <td>Y</td>
      <td>N</td>
      <td>Y</td>
    </tr>
    <tr>
      <td>UPS Room</td>
      <td>PS</td>
      <td>Y</td>
      <td>G</td>
      <td>Y</td>
    </tr>
    <tr>
      <td>Void (w/ elect)</td>
      <td>HD/PS</td>
      <td>N</td>
      <td>N</td>
      <td>N</td>
    </tr>
    <tr>
      <td>Void (w/o elect)</td>
      <td>N</td>
      <td>N</td>
      <td>N</td>
      <td>N</td>
    </tr>
  </tbody>
</table>","|                                                                                     |              |                                   |                               |                        |
|-------------------------------------------------------------------------------------|--------------|-----------------------------------|-------------------------------|------------------------|
| Room/Facility                                                                       | FS Systems   |                                   |                               |                        |
|                                                                                     | Detection    | Fire Hydrant / Hose Reel Coverage | Automatic Suppression Systems | Portable Extinguishers |
| Protected Lobby                                                                     | PS           | Y [x]                      | W [x]                  | N [x]           |
| PSD Equipment Room                                                                  | PS           | Y [x]                      | N [x]                  | Y [x]           |
| Rainwater Pipe (RWP) Riser                                                          | N            | N                                 | N [x]                  | N [x]           |
| Refuse Store With Material Recovery Chamber / Refuse Room / Refuse Collection Point | PS           | Y [x]                      | W [x]                  | Y\*                    |
| Robot Parking Space                                                                 | PS           | Y                                 | W                             | Y [x]           |
| Roof / Green Roof                                                                   | N            | N                                 | N [x]                  | N [x]           |
| Seating Area                                                                        | PS           | Y [x]                      | W [x]                  | Y [x]           |
| Siding                                                                              | PS           | Y [x]                      | W [x]                  | Y [x]           |
| Signalling Equipment Room (SER)                                                     | PS           | Y [x]                      | G                             | Y [x]           |
| Smoke Extraction Fan Room (SEF)                                                     | PS           | Y [x]                      | W                             | Y [x]           |
| Sprinkler Control Valve Room                                                        | PS           | Y [x]                      | N [x]                  | Y [x]           |
| Staff Toilet                                                                        | MS           | Y [x]                      | W [x]                  | N                      |
| Systemwide (SW) & EL Riser                                                          | PS           | Y [x]                      | N [x]                  | N                      |
| TECS Control Room                                                                   | HD           | Y [x]                      | N [x]                  | Y                      |
| TECS Receiver Room                                                                  | PS           | Y [x]                      | N [x]                  | Y                      |
| Telecom Equipment Room (TER)                                                        | PS           | Y [x]                      | G [ ]                | Y [x]           |
| Telecom Lead In Cabinet                                                             | PS           | Y [x]                      | N [x]                  | Y [x]           |
| Trackside LV Switch Room                                                            | PS           | Y [x]                      | N [x]                  | Y [x]           |
| Trackway Exhaust Fan Room (TEF)                                                     | PS           | Y [x]                      | W [x]                  | Y [x]           |
| Trackway Supply Fan Room (TSF)                                                      | PS           | Y [x]                      | N [x]                  | Y                      |
| Transformer Room (Tx) \[Note 2\]                                                    | PS           | Y [x]                      | N [x]                  | Y [x]           |
| UPS Room                                                                            | PS           | Y [x]                      | G [ ]                | Y                      |
| Void (w/ elect)                                                                     | HD/PS        | N [x]                      | N [x]                  | N [x]           |
| Void (w/o elect)                                                                    | N [x] | N [x]                      | N [x]                  | N                      |",https://storage.googleapis.com/chunkr-prod-bucket/b1e41788-2d6e-4f8e-ad16-2e39fb334c57/5d9ffc1b-8d78-44ef-813d-5174c6bbebed/images/h1H_jBO.jpg?x-id=GetObject&response-content-disposition=inline&response-content-encoding=utf-8&response-content-type=image%2Fjpeg&X-Amz-Algorithm=AWS4-HMAC-SHA256&X-Amz-Credential=GOOG1EBMQ2D33SPB3VQ4MMVJEKXWQFNK5WS57JRFVYUSD3ZCA76OC3B74IG7C%2F20260119%2Fus-east-1%2Fs3%2Faws4_request&X-Amz-Date=20260119T145120Z&X-Amz-Expires=3600&X-Amz-SignedHeaders=host&X-Amz-Signature=d87017d031a4f4d589fa99fe77ace48eeb5af42b8d3f3cfa4dc6369b0daf2d4d,1323.504,175.7952,904.8959,1377.8064
7d2a3e22-e5c2-4b9c-9ed8-526d27150e3f,2,6za5BBa,PageFooter,22,Rev. A,"<div class=""page-footer"">Rev. A</div>",Rev. A,,142.1568,1601.4384,58.766403,18.734497
7d2a3e22-e5c2-4b9c-9ed8-526d27150e3f,3,RHGjQAU,PageFooter,22,Page 13,"<div class=""page-footer"">Page 13</div>",Page 13,,1152.1584,1601.496,71.6687,20.807983
7d2a3e22-e5c2-4b9c-9ed8-526d27150e3f,4,W4AVW9_,PageFooter,22,January 2023,"<div class=""page-footer"">January 2023</div>",January 2023,,2111.8464,1600.4736,122.61597,22.33435
7d2a3e22-e5c2-4b9c-9ed8-526d27150e3f,5,PV4yvYE,Text,23,AECOM,<p>AECOM</p>,AECOM,,140.3712,50.112,163.0944,41.155197
7d2a3e22-e5c2-4b9c-9ed8-526d27150e3f,6,P8cD9XS,PageHeader,23,Consultancy Agreement No. C1501 Design Services for Tuen Ma Extension 2.4C A16 Reference Design Building Services Design Final Report with Federated Design Model and Drawings,"<div class=""page-header"">Consultancy Agreement No. C1501 Design Services for Tuen Ma Extension 2.4C A16 Reference Design Building Services Design Final Report with Federated Design Model and Drawings</div>",Consultancy Agreement No. C1501 Design Services for Tuen Ma Extension 2.4C A16 Reference Design Building Services Design Final Report with Federated Design Model and Drawings,,1259.2944,58.752,978.2639,79.689606
7d2a3e22-e5c2-4b9c-9ed8-526d27150e3f,7,QK_9WIg,Table,23,"<table>
  <thead>
    <tr>
      <th rowspan=""2"">Room/Facility</th>
      <th colspan=""4"">FS Systems</th>
    </tr>
    <tr>
      <th>Detection</th>
      <th>Fire Hydrant / Hose Reel Coverage</th>
      <th>Automatic Suppression Systems</th>
      <th>Portable Extinguishers</th>
    </tr>
  </thead>
  <tbody>
    <tr>
      <td>Void (w/o services)</td>
      <td>N</td>
      <td>N</td>
      <td>N</td>
      <td>N</td>
    </tr>
    <tr>
      <td>Water Equipment Room</td>
      <td>PS</td>
      <td>Y</td>
      <td>N</td>
      <td>Y</td>
    </tr>
    <tr>
      <td>Water Meter Cabinet</td>
      <td>N</td>
      <td>Y</td>
      <td>N</td>
      <td>N</td>
    </tr>
    <tr>
      <td>Water Pump and Tank Room</td>
      <td>PS</td>
      <td>Y</td>
      <td>N</td>
      <td>Y</td>
    </tr>
    <tr>
      <td>Wiring Closet</td>
      <td>PS</td>
      <td>Y</td>
      <td>N</td>
      <td>Y</td>
    </tr>
  </tbody>
</table>","<table>
  <thead>
    <tr>
      <th rowspan=""2"">Room/Facility</th>
      <th colspan=""4"">FS Systems</th>
    </tr>
    <tr>
      <th>Detection</th>
      <th>Fire Hydrant / Hose Reel Coverage</th>
      <th>Automatic Suppression Systems</th>
      <th>Portable Extinguishers</th>
    </tr>
  </thead>
  <tbody>
    <tr>
      <td>Void (w/o services)</td>
      <td>N</td>
      <td>N</td>
      <td>N</td>
      <td>N</td>
    </tr>
    <tr>
      <td>Water Equipment Room</td>
      <td>PS</td>
      <td>Y</td>
      <td>N</td>
      <td>Y</td>
    </tr>
    <tr>
      <td>Water Meter Cabinet</td>
      <td>N</td>
      <td>Y</td>
      <td>N</td>
      <td>N</td>
    </tr>
    <tr>
      <td>Water Pump and Tank Room</td>
      <td>PS</td>
      <td>Y</td>
      <td>N</td>
      <td>Y</td>
    </tr>
    <tr>
      <td>Wiring Closet</td>
      <td>PS</td>
      <td>Y</td>
      <td>N</td>
      <td>Y</td>
    </tr>
  </tbody>
</table>","|                          |              |                                   |                               |                        |
|--------------------------|--------------|-----------------------------------|-------------------------------|------------------------|
| Room/Facility            | FS Systems   |                                   |                               |                        |
|                          | Detection    | Fire Hydrant / Hose Reel Coverage | Automatic Suppression Systems | Portable Extinguishers |
| Void (w/o services)      | N [x] | N [x]                      | N [x]                  | N                      |
| Water Equipment Room     | PS           | Y                                 | N                             | Y                      |
| Water Meter Cabinet      | N            | Y                                 | N                             | N                      |
| Water Pump and Tank Room | PS           | Y                                 | N                             | Y                      |
| Wiring Closet            | PS           | Y                                 | N                             | Y                      |",https://storage.googleapis.com/chunkr-prod-bucket/b1e41788-2d6e-4f8e-ad16-2e39fb334c57/5d9ffc1b-8d78-44ef-813d-5174c6bbebed/images/QK_9WIg.jpg?x-id=GetObject&response-content-disposition=inline&response-content-encoding=utf-8&response-content-type=image%2Fjpeg&X-Amz-Algorithm=AWS4-HMAC-SHA256&X-Amz-Credential=GOOG1EBMQ2D33SPB3VQ4MMVJEKXWQFNK5WS57JRFVYUSD3ZCA76OC3B74IG7C%2F20260119%2Fus-east-1%2Fs3%2Faws4_request&X-Amz-Date=20260119T145120Z&X-Amz-Expires=3600&X-Amz-SignedHeaders=host&X-Amz-Signature=3c63c5b03680b062378ab7538344b7a33ec6d604640da0aba2529e8d8a2af078,241.8192,180.072,901.85754,388.8144
7d2a3e22-e5c2-4b9c-9ed8-526d27150e3f,8,6QJFH3e,Table,23,"<table>
  <tbody>
    <tr>
      <td colspan=""2"">Legends:</td>
      <td colspan=""2"">MS - Multi-sensor Smoke Detector</td>
    </tr>
    <tr>
      <td colspan=""2"">PS - Photoelectric Smoke Detector</td>
      <td colspan=""2"">Y - Yes</td>
    </tr>
    <tr>
      <td colspan=""2"">HD - Heat Detector</td>
      <td colspan=""2"">N - No</td>
    </tr>
    <tr>
      <td colspan=""2"">PRE - Pre-action Sprinkler System</td>
      <td colspan=""2"">Without * - 4.5kg CO2 Fire Extinguisher</td>
    </tr>
    <tr>
      <td colspan=""2"">W - Wet Pipe Sprinkler System</td>
      <td colspan=""2"">* - 9L Water Type Fire Extinguisher</td>
    </tr>
    <tr>
      <td colspan=""2"">G - Gas Flooding</td>
      <td colspan=""2"">** - 2kg Dry Powder Type Fire Extinguisher</td>
    </tr>
  </tbody>
</table>","<table>
  <tbody>
    <tr>
      <td colspan=""2"">Legends:</td>
      <td colspan=""2"">MS - Multi-sensor Smoke Detector</td>
    </tr>
    <tr>
      <td colspan=""2"">PS - Photoelectric Smoke Detector</td>
      <td colspan=""2"">Y - Yes</td>
    </tr>
    <tr>
      <td colspan=""2"">HD - Heat Detector</td>
      <td colspan=""2"">N - No</td>
    </tr>
    <tr>
      <td colspan=""2"">PRE - Pre-action Sprinkler System</td>
      <td colspan=""2"">Without * - 4.5kg CO2 Fire Extinguisher</td>
    </tr>
    <tr>
      <td colspan=""2"">W - Wet Pipe Sprinkler System</td>
      <td colspan=""2"">* - 9L Water Type Fire Extinguisher</td>
    </tr>
    <tr>
      <td colspan=""2"">G - Gas Flooding</td>
      <td colspan=""2"">** - 2kg Dry Powder Type Fire Extinguisher</td>
    </tr>
  </tbody>
</table>","|                                                                                  |                                                                                                                            |
|----------------------------------------------------------------------------------|----------------------------------------------------------------------------------------------------------------------------|
| Legends:                                                                         | MS - Multi-sensor Smoke Detector Y - Yes                                                                                   |
| PS - Photoelectric Smoke Detector                                                |                                                                                                                            |
| HD - Heat Detector                                                               | N - No                                                                                                                     |
| PRE - Pre-action Sprinkler System W - Wet Pipe Sprinkler System G - Gas Flooding | Without \* - 4.5kg CO2 Fire Extinguisher \* - 9L Water Type Fire Extinguisher \*\* - 2kg Dry Powder Type Fire Extinguisher |",https://storage.googleapis.com/chunkr-prod-bucket/b1e41788-2d6e-4f8e-ad16-2e39fb334c57/5d9ffc1b-8d78-44ef-813d-5174c6bbebed/images/6QJFH3e.jpg?x-id=GetObject&response-content-disposition=inline&response-content-encoding=utf-8&response-content-type=image%2Fjpeg&X-Amz-Algorithm=AWS4-HMAC-SHA256&X-Amz-Credential=GOOG1EBMQ2D33SPB3VQ4MMVJEKXWQFNK5WS57JRFVYUSD3ZCA76OC3B74IG7C%2F20260119%2Fus-east-1%2Fs3%2Faws4_request&X-Amz-Date=20260119T145120Z&X-Amz-Expires=3600&X-Amz-SignedHeaders=host&X-Amz-Signature=8795c55db90e7d0eb5624c2fbaa3c5c41306fb4cdc7ae90f225c4d4ec5b86604,240.2928,575.9712,900.77765,182.01599
7d2a3e22-e5c2-4b9c-9ed8-526d27150e3f,9,By_yKdV,Text,23,"Note 1 - Apart from services or electrical services, no combustible materials or goods shall be stored within voids.","<p>Note 1 - Apart from services or electrical services, no combustible materials or goods shall be stored within voids.</p>","Note 1 - Apart from services or electrical services, no combustible materials or goods shall be stored within voids.",,258.0336,764.6832,820.0513,44.92798
7d2a3e22-e5c2-4b9c-9ed8-526d27150e3f,10,Ho6UrCC,Text,23,"Note 2 - Following FSD Circular Letter No. 4/96 Part X and FSD COP Clause 4.24, no fire suppression system is required unless oil filled transformer is adopted with capacity in excess of 1500 kVA.","<p>Note 2 - Following FSD Circular Letter No. 4/96 Part X and FSD COP Clause 4.24, no fire suppression system is required unless oil filled transformer is adopted with capacity in excess of 1500 kVA.</p>","Note 2 - Following FSD Circular Letter No. 4/96 Part X and FSD COP Clause 4.24, no fire suppression system is required unless oil filled transformer is adopted with capacity in excess of 1500 kVA.",,258.2064,817.9632,870.2208,48.61438
7d2a3e22-e5c2-4b9c-9ed8-526d27150e3f,11,j1aXffT,Text,23,"Note 3 - Vent Shafts include the following areas: ARD, Bypass Plenum, BEVS, BSVS, Duct Shaft, EAD, LPD, MAD, OTE, SEVS, SPD, SPRD, SSVS, TEVS, TSVS, TVS, UTS.","<p>Note 3 - Vent Shafts include the following areas: ARD, Bypass Plenum, BEVS, BSVS, Duct Shaft, EAD, LPD, MAD, OTE, SEVS, SPD, SPRD, SSVS, TEVS, TSVS, TVS, UTS.</p>","Note 3 - Vent Shafts include the following areas: ARD, Bypass Plenum, BEVS, BSVS, Duct Shaft, EAD, LPD, MAD, OTE, SEVS, SPD, SPRD, SSVS, TEVS, TSVS, TVS, UTS.",,258.336,871.9056,849.0384,47.231995
7d2a3e22-e5c2-4b9c-9ed8-526d27150e3f,12,OiJP-OE,Text,23,Note 4 - Plenum shall not have any combustible or services.,<p>Note 4 - Plenum shall not have any combustible or services.</p>,Note 4 - Plenum shall not have any combustible or services.,,258.408,925.9632,486.04318,23.08319
7d2a3e22-e5c2-4b9c-9ed8-526d27150e3f,13,VDPX2Rn,Text,23,Note 5 - Public Toilets including baby care room shall be equipped with visual fire alarm as per FSD circular letter 4/2001 dated 24 December 2001.,<p>Note 5 - Public Toilets including baby care room shall be equipped with visual fire alarm as per FSD circular letter 4/2001 dated 24 December 2001.</p>,Note 5 - Public Toilets including baby care room shall be equipped with visual fire alarm as per FSD circular letter 4/2001 dated 24 December 2001.,,258.0048,956.0304,868.464,46.137634
7d2a3e22-e5c2-4b9c-9ed8-526d27150e3f,14,KEdHoO5,Text,23,"Note 6 - Category of duct, cabinet and room should be assessed and classified in SSCC Stage 2A subject to the usage and size of such area.","<p>Note 6 - Category of duct, cabinet and room should be assessed and classified in SSCC Stage 2A subject to the usage and size of such area.</p>","Note 6 - Category of duct, cabinet and room should be assessed and classified in SSCC Stage 2A subject to the usage and size of such area.",,257.9328,1010.1744,859.3632,46.828796
7d2a3e22-e5c2-4b9c-9ed8-526d27150e3f,15,z0GQB2c,Text,23,Note 7 - Heat detector to be provided for ECS MCC & Control Room housing switchboard for staircase pressurization system; smoke detector to be provided for ECS MCC & Control Room housing switchboard for smoke extraction system.,<p>Note 7 - Heat detector to be provided for ECS MCC & Control Room housing switchboard for staircase pressurization system; smoke detector to be provided for ECS MCC & Control Room housing switchboard for smoke extraction system.</p>,Note 7 - Heat detector to be provided for ECS MCC & Control Room housing switchboard for staircase pressurization system; smoke detector to be provided for ECS MCC & Control Room housing switchboard for smoke extraction system.,,257.8896,1063.8864,856.25287,70.80481
7d2a3e22-e5c2-4b9c-9ed8-526d27150e3f,16,hU4ZOcv,Text,23,Note 8 - Heat detector to be provided for TECS MCC & Control Room housing switchboard for tunnel ventilation system and trackway exhaust system.,<p>Note 8 - Heat detector to be provided for TECS MCC & Control Room housing switchboard for tunnel ventilation system and trackway exhaust system.</p>,Note 8 - Heat detector to be provided for TECS MCC & Control Room housing switchboard for tunnel ventilation system and trackway exhaust system.,,257.5296,1141.1855,820.8576,47.8656
7d2a3e22-e5c2-4b9c-9ed8-526d27150e3f,17,zC4FqNq,Text,23,Note 9 - Voids will be provided by access panels; no doors will be provided for access.,<p>Note 9 - Voids will be provided by access panels; no doors will be provided for access.</p>,Note 9 - Voids will be provided by access panels; no doors will be provided for access.,,258.2496,1195.6176,696.47034,23.198486
7d2a3e22-e5c2-4b9c-9ed8-526d27150e3f,18,HLYyGie,Text,23,Note 10 - Inaccessible void is an unoccupied void without any means of access including access panel. No combustible materials or goods shall be stored within the void.,<p>Note 10 - Inaccessible void is an unoccupied void without any means of access including access panel. No combustible materials or goods shall be stored within the void.</p>,Note 10 - Inaccessible void is an unoccupied void without any means of access including access panel. No combustible materials or goods shall be stored within the void.,,258.2352,1225.4976,859.9104,47.404785
7d2a3e22-e5c2-4b9c-9ed8-526d27150e3f,19,KzbrFs1,Text,23,(b) The fire hydrant and hose reel system (FH/HR) will be designed in accordance with the following criteria:,<p>(b) The fire hydrant and hose reel system (FH/HR) will be designed in accordance with the following criteria:</p>,(b) The fire hydrant and hose reel system (FH/HR) will be designed in accordance with the following criteria:,,142.416,1299.8448,1013.42883,50.385498
7d2a3e22-e5c2-4b9c-9ed8-526d27150e3f,20,kpkOel-,Text,23,". Based on the floor area factor of the largest floor of the A16 Station exceeding 920m2, the design capacity of the FS water tank will be 36m3.","<p>. Based on the floor area factor of the largest floor of the A16 Station exceeding 920m2, the design capacity of the FS water tank will be 36m3.</p>",". Based on the floor area factor of the largest floor of the A16 Station exceeding 920m2, the design capacity of the FS water tank will be 36m3.",,250.4448,1369.512,904.33435,52.97766
7d2a3e22-e5c2-4b9c-9ed8-526d27150e3f,21,UnMDiOl,Text,23,". The capacity of the fixed fire pumps will be capable of providing for any three hydrant outlets, each with a flow of 450l/min at running pressure of not less than 350kPa, operating simultaneously with an aggregate flow of not less than 1,350l/min. The pressure at any hydrant outlet will not exceed 850kPa.","<p>. The capacity of the fixed fire pumps will be capable of providing for any three hydrant outlets, each with a flow of 450l/min at running pressure of not less than 350kPa, operating simultaneously with an aggregate flow of not less than 1,350l/min. The pressure at any hydrant outlet will not exceed 850kPa.</p>",". The capacity of the fixed fire pumps will be capable of providing for any three hydrant outlets, each with a flow of 450l/min at running pressure of not less than 350kPa, operating simultaneously with an aggregate flow of not less than 1,350l/min. The pressure at any hydrant outlet will not exceed 850kPa.",,250.8768,1436.2272,903.95996,103.70886
70c0469d-99fc-46ed-99cc-c08f1a51b311,0,SDyth8Y,Text,23,. The duty fixed fire pump will be automatically initiated by the fire alarm signal with the activation of a break glass unit within the A16 Station. A pressure bleed-off system will be provided to return the minimum amount of water from the fixed fire pump discharge to the FS water tank via a pressure relief valve. This will ensure that the pump running against the closed discharge valve does not get damaged due to churning and overheating.,<p>. The duty fixed fire pump will be automatically initiated by the fire alarm signal with the activation of a break glass unit within the A16 Station. A pressure bleed-off system will be provided to return the minimum amount of water from the fixed fire pump discharge to the FS water tank via a pressure relief valve. This will ensure that the pump running against the closed discharge valve does not get damaged due to churning and overheating.</p>,. The duty fixed fire pump will be automatically initiated by the fire alarm signal with the activation of a break glass unit within the A16 Station. A pressure bleed-off system will be provided to return the minimum amount of water from the fixed fire pump discharge to the FS water tank via a pressure relief valve. This will ensure that the pump running against the closed discharge valve does not get damaged due to churning and overheating.,,1332.3312,184.8096,905.51526,132.4512
70c0469d-99fc-46ed-99cc-c08f1a51b311,1,DzBRDZv,Text,23,"· Intermediate booster pumps will be provided to maintain sufficient pressure and flow in accordance with Section 5.14 Clause (e)(1) of the Codes of Practice for Minimum Fire Service Installations and Equipment and Inspection, Testing and Maintenance of Installations and Equipment.","<p>· Intermediate booster pumps will be provided to maintain sufficient pressure and flow in accordance with Section 5.14 Clause (e)(1) of the Codes of Practice for Minimum Fire Service Installations and Equipment and Inspection, Testing and Maintenance of Installations and Equipment.</p>","· Intermediate booster pumps will be provided to maintain sufficient pressure and flow in accordance with Section 5.14 Clause (e)(1) of the Codes of Practice for Minimum Fire Service Installations and Equipment and Inspection, Testing and Maintenance of Installations and Equipment.",,1332.4032,331.2576,905.52966,105.796814
70c0469d-99fc-46ed-99cc-c08f1a51b311,2,MjdOQvm,Text,23,". The capacity of the intermediate booster pump shall be capable of providing for any six hydrant outlets, each with a flow of 450l/min at running pressure of not less than 350kPa, operating simultaneously with an aggregate flow of not less than 2700/min aggregate flow. Suitable Start/Stop Push Buttons together with pump running indicator lights and alarm buzzers shall be provided adjacent to Fire Services Inlets to enable Fire Services personnel exercise control of intermediate booster pumps.","<p>. The capacity of the intermediate booster pump shall be capable of providing for any six hydrant outlets, each with a flow of 450l/min at running pressure of not less than 350kPa, operating simultaneously with an aggregate flow of not less than 2700/min aggregate flow. Suitable Start/Stop Push Buttons together with pump running indicator lights and alarm buzzers shall be provided adjacent to Fire Services Inlets to enable Fire Services personnel exercise control of intermediate booster pumps.</p>",". The capacity of the intermediate booster pump shall be capable of providing for any six hydrant outlets, each with a flow of 450l/min at running pressure of not less than 350kPa, operating simultaneously with an aggregate flow of not less than 2700/min aggregate flow. Suitable Start/Stop Push Buttons together with pump running indicator lights and alarm buzzers shall be provided adjacent to Fire Services Inlets to enable Fire Services personnel exercise control of intermediate booster pumps.",,1332.3744,451.8864,906.79675,159.83997
70c0469d-99fc-46ed-99cc-c08f1a51b311,3,YJ2scGt,Text,23,". Sufficient fire hydrants and hose reels shall be provided to ensure that the FH/ HR covered areas, which are stipulated in Table 3.15, can be reached by a length of not more than 30m of fire services hose or hose reel tubing.","<p>. Sufficient fire hydrants and hose reels shall be provided to ensure that the FH/ HR covered areas, which are stipulated in Table 3.15, can be reached by a length of not more than 30m of fire services hose or hose reel tubing.</p>",". Sufficient fire hydrants and hose reels shall be provided to ensure that the FH/ HR covered areas, which are stipulated in Table 3.15, can be reached by a length of not more than 30m of fire services hose or hose reel tubing.",,1332.3744,626.6016,905.328,78.65277
70c0469d-99fc-46ed-99cc-c08f1a51b311,4,9kHLazt,Text,23,". Fire services inlets will be provided and positioned adjacent to both the ""Designated Emergency Entrance (DEE)"" and ""Supplementary Emergency Entrance (SEE)"" for Station.","<p>. Fire services inlets will be provided and positioned adjacent to both the ""Designated Emergency Entrance (DEE)"" and ""Supplementary Emergency Entrance (SEE)"" for Station.</p>",". Fire services inlets will be provided and positioned adjacent to both the ""Designated Emergency Entrance (DEE)"" and ""Supplementary Emergency Entrance (SEE)"" for Station.",,1332.576,720.0288,905.0111,53.308777
70c0469d-99fc-46ed-99cc-c08f1a51b311,5,Qz3Pn2i,Text,23,. The fire hydrant and hose reel system from the Station will provide sufficient pressure and flow delivery rate to serve the trackside fire hydrants.,<p>. The fire hydrant and hose reel system from the Station will provide sufficient pressure and flow delivery rate to serve the trackside fire hydrants.</p>,. The fire hydrant and hose reel system from the Station will provide sufficient pressure and flow delivery rate to serve the trackside fire hydrants.,,1332.6624,787.1184,905.52954,51.768005
70c0469d-99fc-46ed-99cc-c08f1a51b311,6,agGdr4X,Text,23,(c) The street fire hydrant system will be designed in accordance with the following criteria:,<p>(c) The street fire hydrant system will be designed in accordance with the following criteria:</p>,(c) The street fire hydrant system will be designed in accordance with the following criteria:,,1224.5616,852.3504,899.2943,25.732788
70c0469d-99fc-46ed-99cc-c08f1a51b311,7,cKERliG,Text,23,". For the A16 Station, street fire hydrants fed from the town mains / other water sources accepted by FSD and WSD will be installed near the Designated Emergency Entrance and Supplementary Emergency Entrance.","<p>. For the A16 Station, street fire hydrants fed from the town mains / other water sources accepted by FSD and WSD will be installed near the Designated Emergency Entrance and Supplementary Emergency Entrance.</p>",". For the A16 Station, street fire hydrants fed from the town mains / other water sources accepted by FSD and WSD will be installed near the Designated Emergency Entrance and Supplementary Emergency Entrance.",,1332.8496,895.0176,905.04004,78.45123
70c0469d-99fc-46ed-99cc-c08f1a51b311,8,gzSSeAV,Text,23,(d) The sprinkler system shall be designed in accordance with the following criteria:,<p>(d) The sprinkler system shall be designed in accordance with the following criteria:</p>,(d) The sprinkler system shall be designed in accordance with the following criteria:,,1224.36,986.3568,823.7377,26.395203
70c0469d-99fc-46ed-99cc-c08f1a51b311,9,OyP9HDL,Text,23,· The design hazard of the sprinkler system for Station and General Areas of the A16 and for Stabling Siding Areas will be to Ordinary Hazard Group 3 (OH3) and High Hazard Process Group 2 (HHP2) respectively.,<p>· The design hazard of the sprinkler system for Station and General Areas of the A16 and for Stabling Siding Areas will be to Ordinary Hazard Group 3 (OH3) and High Hazard Process Group 2 (HHP2) respectively.</p>,· The design hazard of the sprinkler system for Station and General Areas of the A16 and for Stabling Siding Areas will be to Ordinary Hazard Group 3 (OH3) and High Hazard Process Group 2 (HHP2) respectively.,,1332.792,1029.2832,905.08325,78.79675
70c0469d-99fc-46ed-99cc-c08f1a51b311,10,_lXLTLp,Text,23,". The capacity of the sprinkler tank will be provided based on the sprinkler installations demand condition required at Stabling Siding Area, which is considered as the most demanding system on the required water storage capacity, in accordance with the LPC Rules for Automatic Sprinkler Installations incorporating BS EN 12845. Effective water volume of sprinkler tank will be sufficient to satisfy with the minimum water volume for pre-calculated High Hazard Process Group system as shown in Table 10 of BS EN 1284. Since the provision of a direct telephone line linking to Fire Services Communication Centre for the transmission of sprinkler fire alarms will be made, the capacity of the sprinkler water tank can be reduced to 2/3 of its full capacity.","<p>. The capacity of the sprinkler tank will be provided based on the sprinkler installations demand condition required at Stabling Siding Area, which is considered as the most demanding system on the required water storage capacity, in accordance with the LPC Rules for Automatic Sprinkler Installations incorporating BS EN 12845. Effective water volume of sprinkler tank will be sufficient to satisfy with the minimum water volume for pre-calculated High Hazard Process Group system as shown in Table 10 of BS EN 1284. Since the provision of a direct telephone line linking to Fire Services Communication Centre for the transmission of sprinkler fire alarms will be made, the capacity of the sprinkler water tank can be reduced to 2/3 of its full capacity.</p>",". The capacity of the sprinkler tank will be provided based on the sprinkler installations demand condition required at Stabling Siding Area, which is considered as the most demanding system on the required water storage capacity, in accordance with the LPC Rules for Automatic Sprinkler Installations incorporating BS EN 12845. Effective water volume of sprinkler tank will be sufficient to satisfy with the minimum water volume for pre-calculated High Hazard Process Group system as shown in Table 10 of BS EN 1284. Since the provision of a direct telephone line linking to Fire Services Communication Centre for the transmission of sprinkler fire alarms will be made, the capacity of the sprinkler water tank can be reduced to 2/3 of its full capacity.",,1332.3168,1122.0624,905.0399,214.81921
70c0469d-99fc-46ed-99cc-c08f1a51b311,11,09bKfBs,Text,23,. The design of the sprinkler pumps for OH3 will be based on the Clause 10.7 - Performance characteristics of BS EN 12845. The design of the sprinkler pumps for High Hazard will be based on Table 7 of BS EN 12845 and its performance characteristic will be further fine tuned to be in line with the fully hydraulic calculation.,<p>. The design of the sprinkler pumps for OH3 will be based on the Clause 10.7 - Performance characteristics of BS EN 12845. The design of the sprinkler pumps for High Hazard will be based on Table 7 of BS EN 12845 and its performance characteristic will be further fine tuned to be in line with the fully hydraulic calculation.</p>,. The design of the sprinkler pumps for OH3 will be based on the Clause 10.7 - Performance characteristics of BS EN 12845. The design of the sprinkler pumps for High Hazard will be based on Table 7 of BS EN 12845 and its performance characteristic will be further fine tuned to be in line with the fully hydraulic calculation.,,1332.36,1350.0576,905.4,105.71033
70c0469d-99fc-46ed-99cc-c08f1a51b311,12,wFoURdk,Text,23,. The design of the sprinkler pipework will be in accordance with Tables 30 to 35 of BS EN 12845.,<p>. The design of the sprinkler pipework will be in accordance with Tables 30 to 35 of BS EN 12845.</p>,. The design of the sprinkler pipework will be in accordance with Tables 30 to 35 of BS EN 12845.,,1332.6191,1470.96,889.3008,24.911987
70c0469d-99fc-46ed-99cc-c08f1a51b311,13,bEIuhhU,Text,23,". Sprinkler inlets will be provided and positioned adjacent to the ""Designated Emergency Entrance (DEE) and Supplementary Emergency Entrance (SEE)"" for the Station respectively.","<p>. Sprinkler inlets will be provided and positioned adjacent to the ""Designated Emergency Entrance (DEE) and Supplementary Emergency Entrance (SEE)"" for the Station respectively.</p>",". Sprinkler inlets will be provided and positioned adjacent to the ""Designated Emergency Entrance (DEE) and Supplementary Emergency Entrance (SEE)"" for the Station respectively.",,1332.2592,1511.1072,905.2992,52.53125
70c0469d-99fc-46ed-99cc-c08f1a51b311,14,DMbLGt5,PageFooter,23,Rev. A,"<div class=""page-footer"">Rev. A</div>",Rev. A,,142.128,1601.4528,58.953598,18.763184
70c0469d-99fc-46ed-99cc-c08f1a51b311,15,cEos3cI,PageFooter,23,Page 14,"<div class=""page-footer"">Page 14</div>",Page 14,,1151.784,1601.568,72.8927,20.779175
70c0469d-99fc-46ed-99cc-c08f1a51b311,16,MVN9jul,PageFooter,23,January 2023,"<div class=""page-footer"">January 2023</div>",January 2023,,2111.6304,1600.6176,123.0625,22.176025
70c0469d-99fc-46ed-99cc-c08f1a51b311,17,QYHewCs,Text,24,AECOM,<p>AECOM</p>,AECOM,,140.3136,49.968,163.15201,41.544003
70c0469d-99fc-46ed-99cc-c08f1a51b311,18,mUq40SZ,PageHeader,24,Consultancy Agreement No. C1501 Design Services for Tuen Ma Extension 2.4C A16 Reference Design Building Services Design Final Report with Federated Design Model and Drawings,"<div class=""page-header"">Consultancy Agreement No. C1501 Design Services for Tuen Ma Extension 2.4C A16 Reference Design Building Services Design Final Report with Federated Design Model and Drawings</div>",Consultancy Agreement No. C1501 Design Services for Tuen Ma Extension 2.4C A16 Reference Design Building Services Design Final Report with Federated Design Model and Drawings,,1259.352,59.2848,978.09106,79.041595
70c0469d-99fc-46ed-99cc-c08f1a51b311,19,jpUQrBZ,Text,24,· Standard response type sprinkler heads shall be provide for the entire Station and Sidings except concession areas.,<p>· Standard response type sprinkler heads shall be provide for the entire Station and Sidings except concession areas.</p>,· Standard response type sprinkler heads shall be provide for the entire Station and Sidings except concession areas.,,250.8048,185.2848,904.8816,48.95999
70c0469d-99fc-46ed-99cc-c08f1a51b311,20,jbSdHFB,Text,24,. Fast response type sprinkler heads shall be provided for the concession areas only.,<p>. Fast response type sprinkler heads shall be provided for the concession areas only.</p>,. Fast response type sprinkler heads shall be provided for the concession areas only.,,251.2224,252.144,775.2816,24.2928
70c0469d-99fc-46ed-99cc-c08f1a51b311,21,J-0Dndt,Text,24,. The pre-action sprinkler system will be a double-interlocked type so that the system will operate only based on the activation of both smoke detectors and bursting of a sprinkler head.,<p>. The pre-action sprinkler system will be a double-interlocked type so that the system will operate only based on the activation of both smoke detectors and bursting of a sprinkler head.</p>,. The pre-action sprinkler system will be a double-interlocked type so that the system will operate only based on the activation of both smoke detectors and bursting of a sprinkler head.,,250.8624,291.8592,904.5648,51.364807
70c0469d-99fc-46ed-99cc-c08f1a51b311,22,7wcxVdd,Text,24,(e) The automatic fire detection and alarm system will be designed in accordance with the following criteria:,<p>(e) The automatic fire detection and alarm system will be designed in accordance with the following criteria:</p>,(e) The automatic fire detection and alarm system will be designed in accordance with the following criteria:,,142.2864,357.0768,1013.52966,49.63678
70c0469d-99fc-46ed-99cc-c08f1a51b311,23,sLUyOk7,Text,24,". The system will be designed in accordance with the BS 5839-1:2017 (Incorporating Corrigendum No.1) Fire Detection and Fire Alarm Systems for Buildings - Part 1: Code of Practice for Design, Installation, Commissioning and Maintenance of Systems in Non-Domestic Premises and latest FSD' circular letters.","<p>. The system will be designed in accordance with the BS 5839-1:2017 (Incorporating Corrigendum No.1) Fire Detection and Fire Alarm Systems for Buildings - Part 1: Code of Practice for Design, Installation, Commissioning and Maintenance of Systems in Non-Domestic Premises and latest FSD' circular letters.</p>",". The system will be designed in accordance with the BS 5839-1:2017 (Incorporating Corrigendum No.1) Fire Detection and Fire Alarm Systems for Buildings - Part 1: Code of Practice for Design, Installation, Commissioning and Maintenance of Systems in Non-Domestic Premises and latest FSD' circular letters.",,251.064,426.2544,904.1472,103.895996
70c0469d-99fc-46ed-99cc-c08f1a51b311,24,Hyxzpw1,Text,24,(f) The FM200 total gas flooding system will be designed in accordance with the following criteria:,<p>(f) The FM200 total gas flooding system will be designed in accordance with the following criteria:</p>,(f) The FM200 total gas flooding system will be designed in accordance with the following criteria:,,142.6896,545.5728,957.1968,25.200012
70c0469d-99fc-46ed-99cc-c08f1a51b311,25,rZ4XbqH,Text,24,. The system will be installed in accordance with the NFPA 2001: 2018 Standard on Clean Agent Fire Extinguishing Systems and relevant FSD's requirement and circular letters.,<p>. The system will be installed in accordance with the NFPA 2001: 2018 Standard on Clean Agent Fire Extinguishing Systems and relevant FSD's requirement and circular letters.</p>,. The system will be installed in accordance with the NFPA 2001: 2018 Standard on Clean Agent Fire Extinguishing Systems and relevant FSD's requirement and circular letters.,,251.0928,587.5488,904.29126,52.12799
70c0469d-99fc-46ed-99cc-c08f1a51b311,26,q0c7kK8,Text,24,"· Design concentration - 7% for Transformer Room, UPS room, Common Telecommunication Equipment Room (CTER), Telecom Equipment Room (TER), Signalling Equipment Room (SER) and Network Equipment Room (NER).","<p>· Design concentration - 7% for Transformer Room, UPS room, Common Telecommunication Equipment Room (CTER), Telecom Equipment Room (TER), Signalling Equipment Room (SER) and Network Equipment Room (NER).</p>","· Design concentration - 7% for Transformer Room, UPS room, Common Telecommunication Equipment Room (CTER), Telecom Equipment Room (TER), Signalling Equipment Room (SER) and Network Equipment Room (NER).",,251.0496,654.7536,904.3056,77.918396
70c0469d-99fc-46ed-99cc-c08f1a51b311,27,6MzwL9X,Text,24,"· Design temperature - 20℃ for Transformer Room, UPS room, Common Telecommunication Equipment Room (CTER), Telecom Equipment Room (TER), Signalling Equipment Room (SER) and Network Equipment Room (NER).","<p>· Design temperature - 20℃ for Transformer Room, UPS room, Common Telecommunication Equipment Room (CTER), Telecom Equipment Room (TER), Signalling Equipment Room (SER) and Network Equipment Room (NER).</p>","· Design temperature - 20℃ for Transformer Room, UPS room, Common Telecommunication Equipment Room (CTER), Telecom Equipment Room (TER), Signalling Equipment Room (SER) and Network Equipment Room (NER).",,250.9632,747.8784,904.42084,79.28638
70c0469d-99fc-46ed-99cc-c08f1a51b311,28,_HhLdt7,Text,24,(g) Portable fire fighting equipment will be provided in accordance with the following criteria:,<p>(g) Portable fire fighting equipment will be provided in accordance with the following criteria:</p>,(g) Portable fire fighting equipment will be provided in accordance with the following criteria:,,142.9056,839.592,915.56647,26.380798
70c0469d-99fc-46ed-99cc-c08f1a51b311,29,_YLdwj1,Text,24,"· CO2 fire extinguishers, 9L water fire extinguishers, 2kg dry powder type fire extinguishers and fire blankets will be provided in accordance with the usage of the room to be protected.","<p>· CO2 fire extinguishers, 9L water fire extinguishers, 2kg dry powder type fire extinguishers and fire blankets will be provided in accordance with the usage of the room to be protected.</p>","· CO2 fire extinguishers, 9L water fire extinguishers, 2kg dry powder type fire extinguishers and fire blankets will be provided in accordance with the usage of the room to be protected.",,251.0208,882.288,904.2048,51.667175
dfcbe00d-9c8b-42f8-a796-b5d8b9e2296d,0,koTZShv,SectionHeader,24,## 3.4 Plumbing and Drainage Services (PD),<h2>3.4 Plumbing and Drainage Services (PD)</h2>,## 3.4 Plumbing and Drainage Services (PD),,142.2288,960.192,477.0,27.388794
dfcbe00d-9c8b-42f8-a796-b5d8b9e2296d,1,Hh7LRYi,Text,24,3.4.1 Design Objectives,<p>3.4.1 Design Objectives</p>,3.4.1 Design Objectives,,142.4592,1013.328,268.9344,24.767944
dfcbe00d-9c8b-42f8-a796-b5d8b9e2296d,2,lk42e0C,Text,24,(a) The design objective of the plumbing systems is to provide a reliable water supply system to the A16 Station at the necessary supply flow rate and pressure to suit the various applications.,<p>(a) The design objective of the plumbing systems is to provide a reliable water supply system to the A16 Station at the necessary supply flow rate and pressure to suit the various applications.</p>,(a) The design objective of the plumbing systems is to provide a reliable water supply system to the A16 Station at the necessary supply flow rate and pressure to suit the various applications.,,142.6752,1063.9152,1012.65125,51.840088
dfcbe00d-9c8b-42f8-a796-b5d8b9e2296d,3,89OM64v,Text,24,"(b) The design objective of the drainage systems is to properly dispose foul, waste and storm water from drainage discharge points to the public drainage system without causing contamination and avoiding the flooding of the A16 Station.","<p>(b) The design objective of the drainage systems is to properly dispose foul, waste and storm water from drainage discharge points to the public drainage system without causing contamination and avoiding the flooding of the A16 Station.</p>","(b) The design objective of the drainage systems is to properly dispose foul, waste and storm water from drainage discharge points to the public drainage system without causing contamination and avoiding the flooding of the A16 Station.",,142.8048,1129.1328,1012.5504,78.5376
a0e9e358-ef3b-4a68-9195-9932aa6f9fb8,0,SoGfiwN,SectionHeader,24,## 3.4.2 Design Standards,<h2>3.4.2 Design Standards</h2>,## 3.4.2 Design Standards,,142.272,1234.9008,265.2192,23.601685
a0e9e358-ef3b-4a68-9195-9932aa6f9fb8,1,hJrcNU1,Text,24,"(a) The Plumbing and Drainage systems will be designed in accordance with the following Standards, Regulations and Codes of Practice etc:","<p>(a) The Plumbing and Drainage systems will be designed in accordance with the following Standards, Regulations and Codes of Practice etc:</p>","(a) The Plumbing and Drainage systems will be designed in accordance with the following Standards, Regulations and Codes of Practice etc:",,142.4736,1284.6096,1011.8015,51.667236
a0e9e358-ef3b-4a68-9195-9932aa6f9fb8,2,LgP1lGB,Text,24,· MTR - Design Standards Manual for New Works and Major Asset Replacement Works (NW&MARWDSM) - Sections 7 Electrical and Mechanical Systems (Revision A2),<p>· MTR - Design Standards Manual for New Works and Major Asset Replacement Works (NW&MARWDSM) - Sections 7 Electrical and Mechanical Systems (Revision A2)</p>,· MTR - Design Standards Manual for New Works and Major Asset Replacement Works (NW&MARWDSM) - Sections 7 Electrical and Mechanical Systems (Revision A2),,251.0064,1354.1472,903.888,51.148804
a0e9e358-ef3b-4a68-9195-9932aa6f9fb8,3,nLnxmHb,Text,24,· MTR - Materials and Workmanship Specifications for Building Services,<p>· MTR - Materials and Workmanship Specifications for Building Services</p>,· MTR - Materials and Workmanship Specifications for Building Services,,251.0352,1421.0063,666.90717,23.86084
a0e9e358-ef3b-4a68-9195-9932aa6f9fb8,4,gKbPjRV,Text,24,"· The Building (Standards of Sanitary Fitments, Plumbing, Drainage Works and Latrine) Regulations Chapter 123, 1985 Edition and latest amendments, Hong Kong","<p>· The Building (Standards of Sanitary Fitments, Plumbing, Drainage Works and Latrine) Regulations Chapter 123, 1985 Edition and latest amendments, Hong Kong</p>","· The Building (Standards of Sanitary Fitments, Plumbing, Drainage Works and Latrine) Regulations Chapter 123, 1985 Edition and latest amendments, Hong Kong",,250.9632,1460.9376,903.58563,51.220825
a0e9e358-ef3b-4a68-9195-9932aa6f9fb8,5,BQHhs8W,Text,24,". The Waterworks Regulations Chapter 102, 1994 Edition and the latest amendments, Hong Kong","<p>. The Waterworks Regulations Chapter 102, 1994 Edition and the latest amendments, Hong Kong</p>",". The Waterworks Regulations Chapter 102, 1994 Edition and the latest amendments, Hong Kong",,251.2656,1528.056,891.7344,24.091187
a0e9e358-ef3b-4a68-9195-9932aa6f9fb8,6,emkXvRE,Text,24,"· Technical Requirements for Plumbing Works in Buildings, WSD, Hong Kong (HKWSR)","<p>· Technical Requirements for Plumbing Works in Buildings, WSD, Hong Kong (HKWSR)</p>","· Technical Requirements for Plumbing Works in Buildings, WSD, Hong Kong (HKWSR)",,1332.4896,185.2704,789.192,24.537598
a0e9e358-ef3b-4a68-9195-9932aa6f9fb8,7,UbEj0fR,Text,24,"· Rules and Regulations and circular letters of Water Authority (WA), Hong Kong","<p>· Rules and Regulations and circular letters of Water Authority (WA), Hong Kong</p>","· Rules and Regulations and circular letters of Water Authority (WA), Hong Kong",,1332.7632,225.072,739.9297,24.4944
a0e9e358-ef3b-4a68-9195-9932aa6f9fb8,8,q8YKCX3,Text,24,"· Regulations of the Buildings Department (BD), Hong Kong","<p>· Regulations of the Buildings Department (BD), Hong Kong</p>","· Regulations of the Buildings Department (BD), Hong Kong",,1333.1808,265.9104,551.31836,24.119995
a0e9e358-ef3b-4a68-9195-9932aa6f9fb8,9,ZEUgekl,Text,24,"· Requirements of Environmental Protection Department (EPD), Hong Kong","<p>· Requirements of Environmental Protection Department (EPD), Hong Kong</p>","· Requirements of Environmental Protection Department (EPD), Hong Kong",,1333.0944,305.3088,698.04004,24.465607
a0e9e358-ef3b-4a68-9195-9932aa6f9fb8,10,f7lq82f,Text,24,"· Requirements of Drainage Services Department (DSD), Hong Kong.","<p>· Requirements of Drainage Services Department (DSD), Hong Kong.</p>","· Requirements of Drainage Services Department (DSD), Hong Kong.",,1333.0656,345.4416,631.2096,24.321625
a0e9e358-ef3b-4a68-9195-9932aa6f9fb8,11,y0oUn-6,Text,24,"· Requirements of Fire Services Department (FSD), Hong Kong","<p>· Requirements of Fire Services Department (FSD), Hong Kong</p>","· Requirements of Fire Services Department (FSD), Hong Kong",,1333.7856,385.848,576.4895,24.048004
a0e9e358-ef3b-4a68-9195-9932aa6f9fb8,12,GMuxDLi,Text,24,"· CIBSE Guide Volumes B and C, published by The Chartered Institution of Building Services Engineers (CIBSE), UK","<p>· CIBSE Guide Volumes B and C, published by The Chartered Institution of Building Services Engineers (CIBSE), UK</p>","· CIBSE Guide Volumes B and C, published by The Chartered Institution of Building Services Engineers (CIBSE), UK",,1333.2096,425.016,904.2623,51.10562
a0e9e358-ef3b-4a68-9195-9932aa6f9fb8,13,IwqAPnh,Text,24,"· Plumbing Engineering Services Design Guide, published by The Institute of Plumbing","<p>· Plumbing Engineering Services Design Guide, published by The Institute of Plumbing</p>","· Plumbing Engineering Services Design Guide, published by The Institute of Plumbing",,1332.7632,492.0336,789.2639,24.50882
a0e9e358-ef3b-4a68-9195-9932aa6f9fb8,14,KuwZTVi,Text,24,". Relevant regulations, circular letters, requirements and recommendations from the Water Authority (WA), Hong Kong","<p>. Relevant regulations, circular letters, requirements and recommendations from the Water Authority (WA), Hong Kong</p>",". Relevant regulations, circular letters, requirements and recommendations from the Water Authority (WA), Hong Kong",,1333.008,532.008,905.55835,51.868774
a0e9e358-ef3b-4a68-9195-9932aa6f9fb8,15,bWIVHkW,Text,24,"· Practice Note for Professional Persons ProPECC PN 5/93, published by EPD","<p>· Practice Note for Professional Persons ProPECC PN 5/93, published by EPD</p>","· Practice Note for Professional Persons ProPECC PN 5/93, published by EPD",,1333.008,599.0544,702.8495,23.55841
a0e9e358-ef3b-4a68-9195-9932aa6f9fb8,16,WuLx5Ej,Text,24,"· Relevant Codes of Practice and Standards of HK, UK, EN and ISO etc.","<p>· Relevant Codes of Practice and Standards of HK, UK, EN and ISO etc.</p>","· Relevant Codes of Practice and Standards of HK, UK, EN and ISO etc.",,1333.1952,639.3168,644.45764,22.507202
93479d74-39cc-40c5-b863-2b414f33b2b5,0,iMx04Jj,SectionHeader,24,## 3.4.3 Design Criteria and Parameters,<h2>3.4.3 Design Criteria and Parameters</h2>,## 3.4.3 Design Criteria and Parameters,,1223.9856,689.3856,388.6704,24.1344
93479d74-39cc-40c5-b863-2b414f33b2b5,1,flLksXY,Text,24,(a) The Plumbing and Drainage provisions for the various rooms and locations at A16 station are as indicated in Table 3.16 below.,<p>(a) The Plumbing and Drainage provisions for the various rooms and locations at A16 station are as indicated in Table 3.16 below.</p>,(a) The Plumbing and Drainage provisions for the various rooms and locations at A16 station are as indicated in Table 3.16 below.,,1224.72,740.1456,1012.6655,49.751953
93479d74-39cc-40c5-b863-2b414f33b2b5,2,7_xnNVB,Caption,24,Table 3.16: Plumbing and Drainage Provisions for A16 Station and Feeder Station,"<span class=""caption"">Table 3.16: Plumbing and Drainage Provisions for A16 Station and Feeder Station</span>",Table 3.16: Plumbing and Drainage Provisions for A16 Station and Feeder Station,,1331.0352,811.4112,741.16797,24.321594
93479d74-39cc-40c5-b863-2b414f33b2b5,3,CHL-FDX,Table,24,"<table>
  <thead>
    <tr>
      <th rowspan=""3"">Room/ Facility</th>
      <th colspan=""6"">Plumbing</th>
    </tr>
    <tr>
      <th colspan=""2"">Fresh Water</th>
      <th rowspan=""2"">Cleansing Water</th>
      <th rowspan=""2"">Flushing Water</th>
      <th rowspan=""2"">Irrigation Water</th>
      <th rowspan=""2"">Drainage</th>
    </tr>
    <tr>
      <th>Cold Water</th>
      <th>Hot Water</th>
    </tr>
  </thead>
  <tbody>
    <tr>
      <td colspan=""7"">A16 Station</td>
    </tr>
    <tr>
      <td>Accessible Staff Toilet/ Staff Toilet</td>
      <td>Y</td>
      <td></td>
      <td></td>
      <td>Y</td>
      <td></td>
      <td>Soil and Waste Water for Sanitary Fitments; Floor Drain</td>
    </tr>
    <tr>
      <td>Accessible/ Male/ Female Toilet (Public)</td>
      <td>Y</td>
      <td></td>
      <td></td>
      <td>Y</td>
      <td></td>
      <td>Soil and Waste Water for Sanitary Fitments; Floor Drain</td>
    </tr>
    <tr>
      <td>Audit Revenue Room</td>
      <td></td>
      <td></td>
      <td></td>
      <td></td>
      <td></td>
      <td>Min. 2 nos. Dia.100mm Floor Drain (Sprinklered)</td>
    </tr>
    <tr>
      <td>Baby Care Room</td>
      <td>Y</td>
      <td></td>
      <td></td>
      <td></td>
      <td></td>
      <td>Min. 2 nos. Dia.100mm Floor Drain (Sprinklered)</td>
    </tr>
    <tr>
      <td>Chiller Plant Room</td>
      <td></td>
      <td></td>
      <td>Y</td>
      <td></td>
      <td></td>
      <td>Min. 2 nos. Dia.150mm Floor Drain</td>
    </tr>
    <tr>
      <td>Cleaner's Room</td>
      <td></td>
      <td></td>
      <td>Y</td>
      <td></td>
      <td></td>
      <td>Waste Water for Sanitary Fitments; Floor Drain</td>
    </tr>
    <tr>
      <td>Concession</td>
      <td>Y</td>
      <td></td>
      <td></td>
      <td></td>
      <td></td>
      <td>Min. Dia.80mm Floor Drain</td>
    </tr>
  </tbody>
</table>","<table>
  <thead>
    <tr>
      <th rowspan=""3"">Room/ Facility</th>
      <th colspan=""6"">Plumbing</th>
    </tr>
    <tr>
      <th colspan=""2"">Fresh Water</th>
      <th rowspan=""2"">Cleansing Water</th>
      <th rowspan=""2"">Flushing Water</th>
      <th rowspan=""2"">Irrigation Water</th>
      <th rowspan=""2"">Drainage</th>
    </tr>
    <tr>
      <th>Cold Water</th>
      <th>Hot Water</th>
    </tr>
  </thead>
  <tbody>
    <tr>
      <td colspan=""7"">A16 Station</td>
    </tr>
    <tr>
      <td>Accessible Staff Toilet/ Staff Toilet</td>
      <td>Y</td>
      <td></td>
      <td></td>
      <td>Y</td>
      <td></td>
      <td>Soil and Waste Water for Sanitary Fitments; Floor Drain</td>
    </tr>
    <tr>
      <td>Accessible/ Male/ Female Toilet (Public)</td>
      <td>Y</td>
      <td></td>
      <td></td>
      <td>Y</td>
      <td></td>
      <td>Soil and Waste Water for Sanitary Fitments; Floor Drain</td>
    </tr>
    <tr>
      <td>Audit Revenue Room</td>
      <td></td>
      <td></td>
      <td></td>
      <td></td>
      <td></td>
      <td>Min. 2 nos. Dia.100mm Floor Drain (Sprinklered)</td>
    </tr>
    <tr>
      <td>Baby Care Room</td>
      <td>Y</td>
      <td></td>
      <td></td>
      <td></td>
      <td></td>
      <td>Min. 2 nos. Dia.100mm Floor Drain (Sprinklered)</td>
    </tr>
    <tr>
      <td>Chiller Plant Room</td>
      <td></td>
      <td></td>
      <td>Y</td>
      <td></td>
      <td></td>
      <td>Min. 2 nos. Dia.150mm Floor Drain</td>
    </tr>
    <tr>
      <td>Cleaner's Room</td>
      <td></td>
      <td></td>
      <td>Y</td>
      <td></td>
      <td></td>
      <td>Waste Water for Sanitary Fitments; Floor Drain</td>
    </tr>
    <tr>
      <td>Concession</td>
      <td>Y</td>
      <td></td>
      <td></td>
      <td></td>
      <td></td>
      <td>Min. Dia.80mm Floor Drain</td>
    </tr>
  </tbody>
</table>","|                                          |              |              |                 |                |                  |                                                         |
|------------------------------------------|--------------|--------------|-----------------|----------------|------------------|---------------------------------------------------------|
| Room/ Facility                           | Plumbing     |              |                 |                |                  | Drainage                                                |
|                                          | Fresh Water  |              | Cleansing Water | Flushing Water | Irrigation Water |                                                         |
|                                          | Cold Water   | Hot Water    |                 |                |                  |                                                         |
| A16 Station                              |              |              |                 |                |                  |                                                         |
| Accessible Staff Toilet/ Staff Toilet    | Y [x] | [ ] | [ ]    | Y [x]   | [ ]     | Soil and Waste Water for Sanitary Fitments; Floor Drain |
| Accessible/ Male/ Female Toilet (Public) | Y [x] |              | [ ]    | Y [x]   | [ ]     | Soil and Waste Water for Sanitary Fitments; Floor Drain |
| Audit Revenue Room                       |              |              |                 |                | [ ]     | Min. 2 nos. Dia.100mm Floor Drain (Sprinklered)         |
| Baby Care Room                           | Y [x] |              | [ ]    | [ ]   |                  | Min. 2 nos. Dia.100mm Floor Drain (Sprinklered)         |
| Chiller Plant Room                       | [ ] |              | Y [x]    | [ ]   | [ ]     | Min. 2 nos. Dia.150mm Floor Drain                       |
| Cleaner's Room                           | [ ] |              | Y [x]    | [ ]   | [ ]     | Waste Water for Sanitary Fitments; Floor Drain          |
| Concession                               | Y [x] |              | [ ]    | [ ]   | [ ]     | Min. Dia.80mm Floor Drain                               |",https://storage.googleapis.com/chunkr-prod-bucket/b1e41788-2d6e-4f8e-ad16-2e39fb334c57/5d9ffc1b-8d78-44ef-813d-5174c6bbebed/images/CHL-FDX.jpg?x-id=GetObject&response-content-disposition=inline&response-content-encoding=utf-8&response-content-type=image%2Fjpeg&X-Amz-Algorithm=AWS4-HMAC-SHA256&X-Amz-Credential=GOOG1EBMQ2D33SPB3VQ4MMVJEKXWQFNK5WS57JRFVYUSD3ZCA76OC3B74IG7C%2F20260119%2Fus-east-1%2Fs3%2Faws4_request&X-Amz-Date=20260119T145120Z&X-Amz-Expires=3600&X-Amz-SignedHeaders=host&X-Amz-Signature=b58596fcda6bec3c74b62bf0291cdd2fe7c20b619b217227b1b58e0ad13d70e6,1254.3696,846.7056,954.70557,673.79034
93479d74-39cc-40c5-b863-2b414f33b2b5,4,p0i4LrC,PageFooter,24,Rev. A,"<div class=""page-footer"">Rev. A</div>",Rev. A,,142.0992,1601.4095,58.968002,18.936035
93479d74-39cc-40c5-b863-2b414f33b2b5,5,I9Or7eo,PageFooter,24,Page 15,"<div class=""page-footer"">Page 15</div>",Page 15,,1151.8848,1601.5248,72.316895,20.908813
93479d74-39cc-40c5-b863-2b414f33b2b5,6,90zN16F,PageFooter,24,January 2023,"<div class=""page-footer"">January 2023</div>",January 2023,,2111.8752,1600.9056,122.65918,21.7583
93479d74-39cc-40c5-b863-2b414f33b2b5,7,zkcjyWk,Text,25,AECOM,<p>AECOM</p>,AECOM,,140.1408,50.2128,163.4688,41.025604
93479d74-39cc-40c5-b863-2b414f33b2b5,8,wRiUkFR,Table,25,"<table>
  <thead>
    <tr>
      <th rowspan=""3"">Room/ Facility</th>
      <th colspan=""6"">Plumbing</th>
    </tr>
    <tr>
      <th colspan=""2"">Fresh Water</th>
      <th rowspan=""2"">Cleansing Water</th>
      <th rowspan=""2"">Flushing Water</th>
      <th rowspan=""2"">Irrigation Water</th>
      <th rowspan=""2"">Drainage</th>
    </tr>
    <tr>
      <th>Cold Water</th>
      <th>Hot Water</th>
    </tr>
  </thead>
  <tbody>
    <tr>
      <td>Concourse Paid/ Unpaid Area</td>
      <td></td>
      <td></td>
      <td>Y (FH/ HR Cabinet)</td>
      <td></td>
      <td></td>
      <td>Floor Drain (FoH and FH/ HR Cabinet)</td>
    </tr>
    <tr>
      <td>Cooling Tower</td>
      <td></td>
      <td></td>
      <td>Y</td>
      <td></td>
      <td></td>
      <td>Min. 2 nos. Dia.150mm Floor Drain</td>
    </tr>
    <tr>
      <td>Corridor/Lobby to Staff & Equipment Room</td>
      <td></td>
      <td></td>
      <td></td>
      <td></td>
      <td></td>
      <td>Min. 2 nos. Dia.100mm Floor Drain (Sprinklered)</td>
    </tr>
    <tr>
      <td>ECS Plant Room</td>
      <td></td>
      <td></td>
      <td>Y</td>
      <td></td>
      <td></td>
      <td>Min. 2 nos. Dia.150mm Floor Drain</td>
    </tr>
    <tr>
      <td>Entrance ""A"" & ""B""</td>
      <td></td>
      <td></td>
      <td>Y (FH/ HR Cabinet)</td>
      <td></td>
      <td></td>
      <td>Floor Drain (FoH and FH/ HR Cabinet)</td>
    </tr>
    <tr>
      <td>Entrance 'A1', 'A2', 'B1' & 'B2' (Indoor)</td>
      <td></td>
      <td></td>
      <td>Y (FH/ HR Cabinet)</td>
      <td></td>
      <td></td>
      <td>Floor Drain (FoH and FH/ HR Cabinet)</td>
    </tr>
    <tr>
      <td>Escalator Pit (Machine-Inside-Truss)</td>
      <td></td>
      <td></td>
      <td></td>
      <td></td>
      <td></td>
      <td>Floor Drain (Lower Landing)</td>
    </tr>
    <tr>
      <td>Fire Control Room (FCR)</td>
      <td></td>
      <td></td>
      <td></td>
      <td></td>
      <td></td>
      <td>Min. 2 nos. Dia.100mm Floor Drain (Sprinklered)</td>
    </tr>
    <tr>
      <td>Fireman's Lift Lobby</td>
      <td></td>
      <td></td>
      <td></td>
      <td></td>
      <td></td>
      <td>Min. 2 nos. Dia.100mm Floor Drain (Sprinklered)</td>
    </tr>
    <tr>
      <td>Flood Board Store/ Cabinet</td>
      <td></td>
      <td></td>
      <td></td>
      <td></td>
      <td></td>
      <td>Min. 2 nos. Dia.100mm Floor Drain (Sprinklered)</td>
    </tr>
    <tr>
      <td>FS & Sprinkler Pump and Tank Room</td>
      <td></td>
      <td></td>
      <td>Y</td>
      <td></td>
      <td></td>
      <td>Min. 2 nos. Dia.150mm Floor Drain</td>
    </tr>
    <tr>
      <td>General Equipment Room</td>
      <td></td>
      <td></td>
      <td></td>
      <td></td>
      <td></td>
      <td>Min. 2 nos. Dia.100mm Floor Drain (Sprinklered)</td>
    </tr>
    <tr>
      <td>Roof/ Green Roof</td>
      <td></td>
      <td></td>
      <td></td>
      <td></td>
      <td>Y (Manual point with drip system connection)</td>
      <td>Rainwater Outlet</td>
    </tr>
    <tr>
      <td>Maintenance Contractor's In-House Store</td>
      <td></td>
      <td></td>
      <td></td>
      <td></td>
      <td></td>
      <td>Min. 2 nos. Dia.100mm Floor Drain (Sprinklered)</td>
    </tr>
    <tr>
      <td>Maintenance Contractor Office</td>
      <td></td>
      <td></td>
      <td></td>
      <td></td>
      <td></td>
      <td>Min. 2 nos. Dia.100mm Floor Drain (Sprinklered)</td>
    </tr>
    <tr>
      <td>Maintenance Equipment Store</td>
      <td></td>
      <td></td>
      <td></td>
      <td></td>
      <td></td>
      <td>Min. 2 nos. Dia.100mm Floor Drain (Sprinklered)</td>
    </tr>
    <tr>
      <td>Maintenance In-House Store</td>
      <td></td>
      <td></td>
      <td></td>
      <td></td>
      <td></td>
      <td>Min. 2 nos. Dia.100mm Floor Drain (Sprinklered)</td>
    </tr>
  </tbody>
</table>","<table>
  <thead>
    <tr>
      <th rowspan=""3"">Room/ Facility</th>
      <th colspan=""6"">Plumbing</th>
    </tr>
    <tr>
      <th colspan=""2"">Fresh Water</th>
      <th rowspan=""2"">Cleansing Water</th>
      <th rowspan=""2"">Flushing Water</th>
      <th rowspan=""2"">Irrigation Water</th>
      <th rowspan=""2"">Drainage</th>
    </tr>
    <tr>
      <th>Cold Water</th>
      <th>Hot Water</th>
    </tr>
  </thead>
  <tbody>
    <tr>
      <td>Concourse Paid/ Unpaid Area</td>
      <td></td>
      <td></td>
      <td>Y (FH/ HR Cabinet)</td>
      <td></td>
      <td></td>
      <td>Floor Drain (FoH and FH/ HR Cabinet)</td>
    </tr>
    <tr>
      <td>Cooling Tower</td>
      <td></td>
      <td></td>
      <td>Y</td>
      <td></td>
      <td></td>
      <td>Min. 2 nos. Dia.150mm Floor Drain</td>
    </tr>
    <tr>
      <td>Corridor/Lobby to Staff & Equipment Room</td>
      <td></td>
      <td></td>
      <td></td>
      <td></td>
      <td></td>
      <td>Min. 2 nos. Dia.100mm Floor Drain (Sprinklered)</td>
    </tr>
    <tr>
      <td>ECS Plant Room</td>
      <td></td>
      <td></td>
      <td>Y</td>
      <td></td>
      <td></td>
      <td>Min. 2 nos. Dia.150mm Floor Drain</td>
    </tr>
    <tr>
      <td>Entrance ""A"" & ""B""</td>
      <td></td>
      <td></td>
      <td>Y (FH/ HR Cabinet)</td>
      <td></td>
      <td></td>
      <td>Floor Drain (FoH and FH/ HR Cabinet)</td>
    </tr>
    <tr>
      <td>Entrance 'A1', 'A2', 'B1' & 'B2' (Indoor)</td>
      <td></td>
      <td></td>
      <td>Y (FH/ HR Cabinet)</td>
      <td></td>
      <td></td>
      <td>Floor Drain (FoH and FH/ HR Cabinet)</td>
    </tr>
    <tr>
      <td>Escalator Pit (Machine-Inside-Truss)</td>
      <td></td>
      <td></td>
      <td></td>
      <td></td>
      <td></td>
      <td>Floor Drain (Lower Landing)</td>
    </tr>
    <tr>
      <td>Fire Control Room (FCR)</td>
      <td></td>
      <td></td>
      <td></td>
      <td></td>
      <td></td>
      <td>Min. 2 nos. Dia.100mm Floor Drain (Sprinklered)</td>
    </tr>
    <tr>
      <td>Fireman's Lift Lobby</td>
      <td></td>
      <td></td>
      <td></td>
      <td></td>
      <td></td>
      <td>Min. 2 nos. Dia.100mm Floor Drain (Sprinklered)</td>
    </tr>
    <tr>
      <td>Flood Board Store/ Cabinet</td>
      <td></td>
      <td></td>
      <td></td>
      <td></td>
      <td></td>
      <td>Min. 2 nos. Dia.100mm Floor Drain (Sprinklered)</td>
    </tr>
    <tr>
      <td>FS & Sprinkler Pump and Tank Room</td>
      <td></td>
      <td></td>
      <td>Y</td>
      <td></td>
      <td></td>
      <td>Min. 2 nos. Dia.150mm Floor Drain</td>
    </tr>
    <tr>
      <td>General Equipment Room</td>
      <td></td>
      <td></td>
      <td></td>
      <td></td>
      <td></td>
      <td>Min. 2 nos. Dia.100mm Floor Drain (Sprinklered)</td>
    </tr>
    <tr>
      <td>Roof/ Green Roof</td>
      <td></td>
      <td></td>
      <td></td>
      <td></td>
      <td>Y (Manual point with drip system connection)</td>
      <td>Rainwater Outlet</td>
    </tr>
    <tr>
      <td>Maintenance Contractor's In-House Store</td>
      <td></td>
      <td></td>
      <td></td>
      <td></td>
      <td></td>
      <td>Min. 2 nos. Dia.100mm Floor Drain (Sprinklered)</td>
    </tr>
    <tr>
      <td>Maintenance Contractor Office</td>
      <td></td>
      <td></td>
      <td></td>
      <td></td>
      <td></td>
      <td>Min. 2 nos. Dia.100mm Floor Drain (Sprinklered)</td>
    </tr>
    <tr>
      <td>Maintenance Equipment Store</td>
      <td></td>
      <td></td>
      <td></td>
      <td></td>
      <td></td>
      <td>Min. 2 nos. Dia.100mm Floor Drain (Sprinklered)</td>
    </tr>
    <tr>
      <td>Maintenance In-House Store</td>
      <td></td>
      <td></td>
      <td></td>
      <td></td>
      <td></td>
      <td>Min. 2 nos. Dia.100mm Floor Drain (Sprinklered)</td>
    </tr>
  </tbody>
</table>","|                                           |              |              |                    |                |                                              |                                                 |
|-------------------------------------------|--------------|--------------|--------------------|----------------|----------------------------------------------|-------------------------------------------------|
| Room/ Facility                            | Plumbing     |              |                    |                |                                              | Drainage                                        |
|                                           | Fresh Water  |              | Cleansing Water    | Flushing Water | Irrigation Water                             |                                                 |
|                                           | Cold Water   | Hot Water    |                    |                |                                              |                                                 |
| Concourse Paid/ Unpaid Area               | [ ] | [ ] | Y (FH/ HR Cabinet) | [ ]   | [ ]                                 | Floor Drain (FoH and FH/ HR Cabinet)            |
| Cooling Tower                             | [ ] | [ ] | Y [x]       | [ ]   | [ ]                                 | Min. 2 nos. Dia.150mm Floor Drain               |
| Corridor/Lobby to Staff & Equipment Room  | [ ] | [ ] | [ ]       | [ ]   | [ ]                                 | Min. 2 nos. Dia.100mm Floor Drain (Sprinklered) |
| ECS Plant Room                            | [ ] | [ ] | Y [x]       | [ ]   | [ ]                                 | Min. 2 nos. Dia.150mm Floor Drain               |
| Entrance ""A"" & ""B""                        | [ ] | [ ] | Y (FH/ HR Cabinet) | [ ]   | [ ]                                 | Floor Drain (FoH and FH/ HR Cabinet)            |
| Entrance 'A1', 'A2', 'B1' & 'B2' (Indoor) |              |              | Y (FH/ HR Cabinet) |                |                                              | Floor Drain (FoH and FH/ HR Cabinet)            |
| Escalator Pit (Machine-Inside- Truss)     | [ ] | [ ] |                    | [ ]   | [ ]                                 | Floor Drain (Lower Landing)                     |
| Fire Control Room (FCR)                   | [ ] | [ ] | [ ]       | [ ]   | [ ]                                 | Min. 2 nos. Dia.100mm Floor Drain (Sprinklered) |
| Fireman's Lift Lobby                      | [ ] | [ ] | [ ]       | [ ]   | [ ]                                 | Min. 2 nos. Dia.100mm Floor Drain (Sprinklered) |
| Flood Board Store/ Cabinet                |              |              |                    |                |                                              | Min. 2 nos. Dia.100mm Floor Drain (Sprinklered) |
| FS & Sprinkler Pump and Tank Room         | [ ] | [ ] | Y [x]       | [ ]   | [ ]                                 | Min. 2 nos. Dia.150mm Floor Drain               |
| General Equipment Room                    | [ ] | [ ] | [ ]       | [ ]   | [ ]                                 | Min. 2 nos. Dia.100mm Floor Drain (Sprinklered) |
| Roof/ Green Roof                          | [ ] | [ ] | [ ]       | [ ]   | Y (Manual point with drip system connection) | Rainwater Outlet                                |
| Maintenance Contractor's In- House Store  |              |              |                    |                |                                              | Min. 2 nos. Dia.100mm Floor Drain (Sprinklered) |
| Maintenance Contractor Office             | [ ] |              |                    | [ ]   |                                              | Min. 2 nos. Dia.100mm Floor Drain (Sprinklered) |
| Maintenance Equipment Store               |              | [ ] | [ ]       |                | [ ]                                 | Min. 2 nos. Dia.100mm Floor Drain (Sprinklered) |
| Maintenance In-House Store                | [ ] | [ ] | [ ]       | [ ]   | [ ]                                 | Min. 2 nos. Dia.100mm Floor Drain (Sprinklered) |",https://storage.googleapis.com/chunkr-prod-bucket/b1e41788-2d6e-4f8e-ad16-2e39fb334c57/5d9ffc1b-8d78-44ef-813d-5174c6bbebed/images/wRiUkFR.jpg?x-id=GetObject&response-content-disposition=inline&response-content-encoding=utf-8&response-content-type=image%2Fjpeg&X-Amz-Algorithm=AWS4-HMAC-SHA256&X-Amz-Credential=GOOG1EBMQ2D33SPB3VQ4MMVJEKXWQFNK5WS57JRFVYUSD3ZCA76OC3B74IG7C%2F20260119%2Fus-east-1%2Fs3%2Faws4_request&X-Amz-Date=20260119T145120Z&X-Amz-Expires=3600&X-Amz-SignedHeaders=host&X-Amz-Signature=160b3328706df6a9111633d4f11ae55a84c27e229507053dd34101ff5e04b821,171.6912,178.9632,953.5968,1345.8816
93479d74-39cc-40c5-b863-2b414f33b2b5,9,xgEDaBB,Text,25,Consultancy Agreement No. C1501 Design Services for Tuen Ma Extension 2.4C A16 Reference Design Building Services Design Final Report with Federated Design Model and Drawings,<p>Consultancy Agreement No. C1501 Design Services for Tuen Ma Extension 2.4C A16 Reference Design Building Services Design Final Report with Federated Design Model and Drawings</p>,Consultancy Agreement No. C1501 Design Services for Tuen Ma Extension 2.4C A16 Reference Design Building Services Design Final Report with Federated Design Model and Drawings,,1259.28,58.8672,977.94727,79.502396
93479d74-39cc-40c5-b863-2b414f33b2b5,10,si4OzpG,Table,25,"<table>
  <thead>
    <tr>
      <th rowspan=""3"">Room/ Facility</th>
      <th colspan=""6"">Plumbing</th>
    </tr>
    <tr>
      <th colspan=""2"">Fresh Water</th>
      <th rowspan=""2"">Cleansing Water</th>
      <th rowspan=""2"">Flushing Water</th>
      <th rowspan=""2"">Irrigation Water</th>
      <th rowspan=""2"">Drainage</th>
    </tr>
    <tr>
      <th>Cold Water</th>
      <th>Hot Water</th>
    </tr>
  </thead>
  <tbody>
    <tr>
      <td>Male/ Female Staff Locker Room</td>
      <td></td>
      <td></td>
      <td></td>
      <td></td>
      <td></td>
      <td>Min. 2 nos. Dia.100mm Floor Drain (Sprinklered)</td>
    </tr>
    <tr>
      <td>Meeting Room</td>
      <td></td>
      <td></td>
      <td></td>
      <td></td>
      <td></td>
      <td>Min. 2 nos. Dia.100mm Floor Drain (Sprinklered)</td>
    </tr>
    <tr>
      <td>Mess Room/ Mess Room for Tenant/ Concession Tenant Mess Room</td>
      <td>Y (MTR)</td>
      <td>Y (MTR) (Instant Electric Heater)</td>
      <td></td>
      <td></td>
      <td></td>
      <td>Waste Water for Sanitary Fitments; Floor Drain</td>
    </tr>
    <tr>
      <td>MOA/MOE Staircase</td>
      <td></td>
      <td></td>
      <td></td>
      <td></td>
      <td></td>
      <td>Min. 2 nos. Dia.100mm Floor Drain (Sprinklered)</td>
    </tr>
    <tr>
      <td>Office</td>
      <td></td>
      <td></td>
      <td></td>
      <td></td>
      <td></td>
      <td>Min. 2 nos. Dia.100mm Floor Drain (Sprinklered)</td>
    </tr>
    <tr>
      <td>Platform</td>
      <td></td>
      <td></td>
      <td>Y (FH/ HR Cabinet)</td>
      <td></td>
      <td></td>
      <td>Floor Drain (FoH and FH/ HR Cabinet)</td>
    </tr>
    <tr>
      <td>Police Equipment Room</td>
      <td></td>
      <td></td>
      <td></td>
      <td></td>
      <td></td>
      <td>Min. 2 nos. Dia.100mm Floor Drain (Sprinklered)</td>
    </tr>
    <tr>
      <td>Police Facility Room</td>
      <td></td>
      <td></td>
      <td></td>
      <td></td>
      <td></td>
      <td>Min. 2 nos. Dia.100mm Floor Drain (Sprinklered)</td>
    </tr>
    <tr>
      <td>Police Post</td>
      <td></td>
      <td></td>
      <td></td>
      <td></td>
      <td></td>
      <td>Min. 2 nos. Dia.100mm Floor Drain (Sprinklered)</td>
    </tr>
    <tr>
      <td>Pre-action Sprinkler Valve Room (PSVR)</td>
      <td></td>
      <td></td>
      <td></td>
      <td></td>
      <td></td>
      <td>Min. 2 nos. Dia.100mm Floor Drain</td>
    </tr>
    <tr>
      <td>Protected Corridor</td>
      <td></td>
      <td></td>
      <td></td>
      <td></td>
      <td></td>
      <td>Min. 2 nos. Dia.100mm Floor Drain (Sprinklered)</td>
    </tr>
    <tr>
      <td>Refuse Collection Point</td>
      <td></td>
      <td></td>
      <td>Y</td>
      <td></td>
      <td></td>
      <td>Min. 2 nos. Dia.100mm Floor Drain (Sprinklered)</td>
    </tr>
    <tr>
      <td>Refuse Store/ Refuse Room</td>
      <td></td>
      <td></td>
      <td>Y</td>
      <td></td>
      <td></td>
      <td>Min. 2 nos. Dia.100mm Floor Drain (Sprinklered)</td>
    </tr>
    <tr>
      <td>Seating Area</td>
      <td></td>
      <td></td>
      <td>Y (FH/ HR Cabinet)</td>
      <td></td>
      <td></td>
      <td>Min. 2 nos. Dia.100mm Floor Drain (Sprinklered)</td>
    </tr>
    <tr>
      <td>Siding</td>
      <td></td>
      <td></td>
      <td></td>
      <td></td>
      <td></td>
      <td>Track Drain Outlet</td>
    </tr>
    <tr>
      <td>Smoke Extraction Fan Room (SEF)</td>
      <td></td>
      <td></td>
      <td></td>
      <td></td>
      <td></td>
      <td>Min. 2 nos. Dia.100mm Floor Drain (Sprinklered)</td>
    </tr>
    <tr>
      <td>Sprinkler Control Valve Room</td>
      <td></td>
      <td></td>
      <td></td>
      <td></td>
      <td></td>
      <td>Min. 2 nos. Dia.100mm Floor Drain</td>
    </tr>
    <tr>
      <td>Staircase</td>
      <td></td>
      <td></td>
      <td></td>
      <td></td>
      <td></td>
      <td>Min. 2 nos. Dia.100mm Floor Drain(Lowest Landing)</td>
    </tr>
  </tbody>
</table>","<table>
  <thead>
    <tr>
      <th rowspan=""3"">Room/ Facility</th>
      <th colspan=""6"">Plumbing</th>
    </tr>
    <tr>
      <th colspan=""2"">Fresh Water</th>
      <th rowspan=""2"">Cleansing Water</th>
      <th rowspan=""2"">Flushing Water</th>
      <th rowspan=""2"">Irrigation Water</th>
      <th rowspan=""2"">Drainage</th>
    </tr>
    <tr>
      <th>Cold Water</th>
      <th>Hot Water</th>
    </tr>
  </thead>
  <tbody>
    <tr>
      <td>Male/ Female Staff Locker Room</td>
      <td></td>
      <td></td>
      <td></td>
      <td></td>
      <td></td>
      <td>Min. 2 nos. Dia.100mm Floor Drain (Sprinklered)</td>
    </tr>
    <tr>
      <td>Meeting Room</td>
      <td></td>
      <td></td>
      <td></td>
      <td></td>
      <td></td>
      <td>Min. 2 nos. Dia.100mm Floor Drain (Sprinklered)</td>
    </tr>
    <tr>
      <td>Mess Room/ Mess Room for Tenant/ Concession Tenant Mess Room</td>
      <td>Y (MTR)</td>
      <td>Y (MTR) (Instant Electric Heater)</td>
      <td></td>
      <td></td>
      <td></td>
      <td>Waste Water for Sanitary Fitments; Floor Drain</td>
    </tr>
    <tr>
      <td>MOA/MOE Staircase</td>
      <td></td>
      <td></td>
      <td></td>
      <td></td>
      <td></td>
      <td>Min. 2 nos. Dia.100mm Floor Drain (Sprinklered)</td>
    </tr>
    <tr>
      <td>Office</td>
      <td></td>
      <td></td>
      <td></td>
      <td></td>
      <td></td>
      <td>Min. 2 nos. Dia.100mm Floor Drain (Sprinklered)</td>
    </tr>
    <tr>
      <td>Platform</td>
      <td></td>
      <td></td>
      <td>Y (FH/ HR Cabinet)</td>
      <td></td>
      <td></td>
      <td>Floor Drain (FoH and FH/ HR Cabinet)</td>
    </tr>
    <tr>
      <td>Police Equipment Room</td>
      <td></td>
      <td></td>
      <td></td>
      <td></td>
      <td></td>
      <td>Min. 2 nos. Dia.100mm Floor Drain (Sprinklered)</td>
    </tr>
    <tr>
      <td>Police Facility Room</td>
      <td></td>
      <td></td>
      <td></td>
      <td></td>
      <td></td>
      <td>Min. 2 nos. Dia.100mm Floor Drain (Sprinklered)</td>
    </tr>
    <tr>
      <td>Police Post</td>
      <td></td>
      <td></td>
      <td></td>
      <td></td>
      <td></td>
      <td>Min. 2 nos. Dia.100mm Floor Drain (Sprinklered)</td>
    </tr>
    <tr>
      <td>Pre-action Sprinkler Valve Room (PSVR)</td>
      <td></td>
      <td></td>
      <td></td>
      <td></td>
      <td></td>
      <td>Min. 2 nos. Dia.100mm Floor Drain</td>
    </tr>
    <tr>
      <td>Protected Corridor</td>
      <td></td>
      <td></td>
      <td></td>
      <td></td>
      <td></td>
      <td>Min. 2 nos. Dia.100mm Floor Drain (Sprinklered)</td>
    </tr>
    <tr>
      <td>Refuse Collection Point</td>
      <td></td>
      <td></td>
      <td>Y</td>
      <td></td>
      <td></td>
      <td>Min. 2 nos. Dia.100mm Floor Drain (Sprinklered)</td>
    </tr>
    <tr>
      <td>Refuse Store/ Refuse Room</td>
      <td></td>
      <td></td>
      <td>Y</td>
      <td></td>
      <td></td>
      <td>Min. 2 nos. Dia.100mm Floor Drain (Sprinklered)</td>
    </tr>
    <tr>
      <td>Seating Area</td>
      <td></td>
      <td></td>
      <td>Y (FH/ HR Cabinet)</td>
      <td></td>
      <td></td>
      <td>Min. 2 nos. Dia.100mm Floor Drain (Sprinklered)</td>
    </tr>
    <tr>
      <td>Siding</td>
      <td></td>
      <td></td>
      <td></td>
      <td></td>
      <td></td>
      <td>Track Drain Outlet</td>
    </tr>
    <tr>
      <td>Smoke Extraction Fan Room (SEF)</td>
      <td></td>
      <td></td>
      <td></td>
      <td></td>
      <td></td>
      <td>Min. 2 nos. Dia.100mm Floor Drain (Sprinklered)</td>
    </tr>
    <tr>
      <td>Sprinkler Control Valve Room</td>
      <td></td>
      <td></td>
      <td></td>
      <td></td>
      <td></td>
      <td>Min. 2 nos. Dia.100mm Floor Drain</td>
    </tr>
    <tr>
      <td>Staircase</td>
      <td></td>
      <td></td>
      <td></td>
      <td></td>
      <td></td>
      <td>Min. 2 nos. Dia.100mm Floor Drain(Lowest Landing)</td>
    </tr>
  </tbody>
</table>","|                                                              |             |                                   |                    |                |                  |                                                   |
|--------------------------------------------------------------|-------------|-----------------------------------|--------------------|----------------|------------------|---------------------------------------------------|
| Room/ Facility                                               | Plumbing    |                                   |                    |                |                  | Drainage                                          |
|                                                              | Fresh Water |                                   | Cleansing Water    | Flushing Water | Irrigation Water |                                                   |
|                                                              | Cold Water  | Hot Water                         |                    |                |                  |                                                   |
| Male/ Female Staff Locker Room                               |             |                                   |                    |                | [ ]     | Min. 2 nos. Dia.100mm Floor Drain (Sprinklered)   |
| Meeting Room                                                 |             |                                   |                    | [ ]   | [ ]     | Min. 2 nos. Dia.100mm Floor Drain (Sprinklered)   |
| Mess Room/ Mess Room for Tenant/ Concession Tenant Mess Room | Y (MTR)     | Y (MTR) (Instant Electric Heater) |                    | [ ]   | [ ]     | Waste Water for Sanitary Fitments; Floor Drain    |
| MOA/MOE Staircase                                            |             |                                   |                    | [ ]   |                  | Min. 2 nos. Dia.100mm Floor Drain (Sprinklered)   |
| Office                                                       |             |                                   |                    | [ ]   |                  | Min. 2 nos. Dia.100mm Floor Drain (Sprinklered)   |
| Platform                                                     |             |                                   | Y (FH/ HR Cabinet) |                |                  | Floor Drain (FoH and FH/ HR Cabinet)              |
| Police Equipment Room                                        |             |                                   |                    |                |                  | Min. 2 nos. Dia.100mm Floor Drain (Sprinklered)   |
| Police Facility Room                                         |             |                                   |                    |                |                  | Min. 2 nos. Dia.100mm Floor Drain (Sprinklered)   |
| Police Post                                                  |             |                                   |                    |                |                  | Min. 2 nos. Dia.100mm Floor Drain (Sprinklered)   |
| Pre-action Sprinkler Valve Room (PSVR)                       |             |                                   |                    |                |                  | Min. 2 nos. Dia.100mm Floor Drain                 |
| Protected Corridor                                           |             |                                   |                    |                |                  | Min. 2 nos. Dia.100mm Floor Drain (Sprinklered)   |
| Refuse Collection Point                                      |             |                                   | Y                  | [ ]   |                  | Min. 2 nos. Dia.100mm Floor Drain (Sprinklered)   |
| Refuse Store/ Refuse Room                                    |             |                                   | Y                  |                |                  | Min. 2 nos. Dia.100mm Floor Drain (Sprinklered)   |
| Seating Area                                                 |             |                                   | Y (FH/ HR Cabinet) |                |                  | Min. 2 nos. Dia.100mm Floor Drain (Sprinklered)   |
| Siding                                                       |             |                                   |                    |                |                  | Track Drain Outlet                                |
| Smoke Extraction Fan Room (SEF)                              |             |                                   |                    |                |                  | Min. 2 nos. Dia.100mm Floor Drain (Sprinklered)   |
| Sprinkler Control Valve Room                                 |             |                                   |                    |                |                  | Min. 2 nos. Dia.100mm Floor Drain                 |
| Staircase                                                    |             |                                   |                    | [ ]   |                  | Min. 2 nos. Dia.100mm Floor Drain(Lowest Landing) |",https://storage.googleapis.com/chunkr-prod-bucket/b1e41788-2d6e-4f8e-ad16-2e39fb334c57/5d9ffc1b-8d78-44ef-813d-5174c6bbebed/images/si4OzpG.jpg?x-id=GetObject&response-content-disposition=inline&response-content-encoding=utf-8&response-content-type=image%2Fjpeg&X-Amz-Algorithm=AWS4-HMAC-SHA256&X-Amz-Credential=GOOG1EBMQ2D33SPB3VQ4MMVJEKXWQFNK5WS57JRFVYUSD3ZCA76OC3B74IG7C%2F20260119%2Fus-east-1%2Fs3%2Faws4_request&X-Amz-Date=20260119T145120Z&X-Amz-Expires=3600&X-Amz-SignedHeaders=host&X-Amz-Signature=fb7c2cbf8e047481215f84fe39ebb95ac4133a811f350f9392bde6ce6d4b33f7,1254.2976,178.8624,954.7632,1389.1392
93479d74-39cc-40c5-b863-2b414f33b2b5,11,BZcNwwj,PageFooter,25,Rev. A,"<div class=""page-footer"">Rev. A</div>",Rev. A,,142.272,1601.64,58.838394,18.345581
93479d74-39cc-40c5-b863-2b414f33b2b5,12,_Ylb9A2,PageFooter,25,Page 16,"<div class=""page-footer"">Page 16</div>",Page 16,,1152.0864,1601.6256,72.77759,20.635132
93479d74-39cc-40c5-b863-2b414f33b2b5,13,Rr2zhw7,PageFooter,25,January 2023,"<div class=""page-footer"">January 2023</div>",January 2023,,2111.7744,1601.0928,122.7312,21.456055
93479d74-39cc-40c5-b863-2b414f33b2b5,14,t8XS9kw,Text,26,AECOM,<p>AECOM</p>,AECOM,,140.4,50.2848,163.1088,40.9536
120ce64b-061f-4360-8642-09dab21b136f,0,vDm_FND,Table,26,"<table>
  <thead>
    <tr>
      <th rowspan=""3"">Room/ Facility</th>
      <th colspan=""5"">Plumbing</th>
      <th rowspan=""3"">Drainage</th>
    </tr>
    <tr>
      <th colspan=""2"">Fresh Water</th>
      <th rowspan=""2"">Cleansing Water</th>
      <th rowspan=""2"">Flushing Water</th>
      <th rowspan=""2"">Irrigation Water</th>
    </tr>
    <tr>
      <th>Cold Water</th>
      <th>Hot Water</th>
    </tr>
  </thead>
  <tbody>
    <tr>
      <td>Store Room</td>
      <td></td>
      <td></td>
      <td></td>
      <td></td>
      <td></td>
      <td>Min. 2 nos. Dia.100mm Floor Drain (Sprinklered)</td>
    </tr>
    <tr>
      <td>TECS Air Receiver Room/ TECS Receiver Room</td>
      <td></td>
      <td></td>
      <td></td>
      <td></td>
      <td></td>
      <td>Min. 2 nos. Dia.100mm Floor Drain</td>
    </tr>
    <tr>
      <td>Trackway Exhaust Fan Room</td>
      <td></td>
      <td></td>
      <td></td>
      <td></td>
      <td></td>
      <td>Min. 2 nos. Dia.100mm Floor Drain (Sprinklered)</td>
    </tr>
    <tr>
      <td>Trackway Supply Fan Room</td>
      <td></td>
      <td></td>
      <td></td>
      <td></td>
      <td></td>
      <td>Min. 2 nos. Dia.100mm Floor Drain (Sprinklered)</td>
    </tr>
    <tr>
      <td>Water Equipment Room</td>
      <td></td>
      <td></td>
      <td></td>
      <td></td>
      <td></td>
      <td>Min. 2 nos. Dia.100mm Floor Drain (Sprinklered)</td>
    </tr>
    <tr>
      <td>Water Meter Room/ Concession Water Meter Room</td>
      <td></td>
      <td></td>
      <td></td>
      <td></td>
      <td></td>
      <td>Min. 2 nos. Dia.100mm Floor Drain</td>
    </tr>
    <tr>
      <td>Water Pump and Tank Room</td>
      <td></td>
      <td></td>
      <td>Y</td>
      <td></td>
      <td></td>
      <td>Min. 2 nos. Dia.150mm Floor Drain</td>
    </tr>
    <tr>
      <td colspan=""7"">FEEDER STATION</td>
    </tr>
    <tr>
      <td>132/25kV Transformer (Tx) H1 Room</td>
      <td></td>
      <td></td>
      <td></td>
      <td></td>
      <td></td>
      <td>Min. 2 nos. Dia.150mm Floor Drain</td>
    </tr>
    <tr>
      <td>AC Platform</td>
      <td></td>
      <td></td>
      <td>Y</td>
      <td></td>
      <td></td>
      <td>Min. 2 nos. Dia.100mm Floor Drain</td>
    </tr>
    <tr>
      <td>Corridor/Lobby to Staff & Equipment Room (Indoor)</td>
      <td></td>
      <td></td>
      <td></td>
      <td></td>
      <td></td>
      <td>Min. 2 nos. Dia.100mm Floor Drain (Sprinklered)</td>
    </tr>
    <tr>
      <td>Corridor to Staff & Equipment Room (Covered)</td>
      <td></td>
      <td></td>
      <td></td>
      <td></td>
      <td></td>
      <td>Min. 2 nos. Dia.100mm Floor Drain (Sprinklered)</td>
    </tr>
    <tr>
      <td>Deluge Valve Cabinet</td>
      <td></td>
      <td></td>
      <td></td>
      <td></td>
      <td></td>
      <td>Min. 2 nos. Dia.100mm Floor Drain</td>
    </tr>
    <tr>
      <td>ECS Platform - Outdoor</td>
      <td></td>
      <td></td>
      <td>Y</td>
      <td></td>
      <td></td>
      <td>Min. 2 nos. Dia.100mm Floor Drain</td>
    </tr>
    <tr>
      <td>FS & Sprinkler Water Pump & Tank Room</td>
      <td></td>
      <td></td>
      <td>Y</td>
      <td></td>
      <td></td>
      <td>Min. 2 nos. Dia.150mm Floor Drain</td>
    </tr>
    <tr>
      <td>Maintenance Store</td>
      <td></td>
      <td></td>
      <td></td>
      <td></td>
      <td></td>
      <td>Min. 2 nos. Dia.100mm Floor Drain (Sprinklered)</td>
    </tr>
    <tr>
      <td>Staircase</td>
      <td></td>
      <td></td>
      <td></td>
      <td></td>
      <td></td>
      <td>Min. 2 nos. Dia.100mm Floor Drain (Lowest Landing)</td>
    </tr>
    <tr>
      <td>Toilet</td>
      <td>Y</td>
      <td></td>
      <td></td>
      <td>Y</td>
      <td></td>
      <td>Soil and Waste Water for Sanitary Fitments; Floor Drain</td>
    </tr>
  </tbody>
</table>","<table>
  <thead>
    <tr>
      <th rowspan=""3"">Room/ Facility</th>
      <th colspan=""5"">Plumbing</th>
      <th rowspan=""3"">Drainage</th>
    </tr>
    <tr>
      <th colspan=""2"">Fresh Water</th>
      <th rowspan=""2"">Cleansing Water</th>
      <th rowspan=""2"">Flushing Water</th>
      <th rowspan=""2"">Irrigation Water</th>
    </tr>
    <tr>
      <th>Cold Water</th>
      <th>Hot Water</th>
    </tr>
  </thead>
  <tbody>
    <tr>
      <td>Store Room</td>
      <td></td>
      <td></td>
      <td></td>
      <td></td>
      <td></td>
      <td>Min. 2 nos. Dia.100mm Floor Drain (Sprinklered)</td>
    </tr>
    <tr>
      <td>TECS Air Receiver Room/ TECS Receiver Room</td>
      <td></td>
      <td></td>
      <td></td>
      <td></td>
      <td></td>
      <td>Min. 2 nos. Dia.100mm Floor Drain</td>
    </tr>
    <tr>
      <td>Trackway Exhaust Fan Room</td>
      <td></td>
      <td></td>
      <td></td>
      <td></td>
      <td></td>
      <td>Min. 2 nos. Dia.100mm Floor Drain (Sprinklered)</td>
    </tr>
    <tr>
      <td>Trackway Supply Fan Room</td>
      <td></td>
      <td></td>
      <td></td>
      <td></td>
      <td></td>
      <td>Min. 2 nos. Dia.100mm Floor Drain (Sprinklered)</td>
    </tr>
    <tr>
      <td>Water Equipment Room</td>
      <td></td>
      <td></td>
      <td></td>
      <td></td>
      <td></td>
      <td>Min. 2 nos. Dia.100mm Floor Drain (Sprinklered)</td>
    </tr>
    <tr>
      <td>Water Meter Room/ Concession Water Meter Room</td>
      <td></td>
      <td></td>
      <td></td>
      <td></td>
      <td></td>
      <td>Min. 2 nos. Dia.100mm Floor Drain</td>
    </tr>
    <tr>
      <td>Water Pump and Tank Room</td>
      <td></td>
      <td></td>
      <td>Y</td>
      <td></td>
      <td></td>
      <td>Min. 2 nos. Dia.150mm Floor Drain</td>
    </tr>
    <tr>
      <td colspan=""7"">FEEDER STATION</td>
    </tr>
    <tr>
      <td>132/25kV Transformer (Tx) H1 Room</td>
      <td></td>
      <td></td>
      <td></td>
      <td></td>
      <td></td>
      <td>Min. 2 nos. Dia.150mm Floor Drain</td>
    </tr>
    <tr>
      <td>AC Platform</td>
      <td></td>
      <td></td>
      <td>Y</td>
      <td></td>
      <td></td>
      <td>Min. 2 nos. Dia.100mm Floor Drain</td>
    </tr>
    <tr>
      <td>Corridor/Lobby to Staff & Equipment Room (Indoor)</td>
      <td></td>
      <td></td>
      <td></td>
      <td></td>
      <td></td>
      <td>Min. 2 nos. Dia.100mm Floor Drain (Sprinklered)</td>
    </tr>
    <tr>
      <td>Corridor to Staff & Equipment Room (Covered)</td>
      <td></td>
      <td></td>
      <td></td>
      <td></td>
      <td></td>
      <td>Min. 2 nos. Dia.100mm Floor Drain (Sprinklered)</td>
    </tr>
    <tr>
      <td>Deluge Valve Cabinet</td>
      <td></td>
      <td></td>
      <td></td>
      <td></td>
      <td></td>
      <td>Min. 2 nos. Dia.100mm Floor Drain</td>
    </tr>
    <tr>
      <td>ECS Platform - Outdoor</td>
      <td></td>
      <td></td>
      <td>Y</td>
      <td></td>
      <td></td>
      <td>Min. 2 nos. Dia.100mm Floor Drain</td>
    </tr>
    <tr>
      <td>FS & Sprinkler Water Pump & Tank Room</td>
      <td></td>
      <td></td>
      <td>Y</td>
      <td></td>
      <td></td>
      <td>Min. 2 nos. Dia.150mm Floor Drain</td>
    </tr>
    <tr>
      <td>Maintenance Store</td>
      <td></td>
      <td></td>
      <td></td>
      <td></td>
      <td></td>
      <td>Min. 2 nos. Dia.100mm Floor Drain (Sprinklered)</td>
    </tr>
    <tr>
      <td>Staircase</td>
      <td></td>
      <td></td>
      <td></td>
      <td></td>
      <td></td>
      <td>Min. 2 nos. Dia.100mm Floor Drain (Lowest Landing)</td>
    </tr>
    <tr>
      <td>Toilet</td>
      <td>Y</td>
      <td></td>
      <td></td>
      <td>Y</td>
      <td></td>
      <td>Soil and Waste Water for Sanitary Fitments; Floor Drain</td>
    </tr>
  </tbody>
</table>","|                                                   |              |              |                 |                |                  |                                                         |
|---------------------------------------------------|--------------|--------------|-----------------|----------------|------------------|---------------------------------------------------------|
| Room/ Facility                                    | Plumbing     |              |                 |                |                  | Drainage                                                |
|                                                   | Fresh Water  |              | Cleansing Water | Flushing Water | Irrigation Water |                                                         |
|                                                   | Cold Water   | Hot Water    |                 |                |                  |                                                         |
| Store Room                                        | [ ] | [ ] | [ ]    | [ ]   | [ ]     | Min. 2 nos. Dia.100mm Floor Drain (Sprinklered)         |
| TECS Air Receiver Room/ TECS Receiver Room        | [ ] | [ ] | [ ]    | [ ]   | [ ]     | Min. 2 nos. Dia.100mm Floor Drain                       |
| Trackway Exhaust Fan Room                         | [ ] | [ ] | [ ]    | [ ]   | [ ]     | Min. 2 nos. Dia.100mm Floor Drain (Sprinklered)         |
| Trackway Supply Fan Room                          | [ ] | [ ] | [ ]    | [ ]   | [ ]     | Min. 2 nos. Dia.100mm Floor Drain (Sprinklered)         |
| Water Equipment Room                              | [ ] | [ ] | [ ]    | [ ]   | [ ]     | Min. 2 nos. Dia.100mm Floor Drain (Sprinklered)         |
| Water Meter Room/ Concession Water Meter Room     | [ ] | [ ] | [x]      | [ ]   | [ ]     | Min. 2 nos. Dia.100mm Floor Drain                       |
| Water Pump and Tank Room                          |              |              | Y               |                |                  | Min. 2 nos. Dia.150mm Floor Drain                       |
| FEEDER STATION                                    |              |              |                 |                |                  |                                                         |
| 132/25kV Transformer (Tx) H1 Room                 | [ ] | [ ] | [ ]    | [ ]   | [ ]     | Min. 2 nos. Dia.150mm Floor Drain                       |
| AC Platform                                       | [ ] | [ ] | Y [x]    | [ ]   | [ ]     | Min. 2 nos. Dia.100mm Floor Drain                       |
| Corridor/Lobby to Staff & Equipment Room (Indoor) | [ ] | [ ] | [ ]    | [ ]   | [ ]     | Min. 2 nos. Dia.100mm Floor Drain (Sprinklered)         |
| Corridor to Staff & Equipment Room (Covered)      | [ ] | [ ] | [ ]    | [ ]   | [ ]     | Min. 2 nos. Dia.100mm Floor Drain (Sprinklered)         |
| Deluge Valve Cabinet                              |              |              |                 |                |                  | Min. 2 nos. Dia.100mm Floor Drain                       |
| ECS Platform - Outdoor                            | [ ] | [ ] | Y [x]    | [ ]   | [ ]     | Min. 2 nos. Dia.100mm Floor Drain                       |
| FS & Sprinkler Water Pump & Tank Room             | [ ] | [ ] | Y [x]    | [ ]   | [ ]     | Min. 2 nos. Dia.150mm Floor Drain                       |
| Maintenance Store                                 | [ ] | [ ] | [ ]    | [ ]   | [ ]     | Min. 2 nos. Dia.100mm Floor Drain (Sprinklered)         |
| Staircase                                         |              |              |                 |                |                  | Min. 2 nos. Dia.100mm Floor Drain (Lowest Landing)      |
| Toilet                                            | Y [x] | [ ] | [ ]    | Y [x]   | [ ]     | Soil and Waste Water for Sanitary Fitments; Floor Drain |",https://storage.googleapis.com/chunkr-prod-bucket/b1e41788-2d6e-4f8e-ad16-2e39fb334c57/5d9ffc1b-8d78-44ef-813d-5174c6bbebed/images/vDm_FND.jpg?x-id=GetObject&response-content-disposition=inline&response-content-encoding=utf-8&response-content-type=image%2Fjpeg&X-Amz-Algorithm=AWS4-HMAC-SHA256&X-Amz-Credential=GOOG1EBMQ2D33SPB3VQ4MMVJEKXWQFNK5WS57JRFVYUSD3ZCA76OC3B74IG7C%2F20260119%2Fus-east-1%2Fs3%2Faws4_request&X-Amz-Date=20260119T145120Z&X-Amz-Expires=3600&X-Amz-SignedHeaders=host&X-Amz-Signature=a0002c766ee43361a4b89ffebe10bbb63e6cdd4b504ec87249de935309db91e9,171.504,179.28,953.07837,1359.8496
120ce64b-061f-4360-8642-09dab21b136f,1,sm_v4db,Text,26,Consultancy Agreement No. C1501 Design Services for Tuen Ma Extension 2.4C A16 Reference Design Building Services Design Final Report with Federated Design Model and Drawings,<p>Consultancy Agreement No. C1501 Design Services for Tuen Ma Extension 2.4C A16 Reference Design Building Services Design Final Report with Federated Design Model and Drawings</p>,Consultancy Agreement No. C1501 Design Services for Tuen Ma Extension 2.4C A16 Reference Design Building Services Design Final Report with Federated Design Model and Drawings,,1259.5392,59.0256,977.7025,79.3152
120ce64b-061f-4360-8642-09dab21b136f,2,EUR_lja,Table,26,"<table>
  <thead>
    <tr>
      <th rowspan=""3"">Room/ Facility</th>
      <th colspan=""5"">Plumbing</th>
      <th rowspan=""3"">Drainage</th>
    </tr>
    <tr>
      <th colspan=""2"">Fresh Water</th>
      <th rowspan=""2"">Cleansing Water</th>
      <th rowspan=""2"">Flushing Water</th>
      <th rowspan=""2"">Irrigation Water</th>
    </tr>
    <tr>
      <th>Cold Water</th>
      <th>Hot Water</th>
    </tr>
  </thead>
  <tbody>
    <tr>
      <td>Water Meter Cabinet</td>
      <td></td>
      <td></td>
      <td></td>
      <td></td>
      <td></td>
      <td>Min. 2 nos. Dia.100mm Floor Drain</td>
    </tr>
    <tr>
      <td>Water Pump & Tank Room</td>
      <td></td>
      <td></td>
      <td>Y</td>
      <td></td>
      <td></td>
      <td>Min. 2 nos. Dia.150mm Floor Drain</td>
    </tr>
    <tr>
      <td>Water Spray Water Pump & Tank Room</td>
      <td></td>
      <td></td>
      <td>Y</td>
      <td></td>
      <td></td>
      <td>Min. 2 nos. Dia.150mm Floor Drain</td>
    </tr>
  </tbody>
</table>","<table>
  <thead>
    <tr>
      <th rowspan=""3"">Room/ Facility</th>
      <th colspan=""5"">Plumbing</th>
      <th rowspan=""3"">Drainage</th>
    </tr>
    <tr>
      <th colspan=""2"">Fresh Water</th>
      <th rowspan=""2"">Cleansing Water</th>
      <th rowspan=""2"">Flushing Water</th>
      <th rowspan=""2"">Irrigation Water</th>
    </tr>
    <tr>
      <th>Cold Water</th>
      <th>Hot Water</th>
    </tr>
  </thead>
  <tbody>
    <tr>
      <td>Water Meter Cabinet</td>
      <td></td>
      <td></td>
      <td></td>
      <td></td>
      <td></td>
      <td>Min. 2 nos. Dia.100mm Floor Drain</td>
    </tr>
    <tr>
      <td>Water Pump & Tank Room</td>
      <td></td>
      <td></td>
      <td>Y</td>
      <td></td>
      <td></td>
      <td>Min. 2 nos. Dia.150mm Floor Drain</td>
    </tr>
    <tr>
      <td>Water Spray Water Pump & Tank Room</td>
      <td></td>
      <td></td>
      <td>Y</td>
      <td></td>
      <td></td>
      <td>Min. 2 nos. Dia.150mm Floor Drain</td>
    </tr>
  </tbody>
</table>","|                                    |              |              |                 |                |                  |                                   |
|------------------------------------|--------------|--------------|-----------------|----------------|------------------|-----------------------------------|
| Room/ Facility                     | Plumbing     |              |                 |                |                  | Drainage                          |
|                                    | Fresh Water  |              | Cleansing Water | Flushing Water | Irrigation Water |                                   |
|                                    | Cold Water   | Hot Water    |                 |                |                  |                                   |
| Water Meter Cabinet                | [ ] | [ ] | [ ]    | [ ]   | [ ]     | Min. 2 nos. Dia.100mm Floor Drain |
| Water Pump & Tank Room             | [ ] | [ ] | Y [x]    | [ ]   | [ ]     | Min. 2 nos. Dia.150mm Floor Drain |
| Water Spray Water Pump & Tank Room |              | [ ] | Y [ ]  | [ ]   | [ ]     | Min. 2 nos. Dia.150mm Floor Drain |",https://storage.googleapis.com/chunkr-prod-bucket/b1e41788-2d6e-4f8e-ad16-2e39fb334c57/5d9ffc1b-8d78-44ef-813d-5174c6bbebed/images/EUR_lja.jpg?x-id=GetObject&response-content-disposition=inline&response-content-encoding=utf-8&response-content-type=image%2Fjpeg&X-Amz-Algorithm=AWS4-HMAC-SHA256&X-Amz-Credential=GOOG1EBMQ2D33SPB3VQ4MMVJEKXWQFNK5WS57JRFVYUSD3ZCA76OC3B74IG7C%2F20260119%2Fus-east-1%2Fs3%2Faws4_request&X-Amz-Date=20260119T145120Z&X-Amz-Expires=3600&X-Amz-SignedHeaders=host&X-Amz-Signature=eadb85a40b8d10e67fa5724b9d366efb9658955122f0cd776b3b70904eaf4803,1255.032,179.856,952.51685,375.99835
120ce64b-061f-4360-8642-09dab21b136f,3,vRTN406,Text,26,(b) The plumbing systems will be designed in accordance with the parameters as presented in Table 3.17 below:,<p>(b) The plumbing systems will be designed in accordance with the parameters as presented in Table 3.17 below:</p>,(b) The plumbing systems will be designed in accordance with the parameters as presented in Table 3.17 below:,,1225.0367,606.3696,1012.16174,48.743958
120ce64b-061f-4360-8642-09dab21b136f,4,21f6qet,Caption,26,Table 3.17: Plumbing System Design Parameters,"<span class=""caption"">Table 3.17: Plumbing System Design Parameters</span>",Table 3.17: Plumbing System Design Parameters,,1331.3376,678.5568,443.1023,24.796753
120ce64b-061f-4360-8642-09dab21b136f,5,2p8E-mo,Table,26,"<table>
  <thead>
    <tr>
      <th>System</th>
      <th>Parameter</th>
    </tr>
  </thead>
  <tbody>
    <tr>
      <td colspan=""2"">A. Fresh Water Supply System</td>
    </tr>
    <tr>
      <td colspan=""2"">1. Supply Flow Rate (Loading Units (LU) as per Table 15, Pg 14 in PESD Guide, published by IOP)</td>
    </tr>
    <tr>
      <td>i. Basin (Public Toilet)</td>
      <td>4 LU (High frequency of use)</td>
    </tr>
    <tr>
      <td>ii. Basin (Staff Toilet)</td>
      <td>2 LU (Medium frequency of use)</td>
    </tr>
    <tr>
      <td>iii. Sink (Mess Room)</td>
      <td>5 LU (Medium frequency of use)</td>
    </tr>
    <tr>
      <td>iv. Concession Sink</td>
      <td>5 LU (Medium frequency of use)</td>
    </tr>
    <tr>
      <td colspan=""2"">2. Supply Pressure</td>
    </tr>
    <tr>
      <td>i. Maximum Static Pressure</td>
      <td>6 bar</td>
    </tr>
    <tr>
      <td>ii. Design Outlet Pressure</td>
      <td>2.5 to 6 bar (Pressure reducing valve to be installed if outlet pressure exceeds 6 bar)</td>
    </tr>
    <tr>
      <td colspan=""2"">3. Water Tank Capacity</td>
    </tr>
    <tr>
      <td>i. Storage Requirement</td>
      <td>45 litres per point</td>
    </tr>
    <tr>
      <td colspan=""2"">4. Sizing of Pump and Pressure Vessel</td>
    </tr>
    <tr>
      <td>i. Pump Flow</td>
      <td>Min. 1.1 times of design supply flow rate</td>
    </tr>
    <tr>
      <td>ii. Pressure Vessel Capacity</td>
      <td>Standardized to 200L due to VFD used</td>
    </tr>
    <tr>
      <td colspan=""2"">B. Flushing Water Supply System</td>
    </tr>
  </tbody>
</table>","<table>
  <thead>
    <tr>
      <th>System</th>
      <th>Parameter</th>
    </tr>
  </thead>
  <tbody>
    <tr>
      <td colspan=""2"">A. Fresh Water Supply System</td>
    </tr>
    <tr>
      <td colspan=""2"">1. Supply Flow Rate (Loading Units (LU) as per Table 15, Pg 14 in PESD Guide, published by IOP)</td>
    </tr>
    <tr>
      <td>i. Basin (Public Toilet)</td>
      <td>4 LU (High frequency of use)</td>
    </tr>
    <tr>
      <td>ii. Basin (Staff Toilet)</td>
      <td>2 LU (Medium frequency of use)</td>
    </tr>
    <tr>
      <td>iii. Sink (Mess Room)</td>
      <td>5 LU (Medium frequency of use)</td>
    </tr>
    <tr>
      <td>iv. Concession Sink</td>
      <td>5 LU (Medium frequency of use)</td>
    </tr>
    <tr>
      <td colspan=""2"">2. Supply Pressure</td>
    </tr>
    <tr>
      <td>i. Maximum Static Pressure</td>
      <td>6 bar</td>
    </tr>
    <tr>
      <td>ii. Design Outlet Pressure</td>
      <td>2.5 to 6 bar (Pressure reducing valve to be installed if outlet pressure exceeds 6 bar)</td>
    </tr>
    <tr>
      <td colspan=""2"">3. Water Tank Capacity</td>
    </tr>
    <tr>
      <td>i. Storage Requirement</td>
      <td>45 litres per point</td>
    </tr>
    <tr>
      <td colspan=""2"">4. Sizing of Pump and Pressure Vessel</td>
    </tr>
    <tr>
      <td>i. Pump Flow</td>
      <td>Min. 1.1 times of design supply flow rate</td>
    </tr>
    <tr>
      <td>ii. Pressure Vessel Capacity</td>
      <td>Standardized to 200L due to VFD used</td>
    </tr>
    <tr>
      <td colspan=""2"">B. Flushing Water Supply System</td>
    </tr>
  </tbody>
</table>","|                                                                                                  |                                                                                         |
|--------------------------------------------------------------------------------------------------|-----------------------------------------------------------------------------------------|
| System                                                                                           | Parameter                                                                               |
| A. Fresh Water Supply System                                                                     |                                                                                         |
| 1\. Supply Flow Rate (Loading Units (LU) as per Table 15, Pg 14 in PESD Guide, published by IOP) |                                                                                         |
| i\. Basin (Public Toilet)                                                                        | 4 LU (High frequency of use)                                                            |
| ii\. Basin (Staff Toilet)                                                                        | 2 LU (Medium frequency of use)                                                          |
| iii\. Sink (Mess Room)                                                                           | 5 LU (Medium frequency of use)                                                          |
| iv\. Concession Sink                                                                             | 5 LU (Medium frequency of use)                                                          |
| 2\. Supply Pressure                                                                              |                                                                                         |
| i\. Maximum Static Pressure                                                                      | 6 bar                                                                                   |
| ii\. Design Outlet Pressure                                                                      | 2.5 to 6 bar (Pressure reducing valve to be installed if outlet pressure exceeds 6 bar) |
| 3\. Water Tank Capacity                                                                          |                                                                                         |
| i\. Storage Requirement                                                                          | 45 litres per point                                                                     |
| 4\. Sizing of Pump and Pressure Vessel                                                           |                                                                                         |
| i\. Pump Flow                                                                                    | Min. 1.1 times of design supply flow rate                                               |
| ii\. Pressure Vessel Capacity                                                                    | Standardized to 200L due to VFD used                                                    |
| B. Flushing Water Supply System                                                                  |                                                                                         |",https://storage.googleapis.com/chunkr-prod-bucket/b1e41788-2d6e-4f8e-ad16-2e39fb334c57/5d9ffc1b-8d78-44ef-813d-5174c6bbebed/images/2p8E-mo.jpg?x-id=GetObject&response-content-disposition=inline&response-content-encoding=utf-8&response-content-type=image%2Fjpeg&X-Amz-Algorithm=AWS4-HMAC-SHA256&X-Amz-Credential=GOOG1EBMQ2D33SPB3VQ4MMVJEKXWQFNK5WS57JRFVYUSD3ZCA76OC3B74IG7C%2F20260119%2Fus-east-1%2Fs3%2Faws4_request&X-Amz-Date=20260119T145120Z&X-Amz-Expires=3600&X-Amz-SignedHeaders=host&X-Amz-Signature=eaf7061698487d05b17fc76f83533d512b60ce43ccc327cc57dcf37ef4255307,1354.8672,712.3392,881.1648,822.5136
120ce64b-061f-4360-8642-09dab21b136f,6,smr1FaL,PageFooter,26,Rev. A,"<div class=""page-footer"">Rev. A</div>",Rev. A,,142.344,1601.64,58.6512,18.47522
120ce64b-061f-4360-8642-09dab21b136f,7,gqgq1KF,PageFooter,26,Page 17,"<div class=""page-footer"">Page 17</div>",Page 17,,1152.0144,1601.7552,72.10083,20.347168
120ce64b-061f-4360-8642-09dab21b136f,8,GFgeBp6,PageFooter,26,January 2023,"<div class=""page-footer"">January 2023</div>",January 2023,,2111.8464,1600.7328,122.76001,22.017578
120ce64b-061f-4360-8642-09dab21b136f,9,wQ7-1Be,Text,27,AECOM,<p>AECOM</p>,AECOM,,140.4432,50.2704,163.07999,41.155197
120ce64b-061f-4360-8642-09dab21b136f,10,HD3SCnu,Table,27,"<table>
  <thead>
    <tr>
      <th>System</th>
      <th>Parameter</th>
    </tr>
  </thead>
  <tbody>
    <tr>
      <td colspan=""2"">1. Supply Flow Rate (Loading Units (LU) as per Table 15, Pg 14 in PESD Guide, published by IOP)</td>
    </tr>
    <tr>
      <td>i. Water Closet (Public Toilet)</td>
      <td>5 LU (High frequency of use)</td>
    </tr>
    <tr>
      <td>ii. Water Closet (Staff Toilet)</td>
      <td>2 LU (Medium frequency of use)</td>
    </tr>
    <tr>
      <td>iii. Urinal</td>
      <td>0.1 l/sec (Flush valve type)</td>
    </tr>
    <tr>
      <td colspan=""2"">2. Supply Pressure</td>
    </tr>
    <tr>
      <td>i. Maximum Static Pressure</td>
      <td>6 bar</td>
    </tr>
    <tr>
      <td>ii. Design Outlet Pressure</td>
      <td>1.5 to 6 bar (Pressure reducing valve to be installed if outlet pressure exceeds 6 bar)</td>
    </tr>
    <tr>
      <td colspan=""2"">3. Water Tank Capacity</td>
    </tr>
    <tr>
      <td>i. Storage Requirement for Water Closet</td>
      <td>40 litres per point</td>
    </tr>
    <tr>
      <td>ii. Storage Requirement for Urinal</td>
      <td>30 litres per point</td>
    </tr>
    <tr>
      <td>iii. Storage Requirement for Bleed-Off Water</td>
      <td>2 hrs holding capacity</td>
    </tr>
    <tr>
      <td colspan=""2"">4. Sizing of Pump and Pressure Vessel</td>
    </tr>
    <tr>
      <td>i. Pump Flow</td>
      <td>Min. 1.1 times of design supply flowrate</td>
    </tr>
    <tr>
      <td>ii. Pressure Vessel Capacity</td>
      <td>Standardized to 200L due to VFD used</td>
    </tr>
    <tr>
      <td colspan=""2"">C. Cleansing Water Supply System</td>
    </tr>
    <tr>
      <td colspan=""2"">1. Supply Flow Rate</td>
    </tr>
    <tr>
      <td>i. Cleansing Point (including slope sink, plantroom cleansing, workshop/ maintenance area cleansing)</td>
      <td>0.3 l/sec per point</td>
    </tr>
    <tr>
      <td colspan=""2"">2. Supply Pressure</td>
    </tr>
    <tr>
      <td>i. Maximum Static Pressure</td>
      <td>6 bar</td>
    </tr>
    <tr>
      <td>ii. Design Outlet Pressure</td>
      <td>1.5 to 6 bar (Pressure reducing valve to be installed if outlet pressure exceeds 6 bar)</td>
    </tr>
    <tr>
      <td colspan=""2"">3. Water Tank Capacity</td>
    </tr>
    <tr>
      <td>i. Storage Requirement</td>
      <td>45 litres per point</td>
    </tr>
    <tr>
      <td colspan=""2"">4. Sizing of Pump and Pressure Vessel</td>
    </tr>
    <tr>
      <td>i. Pump Flow</td>
      <td>Min. 1.1 times of design supply flowrate</td>
    </tr>
    <tr>
      <td>ii. Pressure Vessel Capacity</td>
      <td>Standardized to 200L due to VFD used</td>
    </tr>
  </tbody>
</table>","<table>
  <thead>
    <tr>
      <th>System</th>
      <th>Parameter</th>
    </tr>
  </thead>
  <tbody>
    <tr>
      <td colspan=""2"">1. Supply Flow Rate (Loading Units (LU) as per Table 15, Pg 14 in PESD Guide, published by IOP)</td>
    </tr>
    <tr>
      <td>i. Water Closet (Public Toilet)</td>
      <td>5 LU (High frequency of use)</td>
    </tr>
    <tr>
      <td>ii. Water Closet (Staff Toilet)</td>
      <td>2 LU (Medium frequency of use)</td>
    </tr>
    <tr>
      <td>iii. Urinal</td>
      <td>0.1 l/sec (Flush valve type)</td>
    </tr>
    <tr>
      <td colspan=""2"">2. Supply Pressure</td>
    </tr>
    <tr>
      <td>i. Maximum Static Pressure</td>
      <td>6 bar</td>
    </tr>
    <tr>
      <td>ii. Design Outlet Pressure</td>
      <td>1.5 to 6 bar (Pressure reducing valve to be installed if outlet pressure exceeds 6 bar)</td>
    </tr>
    <tr>
      <td colspan=""2"">3. Water Tank Capacity</td>
    </tr>
    <tr>
      <td>i. Storage Requirement for Water Closet</td>
      <td>40 litres per point</td>
    </tr>
    <tr>
      <td>ii. Storage Requirement for Urinal</td>
      <td>30 litres per point</td>
    </tr>
    <tr>
      <td>iii. Storage Requirement for Bleed-Off Water</td>
      <td>2 hrs holding capacity</td>
    </tr>
    <tr>
      <td colspan=""2"">4. Sizing of Pump and Pressure Vessel</td>
    </tr>
    <tr>
      <td>i. Pump Flow</td>
      <td>Min. 1.1 times of design supply flowrate</td>
    </tr>
    <tr>
      <td>ii. Pressure Vessel Capacity</td>
      <td>Standardized to 200L due to VFD used</td>
    </tr>
    <tr>
      <td colspan=""2"">C. Cleansing Water Supply System</td>
    </tr>
    <tr>
      <td colspan=""2"">1. Supply Flow Rate</td>
    </tr>
    <tr>
      <td>i. Cleansing Point (including slope sink, plantroom cleansing, workshop/ maintenance area cleansing)</td>
      <td>0.3 l/sec per point</td>
    </tr>
    <tr>
      <td colspan=""2"">2. Supply Pressure</td>
    </tr>
    <tr>
      <td>i. Maximum Static Pressure</td>
      <td>6 bar</td>
    </tr>
    <tr>
      <td>ii. Design Outlet Pressure</td>
      <td>1.5 to 6 bar (Pressure reducing valve to be installed if outlet pressure exceeds 6 bar)</td>
    </tr>
    <tr>
      <td colspan=""2"">3. Water Tank Capacity</td>
    </tr>
    <tr>
      <td>i. Storage Requirement</td>
      <td>45 litres per point</td>
    </tr>
    <tr>
      <td colspan=""2"">4. Sizing of Pump and Pressure Vessel</td>
    </tr>
    <tr>
      <td>i. Pump Flow</td>
      <td>Min. 1.1 times of design supply flowrate</td>
    </tr>
    <tr>
      <td>ii. Pressure Vessel Capacity</td>
      <td>Standardized to 200L due to VFD used</td>
    </tr>
  </tbody>
</table>","|                                                                                                       |                                                                                         |
|-------------------------------------------------------------------------------------------------------|-----------------------------------------------------------------------------------------|
| System                                                                                                | Parameter                                                                               |
| 1\. Supply Flow Rate (Loading Units (LU) as per Table 15, Pg 14 in PESD Guide, published by IOP)      |                                                                                         |
| i\. Water Closet (Public Toilet)                                                                      | 5 LU (High frequency of use)                                                            |
| ii\. Water Closet (Staff Toilet)                                                                      | 2 LU (Medium frequency of use)                                                          |
| iii\. Urinal                                                                                          | 0.1 l/sec (Flush valve type)                                                            |
| 2\. Supply Pressure                                                                                   |                                                                                         |
| i\. Maximum Static Pressure                                                                           | 6 bar                                                                                   |
| ii\. Design Outlet Pressure                                                                           | 1.5 to 6 bar (Pressure reducing valve to be installed if outlet pressure exceeds 6 bar) |
| 3\. Water Tank Capacity                                                                               |                                                                                         |
| i\. Storage Requirement for Water Closet                                                              | 40 litres per point                                                                     |
| ii\. Storage Requirement for Urinal                                                                   | 30 litres per point                                                                     |
| iii\. Storage Requirement for Bleed-Off Water                                                         | 2 hrs holding capacity                                                                  |
| 4\. Sizing of Pump and Pressure Vessel                                                                |                                                                                         |
| i\. Pump Flow                                                                                         | Min. 1.1 times of design supply flowrate                                                |
| ii\. Pressure Vessel Capacity                                                                         | Standardized to 200L due to VFD used                                                    |
| C. Cleansing Water Supply System                                                                      |                                                                                         |
| 1\. Supply Flow Rate                                                                                  |                                                                                         |
| i\. Cleansing Point (including slope sink, plantroom cleansing, workshop/ maintenance area cleansing) | 0.3 l/sec per point                                                                     |
| 2\. Supply Pressure                                                                                   |                                                                                         |
| i\. Maximum Static Pressure                                                                           | 6 bar                                                                                   |
| ii\. Design Outlet Pressure                                                                           | 1.5 to 6 bar (Pressure reducing valve to be installed if outlet pressure exceeds 6 bar) |
| 3\. Water Tank Capacity                                                                               |                                                                                         |
| i\. Storage Requirement                                                                               | 45 litres per point                                                                     |
| 4\. Sizing of Pump and Pressure Vessel                                                                |                                                                                         |
| i\. Pump Flow                                                                                         | Min. 1.1 times of design supply flowrate                                                |
| ii\. Pressure Vessel Capacity                                                                         | Standardized to 200L due to VFD used                                                    |",https://storage.googleapis.com/chunkr-prod-bucket/b1e41788-2d6e-4f8e-ad16-2e39fb334c57/5d9ffc1b-8d78-44ef-813d-5174c6bbebed/images/HD3SCnu.jpg?x-id=GetObject&response-content-disposition=inline&response-content-encoding=utf-8&response-content-type=image%2Fjpeg&X-Amz-Algorithm=AWS4-HMAC-SHA256&X-Amz-Credential=GOOG1EBMQ2D33SPB3VQ4MMVJEKXWQFNK5WS57JRFVYUSD3ZCA76OC3B74IG7C%2F20260119%2Fus-east-1%2Fs3%2Faws4_request&X-Amz-Date=20260119T145120Z&X-Amz-Expires=3600&X-Amz-SignedHeaders=host&X-Amz-Signature=4f7f54078cadb2309558a98b9b276ab67ae896d2d6b7665f9d63e70c027e470a,273.7728,179.9424,880.1279,1375.3008
120ce64b-061f-4360-8642-09dab21b136f,11,RNcdrbe,Text,27,Consultancy Agreement No. C1501 Design Services for Tuen Ma Extension 2.4C A16 Reference Design Building Services Design Final Report with Federated Design Model and Drawings,<p>Consultancy Agreement No. C1501 Design Services for Tuen Ma Extension 2.4C A16 Reference Design Building Services Design Final Report with Federated Design Model and Drawings</p>,Consultancy Agreement No. C1501 Design Services for Tuen Ma Extension 2.4C A16 Reference Design Building Services Design Final Report with Federated Design Model and Drawings,,1259.7983,59.1264,977.45776,79.12799
e9c37d7e-81af-43a4-acb5-ce20312dbc98,0,A56VJ49,Table,27,"<table>
  <thead>
    <tr>
      <th>System</th>
      <th>Parameter</th>
    </tr>
  </thead>
  <tbody>
    <tr>
      <td colspan=""2"">D. Irrigation Water Supply System</td>
    </tr>
    <tr>
      <td colspan=""2"">1. Supply Flow Rate</td>
    </tr>
    <tr>
      <td>i. Irrigation Point</td>
      <td>0.2 L/sec per point</td>
    </tr>
    <tr>
      <td colspan=""2"">2. Supply Pressure</td>
    </tr>
    <tr>
      <td>i. Maximum Static Pressure</td>
      <td>6 bar</td>
    </tr>
    <tr>
      <td>ii. Design Outlet Pressure</td>
      <td>1.5 to 6 bar (Pressure reducing valve to be installed if outlet pressure exceeds 6 bar)</td>
    </tr>
    <tr>
      <td colspan=""2"">3. Water Tank Capacity</td>
    </tr>
    <tr>
      <td>i. Storage Requirement</td>
      <td>Refer to Table 3.19 Rainwater Harvesting System Design Parameters</td>
    </tr>
    <tr>
      <td colspan=""2"">4. Sizing of Pump and Pressure Vessel</td>
    </tr>
    <tr>
      <td>i. Pump Flow</td>
      <td>Min. 1.1 times of design supply flowrate</td>
    </tr>
    <tr>
      <td colspan=""2"">E. Air-Conditioning Water Supply System</td>
    </tr>
    <tr>
      <td colspan=""2"">1. Supply Flow Rate</td>
    </tr>
    <tr>
      <td>i. A/C Make-Up (Based on ""Code of Practice for Fresh Water Cooling Towers Part 3: Water Treatment Methods 2016 Edition"", published by EMSD)</td>
      <td>Water circulation rate for condensing circuit (l/sec) = Cooling Tower Capacity (TR) x 0.189<br>Evaporation rate (l/sec) = 0.008 x Water circulation rate for condensing circuit<br>Drift rate (l/sec) = 0.00005 x Evaporation rate<br>Concentration rate= 7<br>Bleed off rate (l/sec) = 0.9/ (concentration rate- 1)<br>Average bleed-off rate (l/sec) = Bleed-off rate x Circulation rate/ 100<br>Make-up water (l/sec) = Evaporation rate + Drift rate+ Average bleed-off rate (assumed operating load factor= 1)</td>
    </tr>
    <tr>
      <td colspan=""2"">2. Supply Pressure</td>
    </tr>
    <tr>
      <td>i. Maximum Static Pressure</td>
      <td>6 bar</td>
    </tr>
    <tr>
      <td>ii. Design Outlet Pressure</td>
      <td>1 bar to 6 bar</td>
    </tr>
    <tr>
      <td colspan=""2"">3. Water Tank Capacity</td>
    </tr>
  </tbody>
</table>","<table>
  <thead>
    <tr>
      <th>System</th>
      <th>Parameter</th>
    </tr>
  </thead>
  <tbody>
    <tr>
      <td colspan=""2"">D. Irrigation Water Supply System</td>
    </tr>
    <tr>
      <td colspan=""2"">1. Supply Flow Rate</td>
    </tr>
    <tr>
      <td>i. Irrigation Point</td>
      <td>0.2 L/sec per point</td>
    </tr>
    <tr>
      <td colspan=""2"">2. Supply Pressure</td>
    </tr>
    <tr>
      <td>i. Maximum Static Pressure</td>
      <td>6 bar</td>
    </tr>
    <tr>
      <td>ii. Design Outlet Pressure</td>
      <td>1.5 to 6 bar (Pressure reducing valve to be installed if outlet pressure exceeds 6 bar)</td>
    </tr>
    <tr>
      <td colspan=""2"">3. Water Tank Capacity</td>
    </tr>
    <tr>
      <td>i. Storage Requirement</td>
      <td>Refer to Table 3.19 Rainwater Harvesting System Design Parameters</td>
    </tr>
    <tr>
      <td colspan=""2"">4. Sizing of Pump and Pressure Vessel</td>
    </tr>
    <tr>
      <td>i. Pump Flow</td>
      <td>Min. 1.1 times of design supply flowrate</td>
    </tr>
    <tr>
      <td colspan=""2"">E. Air-Conditioning Water Supply System</td>
    </tr>
    <tr>
      <td colspan=""2"">1. Supply Flow Rate</td>
    </tr>
    <tr>
      <td>i. A/C Make-Up (Based on ""Code of Practice for Fresh Water Cooling Towers Part 3: Water Treatment Methods 2016 Edition"", published by EMSD)</td>
      <td>Water circulation rate for condensing circuit (l/sec) = Cooling Tower Capacity (TR) x 0.189<br>Evaporation rate (l/sec) = 0.008 x Water circulation rate for condensing circuit<br>Drift rate (l/sec) = 0.00005 x Evaporation rate<br>Concentration rate= 7<br>Bleed off rate (l/sec) = 0.9/ (concentration rate- 1)<br>Average bleed-off rate (l/sec) = Bleed-off rate x Circulation rate/ 100<br>Make-up water (l/sec) = Evaporation rate + Drift rate+ Average bleed-off rate (assumed operating load factor= 1)</td>
    </tr>
    <tr>
      <td colspan=""2"">2. Supply Pressure</td>
    </tr>
    <tr>
      <td>i. Maximum Static Pressure</td>
      <td>6 bar</td>
    </tr>
    <tr>
      <td>ii. Design Outlet Pressure</td>
      <td>1 bar to 6 bar</td>
    </tr>
    <tr>
      <td colspan=""2"">3. Water Tank Capacity</td>
    </tr>
  </tbody>
</table>","|                                                                                                                                 |                                                                                                                  |
|---------------------------------------------------------------------------------------------------------------------------------|------------------------------------------------------------------------------------------------------------------|
| System                                                                                                                          | Parameter                                                                                                        |
| D. Irrigation Water Supply System                                                                                               |                                                                                                                  |
| 1\. Supply Flow Rate                                                                                                            |                                                                                                                  |
| i\. Irrigation Point                                                                                                            | 0.2 L/sec per point                                                                                              |
| 2\. Supply Pressure                                                                                                             |                                                                                                                  |
| i\. Maximum Static Pressure                                                                                                     | 6 bar                                                                                                            |
| ii\. Design Outlet Pressure                                                                                                     | 1.5 to 6 bar (Pressure reducing valve to be installed if outlet pressure exceeds 6 bar)                          |
| 3\. Water Tank Capacity                                                                                                         |                                                                                                                  |
| i\. Storage Requirement                                                                                                         | Refer to Table 3.19 Rainwater Harvesting System Design Parameters                                                |
| 4\. Sizing of Pump and Pressure Vessel                                                                                          |                                                                                                                  |
| i\. Pump Flow                                                                                                                   | Min. 1.1 times of design supply flowrate                                                                         |
| E. Air-Conditioning Water Supply System                                                                                         |                                                                                                                  |
| 1\. Supply Flow Rate                                                                                                            |                                                                                                                  |
| i\. A/C Make-Up (Based on ""Code of Practice Fresh Water Cooling Towers Part 3: Treatment Methods 2016 Edition"", published EMSD) | for Water circulation rate for condensing circuit (l/sec) Water = Cooling Tower Capacity (TR) x 0.189            |
|                                                                                                                                 | by Evaporation rate (l/sec) = 0.008 x Water circulation rate for condensing circuit                              |
|                                                                                                                                 | Drift rate (l/sec) = 0.00005 x Evaporation rate                                                                  |
|                                                                                                                                 | Concentration rate= 7                                                                                            |
|                                                                                                                                 | Bleed off rate (l/sec) = 0.9/ (concentration rate- 1)                                                            |
|                                                                                                                                 | Average bleed-off rate (l/sec) = Bleed-off rate x Circulation rate/ 100                                          |
|                                                                                                                                 | Make-up water (l/sec) = Evaporation rate + Drift rate+ Average bleed-off rate (assumed operating load factor= 1) |
| 2\. Supply Pressure                                                                                                             |                                                                                                                  |
| i\. Maximum Static Pressure                                                                                                     | 6 bar                                                                                                            |
| ii\. Design Outlet Pressure                                                                                                     | 1 bar to 6 bar                                                                                                   |
| 3\. Water Tank Capacity                                                                                                         |                                                                                                                  |",https://storage.googleapis.com/chunkr-prod-bucket/b1e41788-2d6e-4f8e-ad16-2e39fb334c57/5d9ffc1b-8d78-44ef-813d-5174c6bbebed/images/A56VJ49.jpg?x-id=GetObject&response-content-disposition=inline&response-content-encoding=utf-8&response-content-type=image%2Fjpeg&X-Amz-Algorithm=AWS4-HMAC-SHA256&X-Amz-Credential=GOOG1EBMQ2D33SPB3VQ4MMVJEKXWQFNK5WS57JRFVYUSD3ZCA76OC3B74IG7C%2F20260119%2Fus-east-1%2Fs3%2Faws4_request&X-Amz-Date=20260119T145120Z&X-Amz-Expires=3600&X-Amz-SignedHeaders=host&X-Amz-Signature=052af2dc6e04c2e3f75627f07b695281851c96613fcc3327c1d210c706ec4dc9,1355.8896,177.8832,880.0559,1315.2816
e9c37d7e-81af-43a4-acb5-ce20312dbc98,1,3L8jwGl,PageFooter,27,Rev. A,"<div class=""page-footer"">Rev. A</div>",Rev. A,,142.056,1601.2224,59.1696,19.166382
e9c37d7e-81af-43a4-acb5-ce20312dbc98,2,QczHCbu,PageFooter,27,Page 18,"<div class=""page-footer"">Page 18</div>",Page 18,,1151.8271,1601.2656,72.936035,21.182373
e9c37d7e-81af-43a4-acb5-ce20312dbc98,3,RnauoV8,PageFooter,27,January 2023,"<div class=""page-footer"">January 2023</div>",January 2023,,2111.9473,1600.8192,122.673584,21.830444
e9c37d7e-81af-43a4-acb5-ce20312dbc98,4,fF7-X9E,Text,28,AECOM,<p>AECOM</p>,AECOM,,140.3856,50.2992,163.31041,41.083202
e9c37d7e-81af-43a4-acb5-ce20312dbc98,5,CnNTPnZ,PageHeader,28,Consultancy Agreement No. C1501 Design Services for Tuen Ma Extension 2.4C A16 Reference Design Building Services Design Final Report with Federated Design Model and Drawings,"<div class=""page-header"">Consultancy Agreement No. C1501 Design Services for Tuen Ma Extension 2.4C A16 Reference Design Building Services Design Final Report with Federated Design Model and Drawings</div>",Consultancy Agreement No. C1501 Design Services for Tuen Ma Extension 2.4C A16 Reference Design Building Services Design Final Report with Federated Design Model and Drawings,,1259.6256,58.8816,977.8319,79.459206
e9c37d7e-81af-43a4-acb5-ce20312dbc98,6,fTJ2MXB,Table,28,"<table>
  <thead>
    <tr>
      <th>System</th>
      <th>Parameter</th>
    </tr>
  </thead>
  <tbody>
    <tr>
      <td>i. A/C Make-Up Water Tank</td>
      <td>Make-Up Water Flow (l/sec) x 6 hours<br>*Benchmarking to C1106 SCL DIH design report, 6 hours storage for A/C mark-up water tank is proposed and subject to WSD approval.</td>
    </tr>
    <tr>
      <td>ii. A/C Feed & Expansion Tank</td>
      <td>Based on ""ASHARE"" requirement</td>
    </tr>
  </tbody>
</table>","<table>
  <thead>
    <tr>
      <th>System</th>
      <th>Parameter</th>
    </tr>
  </thead>
  <tbody>
    <tr>
      <td>i. A/C Make-Up Water Tank</td>
      <td>Make-Up Water Flow (l/sec) x 6 hours<br>*Benchmarking to C1106 SCL DIH design report, 6 hours storage for A/C mark-up water tank is proposed and subject to WSD approval.</td>
    </tr>
    <tr>
      <td>ii. A/C Feed & Expansion Tank</td>
      <td>Based on ""ASHARE"" requirement</td>
    </tr>
  </tbody>
</table>","|                                |                                                                                                                                    |
|--------------------------------|------------------------------------------------------------------------------------------------------------------------------------|
| System                         | Parameter                                                                                                                          |
| i\. A/C Make-Up Water Tank     | Make-Up Water Flow (l/sec) x 6 hours                                                                                               |
|                                | \*Benchmarking to C1106 SCL DIH design report, 6 hours storage for A/C mark-up water tank is proposed and subject to WSD approval. |
| ii\. A/C Feed & Expansion Tank | Based on ""ASHARE"" requirement                                                                                                      |",https://storage.googleapis.com/chunkr-prod-bucket/b1e41788-2d6e-4f8e-ad16-2e39fb334c57/5d9ffc1b-8d78-44ef-813d-5174c6bbebed/images/fTJ2MXB.jpg?x-id=GetObject&response-content-disposition=inline&response-content-encoding=utf-8&response-content-type=image%2Fjpeg&X-Amz-Algorithm=AWS4-HMAC-SHA256&X-Amz-Credential=GOOG1EBMQ2D33SPB3VQ4MMVJEKXWQFNK5WS57JRFVYUSD3ZCA76OC3B74IG7C%2F20260119%2Fus-east-1%2Fs3%2Faws4_request&X-Amz-Date=20260119T145120Z&X-Amz-Expires=3600&X-Amz-SignedHeaders=host&X-Amz-Signature=004fcd6523a5de1b45db45b73e9970b4d064c1c65b1000bf49e15a755bff0094,272.664,180.9072,882.72003,234.12961
e9c37d7e-81af-43a4-acb5-ce20312dbc98,7,QuN8f2i,Text,28,(c) The drainage systems will be designed in accordance with the following parameters:,<p>(c) The drainage systems will be designed in accordance with the following parameters:</p>,(c) The drainage systems will be designed in accordance with the following parameters:,,142.7904,427.248,792.792,23.227203
e9c37d7e-81af-43a4-acb5-ce20312dbc98,8,fhumN-d,Caption,28,Table 3.18: Drainage System Design Parameters,"<span class=""caption"">Table 3.18: Drainage System Design Parameters</span>",Table 3.18: Drainage System Design Parameters,,248.832,470.1888,439.57437,24.825592
e9c37d7e-81af-43a4-acb5-ce20312dbc98,9,rcQJNLh,Table,28,"<table>
  <thead>
    <tr>
      <th>System</th>
      <th>Parameter</th>
    </tr>
  </thead>
  <tbody>
    <tr>
      <td colspan=""2"">A. Storm Water Disposal System</td>
    </tr>
    <tr>
      <td>1. Rainfall Design Return Period</td>
      <td>1 in 200 years (Section 4.9.3.1 in NW&amp;MARWDSM)</td>
    </tr>
    <tr>
      <td>2. Design Average Time of Concentration</td>
      <td>5 minutes</td>
    </tr>
    <tr>
      <td>3. Safety Factor due to Climate Change Impact</td>
      <td>Design rainfall increase of 13.8%<br>(Section 6.8 in HKSWDM)</td>
    </tr>
    <tr>
      <td>4. Design Rainfall Intensity (for instantaneous flow) (to be applied for gravity drain and sizing of storm water sump pit effective volume.)</td>
      <td>365mm/ hr</td>
    </tr>
    <tr>
      <td>5. Design Rainfall Intensity – Extreme intensity for durations not exceeding 240 minutes (for sizing of emergency storage volume for storm water sump pit only.) (Table 2 in DSD Stormwater Manual)</td>
      <td>90mm/ hr</td>
    </tr>
    <tr>
      <td>6. Formula for Calculating Rainwater Flow Rate</td>
      <td>Rational method<br>Flow rate Q (l/sec) = Coefficient of surface C (assumed = 1) x Rainfall intensity (mm/ hr) x Catchment area (A)/ 3600</td>
    </tr>
    <tr>
      <td colspan=""2"">7. Sizing of Stormwater Sump Pit</td>
    </tr>
    <tr>
      <td>i. Effective Volume</td>
      <td>Assumed not less than 5 minutes of instantaneous rainwater flow but minimum 2m<sup>3</sup> to keep min. 150mm water depth for pump operation<br>i.e. Effective volume (m<sup>3</sup>) = 5 min. x 365mm/hr x area (m<sup>2</sup>)<br>Pump continuous operation not less than 5 minutes</td>
    </tr>
    <tr>
      <td>ii. Emergency Storage</td>
      <td>10 minutes of maximum rainfall inflow (extreme condition)<br>i.e. Storage (m<sup>3</sup>) = 10 mins. x maximum rainfall at 1 in 200yr x area (m<sup>2</sup>)</td>
    </tr>
  </tbody>
</table>","<table>
  <thead>
    <tr>
      <th>System</th>
      <th>Parameter</th>
    </tr>
  </thead>
  <tbody>
    <tr>
      <td colspan=""2"">A. Storm Water Disposal System</td>
    </tr>
    <tr>
      <td>1. Rainfall Design Return Period</td>
      <td>1 in 200 years (Section 4.9.3.1 in NW&amp;MARWDSM)</td>
    </tr>
    <tr>
      <td>2. Design Average Time of Concentration</td>
      <td>5 minutes</td>
    </tr>
    <tr>
      <td>3. Safety Factor due to Climate Change Impact</td>
      <td>Design rainfall increase of 13.8%<br>(Section 6.8 in HKSWDM)</td>
    </tr>
    <tr>
      <td>4. Design Rainfall Intensity (for instantaneous flow) (to be applied for gravity drain and sizing of storm water sump pit effective volume.)</td>
      <td>365mm/ hr</td>
    </tr>
    <tr>
      <td>5. Design Rainfall Intensity – Extreme intensity for durations not exceeding 240 minutes (for sizing of emergency storage volume for storm water sump pit only.) (Table 2 in DSD Stormwater Manual)</td>
      <td>90mm/ hr</td>
    </tr>
    <tr>
      <td>6. Formula for Calculating Rainwater Flow Rate</td>
      <td>Rational method<br>Flow rate Q (l/sec) = Coefficient of surface C (assumed = 1) x Rainfall intensity (mm/ hr) x Catchment area (A)/ 3600</td>
    </tr>
    <tr>
      <td colspan=""2"">7. Sizing of Stormwater Sump Pit</td>
    </tr>
    <tr>
      <td>i. Effective Volume</td>
      <td>Assumed not less than 5 minutes of instantaneous rainwater flow but minimum 2m<sup>3</sup> to keep min. 150mm water depth for pump operation<br>i.e. Effective volume (m<sup>3</sup>) = 5 min. x 365mm/hr x area (m<sup>2</sup>)<br>Pump continuous operation not less than 5 minutes</td>
    </tr>
    <tr>
      <td>ii. Emergency Storage</td>
      <td>10 minutes of maximum rainfall inflow (extreme condition)<br>i.e. Storage (m<sup>3</sup>) = 10 mins. x maximum rainfall at 1 in 200yr x area (m<sup>2</sup>)</td>
    </tr>
  </tbody>
</table>","|                                                                                                                                                                                                      |                                                                                                                                                                                                                                                |
|------------------------------------------------------------------------------------------------------------------------------------------------------------------------------------------------------|------------------------------------------------------------------------------------------------------------------------------------------------------------------------------------------------------------------------------------------------|
| System                                                                                                                                                                                               | Parameter                                                                                                                                                                                                                                      |
| A. Storm Water Disposal System                                                                                                                                                                       |                                                                                                                                                                                                                                                |
| 1\. Rainfall Design Return Period                                                                                                                                                                    | 1 in 200 years (Section 4.9.3.1 in NW&MARWDSM)                                                                                                                                                                                                 |
| 2\. Design Average Time of Concentration                                                                                                                                                             | 5 minutes                                                                                                                                                                                                                                      |
| 3\. Safety Factor due to Climate Change Impact                                                                                                                                                       | Design rainfall increase of 13.8% (Section 6.8 in HKSWDM)                                                                                                                                                                                      |
| 4\. Design Rainfall Intensity (for instantaneous flow) (to be applied for gravity drain and sizing of storm water sump pit effective volume.)                                                        | 365mm/ hr                                                                                                                                                                                                                                      |
| 5\. Design Rainfall Intensity - Extreme intensity for durations not exceeding 240 minutes (for sizing of emergency storage volume for storm water sump pit only.) (Table 2 in DSD Stormwater Manual) | 90mm/ hr                                                                                                                                                                                                                                       |
| 6\. Formula for Calculating Rainwater Flow Rate                                                                                                                                                      | Rational method Flow rate Q (l/sec) = Coefficient of surface C (assumed = 1) x Rainfall intensity (mm/ hr) x Catchment area (A)/ 3600                                                                                                          |
| 7\. Sizing of Stormwater Sump Pit                                                                                                                                                                    |                                                                                                                                                                                                                                                |
| i\. Effective Volume                                                                                                                                                                                 | Assumed not less than 5 minutes of instantaneous rainwater flow but minimum 2m3 to keep min. 150mm water depth for pump operation i.e. Effective volume (m3) = 5 min. x 365mm/hr x area (m2) Pump continuous operation not less than 5 minutes |
| ii\. Emergency Storage                                                                                                                                                                               | 10 minutes of maximum rainfall inflow (extreme condition) i.e. Storage (m3) = 10 mins. x maximum rainfall at 1 in 200yr x area (m2)                                                                                                            |",https://storage.googleapis.com/chunkr-prod-bucket/b1e41788-2d6e-4f8e-ad16-2e39fb334c57/5d9ffc1b-8d78-44ef-813d-5174c6bbebed/images/rcQJNLh.jpg?x-id=GetObject&response-content-disposition=inline&response-content-encoding=utf-8&response-content-type=image%2Fjpeg&X-Amz-Algorithm=AWS4-HMAC-SHA256&X-Amz-Credential=GOOG1EBMQ2D33SPB3VQ4MMVJEKXWQFNK5WS57JRFVYUSD3ZCA76OC3B74IG7C%2F20260119%2Fus-east-1%2Fs3%2Faws4_request&X-Amz-Date=20260119T145120Z&X-Amz-Expires=3600&X-Amz-SignedHeaders=host&X-Amz-Signature=6918fb8f80b614bb4f29fa1ad228349953b15d897ba894e6309d22896e95f183,273.2256,501.5376,880.7184,1028.5056
e9c37d7e-81af-43a4-acb5-ce20312dbc98,10,D47VRM7,Table,28,"<table>
  <thead>
    <tr>
      <th>System</th>
      <th>Parameter</th>
    </tr>
  </thead>
  <tbody>
    <tr>
      <td colspan=""2"">8. Sizing of Stormwater Sump Pump</td>
    </tr>
    <tr>
      <td>i. Pump Flow</td>
      <td>Min. 1.1 x design inflow but min. 5 l/sec per pump</td>
    </tr>
    <tr>
      <td>ii. No. of Pumps</td>
      <td>100% capacity standby (2 duty + 1 standby; each 100% capacity; Assumed 2 duty pumps failure)</td>
    </tr>
    <tr>
      <td>iii. No. of Cycles</td>
      <td>Not more than 4 no. per hour</td>
    </tr>
    <tr>
      <td colspan=""2"">B. Waste Water Disposal System</td>
    </tr>
    <tr>
      <td colspan=""2"">1. Discharge Flow</td>
    </tr>
    <tr>
      <td>i. Normal Discharge Flow to Floor Drain/ Channel</td>
      <td>0.3 l/sec (1 no. cleansing point)</td>
    </tr>
    <tr>
      <td>ii. Fire Discharge Flow to Floor Drain/ Channel<br>(Applicable to A16 Station and Trackside)</td>
      <td>22.5 l/sec (3 no. fire hydrants)</td>
    </tr>
    <tr>
      <td>iii. Concession Sink (Discharge Units (DU) as per Table 5, Pg 112 in PESD Guide, published by IOP)</td>
      <td>1.3 DU (l/sec)</td>
    </tr>
    <tr>
      <td colspan=""2"">2. Sizing of Waste Water Sump Pit</td>
    </tr>
    <tr>
      <td>i. Effective Volume</td>
      <td>To cater for the normal inflows but not less 5 minutes of fire hydrant test flow and 1hr. of seepage rate<br><br>i.e. Effective volume (m<sup>3</sup>) = {5 min. x 22.5l/sec} + {1hr. of seepage flow} (if the sump pit also for collection of trackside seepage water) = 6.75m<sup>3</sup> + Seepage flow;<br><br>However, it shall be sufficient for pump continuous operation not less than 5minutes and not more than 4 on/ off cycles per hour</td>
    </tr>
    <tr>
      <td>ii. Emergency Storage</td>
      <td>To cater for the emergency inflows:<br><br>i.e. Emergency storage (m<sup>3</sup>) = assumed 4 hrs of half cleansing water flow due to failure/not closed (0.15l/sec) (i.e. tunnel sump/Station cleansing point) + 4 hrs trackside washdown (i.e. the washing water flow for the longest served tunnel at 25m<sup>3</sup>/km/ hr but not more than 25m<sup>3</sup>) * 4 hrs seepage<br><br>* Since the water tank for tunnel washing is not more than 25m<sup>3</sup>, the water consumption for each time of tunnel washing is assumed not exceeding 25m<sup>3</sup>.</td>
    </tr>
    <tr>
      <td>iii. Diversity</td>
      <td>Where a waste water sump pit has been designed for collecting both Station and trackside waste water in the event of a ""SINGLE FIRE"" and ""SINGLE TRACK WASHDOWN"" occurring simultaneously has been considered. Therefore, the max. flow from operation of 3 no. fire hydrants plus washdown in the longest tunnel will be considered in the calculations.</td>
    </tr>
  </tbody>
</table>","<table>
  <thead>
    <tr>
      <th>System</th>
      <th>Parameter</th>
    </tr>
  </thead>
  <tbody>
    <tr>
      <td colspan=""2"">8. Sizing of Stormwater Sump Pump</td>
    </tr>
    <tr>
      <td>i. Pump Flow</td>
      <td>Min. 1.1 x design inflow but min. 5 l/sec per pump</td>
    </tr>
    <tr>
      <td>ii. No. of Pumps</td>
      <td>100% capacity standby (2 duty + 1 standby; each 100% capacity; Assumed 2 duty pumps failure)</td>
    </tr>
    <tr>
      <td>iii. No. of Cycles</td>
      <td>Not more than 4 no. per hour</td>
    </tr>
    <tr>
      <td colspan=""2"">B. Waste Water Disposal System</td>
    </tr>
    <tr>
      <td colspan=""2"">1. Discharge Flow</td>
    </tr>
    <tr>
      <td>i. Normal Discharge Flow to Floor Drain/ Channel</td>
      <td>0.3 l/sec (1 no. cleansing point)</td>
    </tr>
    <tr>
      <td>ii. Fire Discharge Flow to Floor Drain/ Channel<br>(Applicable to A16 Station and Trackside)</td>
      <td>22.5 l/sec (3 no. fire hydrants)</td>
    </tr>
    <tr>
      <td>iii. Concession Sink (Discharge Units (DU) as per Table 5, Pg 112 in PESD Guide, published by IOP)</td>
      <td>1.3 DU (l/sec)</td>
    </tr>
    <tr>
      <td colspan=""2"">2. Sizing of Waste Water Sump Pit</td>
    </tr>
    <tr>
      <td>i. Effective Volume</td>
      <td>To cater for the normal inflows but not less 5 minutes of fire hydrant test flow and 1hr. of seepage rate<br><br>i.e. Effective volume (m<sup>3</sup>) = {5 min. x 22.5l/sec} + {1hr. of seepage flow} (if the sump pit also for collection of trackside seepage water) = 6.75m<sup>3</sup> + Seepage flow;<br><br>However, it shall be sufficient for pump continuous operation not less than 5minutes and not more than 4 on/ off cycles per hour</td>
    </tr>
    <tr>
      <td>ii. Emergency Storage</td>
      <td>To cater for the emergency inflows:<br><br>i.e. Emergency storage (m<sup>3</sup>) = assumed 4 hrs of half cleansing water flow due to failure/not closed (0.15l/sec) (i.e. tunnel sump/Station cleansing point) + 4 hrs trackside washdown (i.e. the washing water flow for the longest served tunnel at 25m<sup>3</sup>/km/ hr but not more than 25m<sup>3</sup>) * 4 hrs seepage<br><br>* Since the water tank for tunnel washing is not more than 25m<sup>3</sup>, the water consumption for each time of tunnel washing is assumed not exceeding 25m<sup>3</sup>.</td>
    </tr>
    <tr>
      <td>iii. Diversity</td>
      <td>Where a waste water sump pit has been designed for collecting both Station and trackside waste water in the event of a ""SINGLE FIRE"" and ""SINGLE TRACK WASHDOWN"" occurring simultaneously has been considered. Therefore, the max. flow from operation of 3 no. fire hydrants plus washdown in the longest tunnel will be considered in the calculations.</td>
    </tr>
  </tbody>
</table>","|                                                                                                     |                                                                                                                                                                                                                                                                                                                                                                                                                                                                                                    |
|-----------------------------------------------------------------------------------------------------|----------------------------------------------------------------------------------------------------------------------------------------------------------------------------------------------------------------------------------------------------------------------------------------------------------------------------------------------------------------------------------------------------------------------------------------------------------------------------------------------------|
| System                                                                                              | Parameter                                                                                                                                                                                                                                                                                                                                                                                                                                                                                          |
| 8\. Sizing of Stormwater Sump Pump                                                                  |                                                                                                                                                                                                                                                                                                                                                                                                                                                                                                    |
| i\. Pump Flow                                                                                       | Min. 1.1 x design inflow but min. 5 l/sec per pump                                                                                                                                                                                                                                                                                                                                                                                                                                                 |
| ii\. No. of Pumps                                                                                   | 100% capacity standby (2 duty + 1 standby; each 100% capacity; Assumed 2 duty pumps failure)                                                                                                                                                                                                                                                                                                                                                                                                       |
| iii\. No. of Cycles                                                                                 | Not more than 4 no. per hour                                                                                                                                                                                                                                                                                                                                                                                                                                                                       |
| B. Waste Water Disposal System                                                                      |                                                                                                                                                                                                                                                                                                                                                                                                                                                                                                    |
| 1\. Discharge Flow                                                                                  |                                                                                                                                                                                                                                                                                                                                                                                                                                                                                                    |
| i\. Normal Discharge Flow to Floor Drain/ Channel                                                   | 0.3 l/sec (1 no. cleansing point)                                                                                                                                                                                                                                                                                                                                                                                                                                                                  |
| ii\. Fire Discharge Flow to Floor Drain/ Channel (Applicable to A16 Station and Trackside)          | 22.5 l/sec (3 no. fire hydrants)                                                                                                                                                                                                                                                                                                                                                                                                                                                                   |
| iii\. Concession Sink (Discharge Units (DU) as per Table 5, Pg 112 in PESD Guide, published by IOP) | 1.3 DU (l/sec)                                                                                                                                                                                                                                                                                                                                                                                                                                                                                     |
| 2\. Sizing of Waste Water Sump Pit                                                                  |                                                                                                                                                                                                                                                                                                                                                                                                                                                                                                    |
| i\. Effective Volume                                                                                | To cater for the normal inflows but not less 5 minutes of fire hydrant test flow and 1hr. of seepage rate i.e. Effective volume (m3) = {5 min. x 22.5l/sec} + {1hr. of seepage flow} (if the sump pit also for collection of trackside seepage water) = 6.75m3 + Seepage flow; However, it shall be sufficient for pump continuous operation not less than 5minutes and not more than 4 on/ off cycles per hour                                                                                    |
| ii\. Emergency Storage                                                                              | To cater for the emergency inflows: i.e. Emergency storage (m3) = assumed 4 hrs of half cleansing water flow due to failure/not closed (0.15l/sec) (i.e. tunnel sump/Station cleansing point) + 4 hrs trackside washdown (i.e. the washing water flow for the longest served tunnel at 25m3/km/ hr but not more than 25m3) \* 4 hrs seepage \* Since the water tank for tunnel washing is not more than 25m3, the water consumption for each time of tunnel washing is assumed not exceeding 25m3. |
| iii\. Diversity                                                                                     | Where a waste water sump pit has been designed for collecting both Station and trackside waste water in the event of a ""SINGLE FIRE"" and ""SINGLE TRACK WASHDOWN"" occurring simultaneously has been considered. Therefore, the max. flow from operation of 3 no. fire hydrants plus washdown in the longest tunnel will be considered in the calculations.                                                                                                                                          |",https://storage.googleapis.com/chunkr-prod-bucket/b1e41788-2d6e-4f8e-ad16-2e39fb334c57/5d9ffc1b-8d78-44ef-813d-5174c6bbebed/images/D47VRM7.jpg?x-id=GetObject&response-content-disposition=inline&response-content-encoding=utf-8&response-content-type=image%2Fjpeg&X-Amz-Algorithm=AWS4-HMAC-SHA256&X-Amz-Credential=GOOG1EBMQ2D33SPB3VQ4MMVJEKXWQFNK5WS57JRFVYUSD3ZCA76OC3B74IG7C%2F20260119%2Fus-east-1%2Fs3%2Faws4_request&X-Amz-Date=20260119T145120Z&X-Amz-Expires=3600&X-Amz-SignedHeaders=host&X-Amz-Signature=1b6d7fdd4dbc70fe3e3898dec8222ce159aefe599aee9c8b77de35ea1c4d8c5a,1354.6512,178.8912,881.92786,1380.5856
e9c37d7e-81af-43a4-acb5-ce20312dbc98,11,O3yR06v,PageFooter,28,Rev. A,"<div class=""page-footer"">Rev. A</div>",Rev. A,,142.056,1601.4384,59.198395,18.763306
e9c37d7e-81af-43a4-acb5-ce20312dbc98,12,Uuj6G-0,PageFooter,28,Page 19,"<div class=""page-footer"">Page 19</div>",Page 19,,1151.6832,1601.208,72.92163,21.211182
e9c37d7e-81af-43a4-acb5-ce20312dbc98,13,jH9YctG,PageFooter,28,January 2023,"<div class=""page-footer"">January 2023</div>",January 2023,,2111.6304,1600.8192,123.16333,21.657593
e9c37d7e-81af-43a4-acb5-ce20312dbc98,14,L8WRBuO,Text,29,AECOM,<p>AECOM</p>,AECOM,,140.3136,50.2272,163.2384,41.212803
e9c37d7e-81af-43a4-acb5-ce20312dbc98,15,zSld5zQ,Table,29,"<table>
  <thead>
    <tr>
      <th>System</th>
      <th>Parameter</th>
    </tr>
  </thead>
  <tbody>
    <tr>
      <td colspan=""2"">3. Sizing of Waste Water Sump Pump</td>
    </tr>
    <tr>
      <td>i. Pump Flow</td>
      <td>Min. 1.1 times the design inflow but min. 5l/sec per pump</td>
    </tr>
    <tr>
      <td>ii. No. of Pumps</td>
      <td>100% capacity standby (2 duty + 1 standby; each 50% capacity; Assumed 1 duty pump failure only)</td>
    </tr>
    <tr>
      <td>iii. No. of Cycles</td>
      <td>Not more than 4 no per hour</td>
    </tr>
    <tr>
      <td colspan=""2"">4. Sizing of Oil Interceptor</td>
    </tr>
    <tr>
      <td>i. Size</td>
      <td>Based on retention time of 20 minutes and EPD ProPECC PN5/93 for petrol interceptor.</td>
    </tr>
    <tr>
      <td colspan=""2"">C. Foul Water Disposal System</td>
    </tr>
    <tr>
      <td colspan=""2"">1. Discharge Flows (Discharge Units (DU) as per Table 5, Pg 112 in PESD Guide, published by IOP)</td>
    </tr>
    <tr>
      <td>i. Basin</td>
      <td>0.3 DU (l/sec)</td>
    </tr>
    <tr>
      <td>ii. Waster Closet</td>
      <td>1.8 DU (l/sec)</td>
    </tr>
    <tr>
      <td>iii. Urinal</td>
      <td>0.4 DU (l/sec)</td>
    </tr>
    <tr>
      <td>iv. Cleaner Sink</td>
      <td>0.3 DU (l/sec)</td>
    </tr>
    <tr>
      <td>v. Shower</td>
      <td>0.4 DU (l/sec)</td>
    </tr>
    <tr>
      <td>vi. Diversity for Total Flow</td>
      <td>Flow rate = Square Root (Sum of discharge flows from sanitary fitment) x Diversity (assumed = 1.0 for public toilet and 0.7 for staff toilet)</td>
    </tr>
    <tr>
      <td colspan=""2"">D. Drainage Pipework</td>
    </tr>
    <tr>
      <td rowspan=""6"">1. Gradient</td>
      <td>All drainage pipe gradients are shown as follows: (Unless otherwise specified)</td>
    </tr>
    <tr>
      <td>Pipe dia. (mm) Min. Gradient</td>
    </tr>
    <tr>
      <td>100 and below 1: 40</td>
    </tr>
    <tr>
      <td>150 1:70</td>
    </tr>
    <tr>
      <td>225 1:100</td>
    </tr>
    <tr>
      <td>Above 300 1:150</td>
    </tr>
    <tr>
      <td rowspan=""2"">2. Gradient for Siphonic Pipe</td>
      <td>Pipe dia. (mm) Min. Gradient</td>
    </tr>
    <tr>
      <td>ALL 1: 500</td>
    </tr>
  </tbody>
</table>","<table>
  <thead>
    <tr>
      <th>System</th>
      <th>Parameter</th>
    </tr>
  </thead>
  <tbody>
    <tr>
      <td colspan=""2"">3. Sizing of Waste Water Sump Pump</td>
    </tr>
    <tr>
      <td>i. Pump Flow</td>
      <td>Min. 1.1 times the design inflow but min. 5l/sec per pump</td>
    </tr>
    <tr>
      <td>ii. No. of Pumps</td>
      <td>100% capacity standby (2 duty + 1 standby; each 50% capacity; Assumed 1 duty pump failure only)</td>
    </tr>
    <tr>
      <td>iii. No. of Cycles</td>
      <td>Not more than 4 no per hour</td>
    </tr>
    <tr>
      <td colspan=""2"">4. Sizing of Oil Interceptor</td>
    </tr>
    <tr>
      <td>i. Size</td>
      <td>Based on retention time of 20 minutes and EPD ProPECC PN5/93 for petrol interceptor.</td>
    </tr>
    <tr>
      <td colspan=""2"">C. Foul Water Disposal System</td>
    </tr>
    <tr>
      <td colspan=""2"">1. Discharge Flows (Discharge Units (DU) as per Table 5, Pg 112 in PESD Guide, published by IOP)</td>
    </tr>
    <tr>
      <td>i. Basin</td>
      <td>0.3 DU (l/sec)</td>
    </tr>
    <tr>
      <td>ii. Waster Closet</td>
      <td>1.8 DU (l/sec)</td>
    </tr>
    <tr>
      <td>iii. Urinal</td>
      <td>0.4 DU (l/sec)</td>
    </tr>
    <tr>
      <td>iv. Cleaner Sink</td>
      <td>0.3 DU (l/sec)</td>
    </tr>
    <tr>
      <td>v. Shower</td>
      <td>0.4 DU (l/sec)</td>
    </tr>
    <tr>
      <td>vi. Diversity for Total Flow</td>
      <td>Flow rate = Square Root (Sum of discharge flows from sanitary fitment) x Diversity (assumed = 1.0 for public toilet and 0.7 for staff toilet)</td>
    </tr>
    <tr>
      <td colspan=""2"">D. Drainage Pipework</td>
    </tr>
    <tr>
      <td rowspan=""6"">1. Gradient</td>
      <td>All drainage pipe gradients are shown as follows: (Unless otherwise specified)</td>
    </tr>
    <tr>
      <td>Pipe dia. (mm) Min. Gradient</td>
    </tr>
    <tr>
      <td>100 and below 1: 40</td>
    </tr>
    <tr>
      <td>150 1:70</td>
    </tr>
    <tr>
      <td>225 1:100</td>
    </tr>
    <tr>
      <td>Above 300 1:150</td>
    </tr>
    <tr>
      <td rowspan=""2"">2. Gradient for Siphonic Pipe</td>
      <td>Pipe dia. (mm) Min. Gradient</td>
    </tr>
    <tr>
      <td>ALL 1: 500</td>
    </tr>
  </tbody>
</table>","|                                                                                                   |                                                                                                                                               |
|---------------------------------------------------------------------------------------------------|-----------------------------------------------------------------------------------------------------------------------------------------------|
| System                                                                                            | Parameter                                                                                                                                     |
| 3\. Sizing of Waste Water Sump Pump                                                               |                                                                                                                                               |
| i\. Pump Flow                                                                                     | Min. 1.1 times the design inflow but min. 5l/sec per pump                                                                                     |
| ii\. No. of Pumps                                                                                 | 100% capacity standby (2 duty + 1 standby; each 50% capacity; Assumed 1 duty pump failure only)                                               |
| iii\. No. of Cycles                                                                               | Not more than 4 no per hour                                                                                                                   |
| 4\. Sizing of Oil Interceptor                                                                     |                                                                                                                                               |
| i\. Size                                                                                          | Based on retention time of 20 minutes and EPD ProPECC PN5/93 for petrol interceptor.                                                          |
| C. Foul Water Disposal System                                                                     |                                                                                                                                               |
| 1\. Discharge Flows (Discharge Units (DU) as per Table 5, Pg 112 in PESD Guide, published by IOP) |                                                                                                                                               |
| i\. Basin                                                                                         | 0.3 DU (l/sec)                                                                                                                                |
| ii\. Waster Closet                                                                                | 1.8 DU (l/sec)                                                                                                                                |
| iii\. Urinal                                                                                      | 0.4 DU (l/sec)                                                                                                                                |
| iv\. Cleaner Sink                                                                                 | 0.3 DU ( l/sec)                                                                                                                               |
| v\. Shower                                                                                        | 0.4 DU ( l/sec)                                                                                                                               |
| vi\. Diversity for Total Flow                                                                     | Flow rate = Square Root (Sum of discharge flows from sanitary fitment) x Diversity (assumed = 1.0 for public toilet and 0.7 for staff toilet) |
| D. Drainage Pipework                                                                              |                                                                                                                                               |
| 1\. Gradient                                                                                      | All drainage pipe gradients are shown as follows: (Unless otherwise specified)                                                                |
|                                                                                                   | Pipe dia. (mm) Min. Gradient                                                                                                                  |
|                                                                                                   | 100 and below 1:40                                                                                                                            |
|                                                                                                   | 150 1:70                                                                                                                                      |
|                                                                                                   | 225 1:100                                                                                                                                     |
|                                                                                                   | Above 300 1:150                                                                                                                               |
| 2\. Gradient for Siphonic Pipe                                                                    | Pipe dia. (mm) Min. Gradient ALL 1: 500                                                                                                       |",https://storage.googleapis.com/chunkr-prod-bucket/b1e41788-2d6e-4f8e-ad16-2e39fb334c57/5d9ffc1b-8d78-44ef-813d-5174c6bbebed/images/zSld5zQ.jpg?x-id=GetObject&response-content-disposition=inline&response-content-encoding=utf-8&response-content-type=image%2Fjpeg&X-Amz-Algorithm=AWS4-HMAC-SHA256&X-Amz-Credential=GOOG1EBMQ2D33SPB3VQ4MMVJEKXWQFNK5WS57JRFVYUSD3ZCA76OC3B74IG7C%2F20260119%2Fus-east-1%2Fs3%2Faws4_request&X-Amz-Date=20260119T145120Z&X-Amz-Expires=3600&X-Amz-SignedHeaders=host&X-Amz-Signature=110b54f9ef00fe124f93a4a58dc71edc062c7bf0c421ef1fcc095a50a24b43c0,274.2048,180.5328,877.9824,1363.8672
e9c37d7e-81af-43a4-acb5-ce20312dbc98,16,3tMAK0t,Text,29,Consultancy Agreement No. C1501 Design Services for Tuen Ma Extension 2.4C A16 Reference Design Building Services Design Final Report with Federated Design Model and Drawings,<p>Consultancy Agreement No. C1501 Design Services for Tuen Ma Extension 2.4C A16 Reference Design Building Services Design Final Report with Federated Design Model and Drawings</p>,Consultancy Agreement No. C1501 Design Services for Tuen Ma Extension 2.4C A16 Reference Design Building Services Design Final Report with Federated Design Model and Drawings,,1259.4384,58.6656,978.03357,79.79039
e9c37d7e-81af-43a4-acb5-ce20312dbc98,17,jT_kVf9,Table,29,"<table>
  <thead>
    <tr>
      <th>System</th>
      <th>Parameter</th>
    </tr>
  </thead>
  <tbody>
    <tr>
      <td>3. Self-Cleansing Velocity</td>
      <td>1 m/sec and above</td>
    </tr>
    <tr>
      <td>4. Pumped Pipe Velocity</td>
      <td>1 m/sec to 2 m/sec</td>
    </tr>
    <tr>
      <td>5. Siphonic Pipe Velocity</td>
      <td>3 m/sec to 6 m/sec</td>
    </tr>
    <tr>
      <td>6. Decompressed Siphonic Pipe Velocity</td>
      <td>Not exceed 3 m/sec</td>
    </tr>
  </tbody>
</table>","<table>
  <thead>
    <tr>
      <th>System</th>
      <th>Parameter</th>
    </tr>
  </thead>
  <tbody>
    <tr>
      <td>3. Self-Cleansing Velocity</td>
      <td>1 m/sec and above</td>
    </tr>
    <tr>
      <td>4. Pumped Pipe Velocity</td>
      <td>1 m/sec to 2 m/sec</td>
    </tr>
    <tr>
      <td>5. Siphonic Pipe Velocity</td>
      <td>3 m/sec to 6 m/sec</td>
    </tr>
    <tr>
      <td>6. Decompressed Siphonic Pipe Velocity</td>
      <td>Not exceed 3 m/sec</td>
    </tr>
  </tbody>
</table>","|                                         |                    |
|-----------------------------------------|--------------------|
| System                                  | Parameter          |
| 3\. Self-Cleansing Velocity             | 1 m/sec and above  |
| 4\. Pumped Pipe Velocity                | 1 m/sec to 2 m/sec |
| 5\. Siphonic Pipe Velocity              | 3 m/sec to 6 m/sec |
| 6\. Decompressed Siphonic Pipe Velocity | Not exceed 3 m/sec |",https://storage.googleapis.com/chunkr-prod-bucket/b1e41788-2d6e-4f8e-ad16-2e39fb334c57/5d9ffc1b-8d78-44ef-813d-5174c6bbebed/images/jT_kVf9.jpg?x-id=GetObject&response-content-disposition=inline&response-content-encoding=utf-8&response-content-type=image%2Fjpeg&X-Amz-Algorithm=AWS4-HMAC-SHA256&X-Amz-Credential=GOOG1EBMQ2D33SPB3VQ4MMVJEKXWQFNK5WS57JRFVYUSD3ZCA76OC3B74IG7C%2F20260119%2Fus-east-1%2Fs3%2Faws4_request&X-Amz-Date=20260119T145120Z&X-Amz-Expires=3600&X-Amz-SignedHeaders=host&X-Amz-Signature=7c0b96588127d2f47fbfd5e415c51cba531e7fab817ba9e4ff4640b0c14e4336,1355.8608,179.64,880.48804,246.96
cc141fd3-b3dc-447b-843e-dad62134d89a,0,3TmVaZk,SectionHeader,29,## 3.5 Electrical Services (ES),<h2>3.5 Electrical Services (ES)</h2>,## 3.5 Electrical Services (ES),,1223.8271,452.736,330.60962,26.654419
cc141fd3-b3dc-447b-843e-dad62134d89a,1,dEPs3hk,SectionHeader,29,## 3.5.1,<h2>3.5.1</h2>,## 3.5.1,,1223.8271,508.1904,46.6416,20.24643
cc141fd3-b3dc-447b-843e-dad62134d89a,2,0TllPbz,SectionHeader,29,## Design Objectives,<h2>Design Objectives</h2>,## Design Objectives,,1332.288,507.7008,161.20801,23.054382
cc141fd3-b3dc-447b-843e-dad62134d89a,3,c7wj8Y0,SectionHeader,29,## (a),<h2>(a)</h2>,## (a),,1224.2736,557.9712,25.603271,24.249634
cc141fd3-b3dc-447b-843e-dad62134d89a,4,JNBYAEd,Text,29,The key objectives of the electrical system design are to:,<p>The key objectives of the electrical system design are to:</p>,The key objectives of the electrical system design are to:,,1330.4016,557.4528,507.55676,25.372803
cc141fd3-b3dc-447b-843e-dad62134d89a,5,AwcOzlJ,Text,29,. To ensure a sufficient and high security electrical power supply for the A16 Station and MTR Systemwide E&M systems,<p>. To ensure a sufficient and high security electrical power supply for the A16 Station and MTR Systemwide E&M systems</p>,. To ensure a sufficient and high security electrical power supply for the A16 Station and MTR Systemwide E&M systems,,1332.8784,599.184,904.9392,51.897583
cc141fd3-b3dc-447b-843e-dad62134d89a,6,YOx0iUL,Text,29,. To provide adequate illumination within the Station premises and along the evacuation path for the passengers and staff during the normal operation period and in the event of an emergency condition,<p>. To provide adequate illumination within the Station premises and along the evacuation path for the passengers and staff during the normal operation period and in the event of an emergency condition</p>,. To provide adequate illumination within the Station premises and along the evacuation path for the passengers and staff during the normal operation period and in the event of an emergency condition,,1332.9216,666.0144,905.3999,76.13281
cc141fd3-b3dc-447b-843e-dad62134d89a,7,l2V2MGU,Text,29,· To achieve an energy efficient electrical design,<p>· To achieve an energy efficient electrical design</p>,· To achieve an energy efficient electrical design,,1333.512,761.472,454.16162,22.63684
cc141fd3-b3dc-447b-843e-dad62134d89a,8,boho2DU,Text,29,. To maximize the reliability and maintainability of the system,<p>. To maximize the reliability and maintainability of the system</p>,. To maximize the reliability and maintainability of the system,,1333.08,801.648,575.9137,22.694397
cc141fd3-b3dc-447b-843e-dad62134d89a,9,HhQUZ8B,Text,29,". To ensure a high standard of quality and safety for installation, operation and maintenance","<p>. To ensure a high standard of quality and safety for installation, operation and maintenance</p>",". To ensure a high standard of quality and safety for installation, operation and maintenance",,1333.3392,840.384,851.14075,23.961609
5522e16b-255b-4a1c-95c9-bbd41b897c0c,0,4kgjylM,SectionHeader,29,## 3.5.2 Design Standards,<h2>3.5.2 Design Standards</h2>,## 3.5.2 Design Standards,,1223.7264,891.3456,265.5072,23.227234
5522e16b-255b-4a1c-95c9-bbd41b897c0c,1,e9WlzZ4,Text,29,"(a) All material, equipment and installation works forming the electrical installation will be designed to comply with:","<p>(a) All material, equipment and installation works forming the electrical installation will be designed to comply with:</p>","(a) All material, equipment and installation works forming the electrical installation will be designed to comply with:",,1224.576,941.3712,1012.1903,51.71039
5522e16b-255b-4a1c-95c9-bbd41b897c0c,2,8D-v4_0,Text,29,. MTR - Design Standards Manual for New Works and Major Asset Replacement Works (NW&MARWDSM) - Sections 7 Electrical and Mechanical Systems (Revision A2),<p>. MTR - Design Standards Manual for New Works and Major Asset Replacement Works (NW&MARWDSM) - Sections 7 Electrical and Mechanical Systems (Revision A2)</p>,. MTR - Design Standards Manual for New Works and Major Asset Replacement Works (NW&MARWDSM) - Sections 7 Electrical and Mechanical Systems (Revision A2),,1333.2672,1010.7216,904.62244,51.148743
5522e16b-255b-4a1c-95c9-bbd41b897c0c,3,OCt5hKl,Text,29,· MTR - Materials and Workmanship Specifications for Building Services,<p>· MTR - Materials and Workmanship Specifications for Building Services</p>,· MTR - Materials and Workmanship Specifications for Building Services,,1332.8496,1077.9552,667.51196,23.702393
5522e16b-255b-4a1c-95c9-bbd41b897c0c,4,bqQfDxm,Text,29,. BS 7671 Requirements for Electrical Installations. IET Wiring Regulations,<p>. BS 7671 Requirements for Electrical Installations. IET Wiring Regulations</p>,. BS 7671 Requirements for Electrical Installations. IET Wiring Regulations,,1333.1088,1117.728,682.2721,23.817627
5522e16b-255b-4a1c-95c9-bbd41b897c0c,5,1WVpEOM,Text,29,· BS 7430:2011+A1:2015 Code of Practice for Protective Earthing of Electrical Installations,<p>· BS 7430:2011+A1:2015 Code of Practice for Protective Earthing of Electrical Installations</p>,· BS 7430:2011+A1:2015 Code of Practice for Protective Earthing of Electrical Installations,,1332.9937,1158.048,826.0991,23.299194
5522e16b-255b-4a1c-95c9-bbd41b897c0c,6,5KRJSeO,Text,29,· French Standard NF C 17-102 Protection against lightning,<p>· French Standard NF C 17-102 Protection against lightning</p>,· French Standard NF C 17-102 Protection against lightning,,1333.6272,1197.864,548.28,23.889526
5522e16b-255b-4a1c-95c9-bbd41b897c0c,7,EKXCgGv,Text,29,· BS 5266 - Emergency Lighting,<p>· BS 5266 - Emergency Lighting</p>,· BS 5266 - Emergency Lighting,,1333.5408,1238.7744,304.89124,23.328003
5522e16b-255b-4a1c-95c9-bbd41b897c0c,8,e4NDkOC,Text,29,· Chartered Institution of Building Services Engineers (CIBSE UK) Lighting Guides,<p>· Chartered Institution of Building Services Engineers (CIBSE UK) Lighting Guides</p>,· Chartered Institution of Building Services Engineers (CIBSE UK) Lighting Guides,,1332.4608,1277.6256,738.1151,24.278442
5522e16b-255b-4a1c-95c9-bbd41b897c0c,9,YEpikyf,Text,29,· IEEE Std 80-2013 - IEEE Guide for Safety in AC Substation Grounding,<p>· IEEE Std 80-2013 - IEEE Guide for Safety in AC Substation Grounding</p>,· IEEE Std 80-2013 - IEEE Guide for Safety in AC Substation Grounding,,1332.936,1317.6864,643.5216,23.472046
5522e16b-255b-4a1c-95c9-bbd41b897c0c,10,18t7a-7,Text,29,". Code of Practice for the Electricity (Wiring) Regulations, 2020 Edition, issued by the Electrical and Mechanical Services Department","<p>. Code of Practice for the Electricity (Wiring) Regulations, 2020 Edition, issued by the Electrical and Mechanical Services Department</p>",". Code of Practice for the Electricity (Wiring) Regulations, 2020 Edition, issued by the Electrical and Mechanical Services Department",,1332.6335,1357.0848,905.45776,51.1344
5522e16b-255b-4a1c-95c9-bbd41b897c0c,11,LXhl8oS,Text,29,". Code of Practice for Energy Efficiency of Building Services Installation, 2021 Edition, issued by the Electrical and Mechanical Services Department (EMSD), Hong Kong","<p>. Code of Practice for Energy Efficiency of Building Services Installation, 2021 Edition, issued by the Electrical and Mechanical Services Department (EMSD), Hong Kong</p>",". Code of Practice for Energy Efficiency of Building Services Installation, 2021 Edition, issued by the Electrical and Mechanical Services Department (EMSD), Hong Kong",,1332.432,1424.1312,905.52966,51.98401
5522e16b-255b-4a1c-95c9-bbd41b897c0c,12,JNXIZn7,Text,29,". Codes of Practice for Minimum Fire Service Installations and Equipment and Inspection, Testing and Maintenance of Installations and Equipment, 2012 Edition, issued by the Fire Services Department (FSD), Hong Kong","<p>. Codes of Practice for Minimum Fire Service Installations and Equipment and Inspection, Testing and Maintenance of Installations and Equipment, 2012 Edition, issued by the Fire Services Department (FSD), Hong Kong</p>",". Codes of Practice for Minimum Fire Service Installations and Equipment and Inspection, Testing and Maintenance of Installations and Equipment, 2012 Edition, issued by the Fire Services Department (FSD), Hong Kong",,1332.36,1491.4368,906.26404,78.03369
5522e16b-255b-4a1c-95c9-bbd41b897c0c,13,b2CwDqE,PageFooter,29,Rev. A,"<div class=""page-footer"">Rev. A</div>",Rev. A,,142.056,1601.3809,59.1696,18.8927
5522e16b-255b-4a1c-95c9-bbd41b897c0c,14,BZCqrmM,PageFooter,29,Page 20,"<div class=""page-footer"">Page 20</div>",Page 20,,1151.8704,1601.2368,72.99365,21.283203
5522e16b-255b-4a1c-95c9-bbd41b897c0c,15,LHTQxnC,PageFooter,29,January 2023,"<div class=""page-footer"">January 2023</div>",January 2023,,2111.76,1600.7616,122.93286,21.945557
5522e16b-255b-4a1c-95c9-bbd41b897c0c,16,kJWrpFb,Text,30,AECOM,<p>AECOM</p>,AECOM,,140.184,50.0544,163.3968,41.342396
5522e16b-255b-4a1c-95c9-bbd41b897c0c,17,5Tkttet,PageHeader,30,Consultancy Agreement No. C1501 Design Services for Tuen Ma Extension 2.4C A16 Reference Design Building Services Design Final Report with Federated Design Model and Drawings,"<div class=""page-header"">Consultancy Agreement No. C1501 Design Services for Tuen Ma Extension 2.4C A16 Reference Design Building Services Design Final Report with Federated Design Model and Drawings</div>",Consultancy Agreement No. C1501 Design Services for Tuen Ma Extension 2.4C A16 Reference Design Building Services Design Final Report with Federated Design Model and Drawings,,1259.208,58.968,978.1919,79.1712
5522e16b-255b-4a1c-95c9-bbd41b897c0c,18,Q6u_ogf,Text,30,"· Guidelines on Formulation of Fire Safety Requirements for New Railway Infrastructures October 2016 Edition issued by the Fire Services Department (FSD), Hong Kong","<p>· Guidelines on Formulation of Fire Safety Requirements for New Railway Infrastructures October 2016 Edition issued by the Fire Services Department (FSD), Hong Kong</p>","· Guidelines on Formulation of Fire Safety Requirements for New Railway Infrastructures October 2016 Edition issued by the Fire Services Department (FSD), Hong Kong",,250.7184,185.2848,904.79517,51.479996
5522e16b-255b-4a1c-95c9-bbd41b897c0c,19,a0rU3tW,Text,30,"· FSD Circular Letters issued by the Fire Services Department (FSD), Hong Kong","<p>· FSD Circular Letters issued by the Fire Services Department (FSD), Hong Kong</p>","· FSD Circular Letters issued by the Fire Services Department (FSD), Hong Kong",,251.2512,251.2512,725.39996,25.459183
5522e16b-255b-4a1c-95c9-bbd41b897c0c,20,gObMu2K,Text,30,· CLP - Code of Practice 101 for Distribution Substation Design Version 15.0,<p>· CLP - Code of Practice 101 for Distribution Substation Design Version 15.0</p>,· CLP - Code of Practice 101 for Distribution Substation Design Version 15.0,,251.1504,292.7952,694.6848,22.593597
5522e16b-255b-4a1c-95c9-bbd41b897c0c,21,4_GnTVC,Text,30,· Supply Rules of CLP Power Hong Kong Limited,<p>· Supply Rules of CLP Power Hong Kong Limited</p>,· Supply Rules of CLP Power Hong Kong Limited,,250.9632,332.7696,447.7968,23.644806
291a2655-93c6-4055-8403-8f13a4ea158e,0,j_gkoIy,SectionHeader,30,## 3.5.3 Design Criteria and Parameters,<h2>3.5.3 Design Criteria and Parameters</h2>,## 3.5.3 Design Criteria and Parameters,,142.0272,382.968,388.97278,23.572815
291a2655-93c6-4055-8403-8f13a4ea158e,1,RRWVQqn,Text,30,(a) The key design criteria and parameters used within the electrical services design are given in the following sections and tables.,<p>(a) The key design criteria and parameters used within the electrical services design are given in the following sections and tables.</p>,(a) The key design criteria and parameters used within the electrical services design are given in the following sections and tables.,,142.5024,433.0512,1012.5649,51.78238
291a2655-93c6-4055-8403-8f13a4ea158e,2,YXlTLg4,Caption,30,Table 3.19: Electrical Services Design Parameters,"<span class=""caption"">Table 3.19: Electrical Services Design Parameters</span>",Table 3.19: Electrical Services Design Parameters,,248.7456,504.5616,448.7472,24.609589
291a2655-93c6-4055-8403-8f13a4ea158e,3,WtvkZjU,Table,30,"<table>
  <thead>
    <tr>
      <th>System</th>
      <th>Item</th>
      <th>Source</th>
    </tr>
  </thead>
  <tbody>
    <tr>
      <td>Power Supply System</td>
      <td>- Dual source supply arrangement (A transformer pair fed from different CLP's primary substation)</td>
      <td>Code of Practice 101 for Distribution Substation Design Version 15.0</td>
    </tr>
    <tr>
      <td rowspan=""4"">Lower Voltage Power Supply</td>
      <td>- Essential load</td>
      <td rowspan=""4"">NW&MARWDSM Section 7.8.2.10</td>
    </tr>
    <tr>
      <td>- Non-essential load</td>
    </tr>
    <tr>
      <td>- Critical load</td>
    </tr>
    <tr>
      <td>- 10% additional capacity</td>
    </tr>
    <tr>
      <td rowspan=""3"">Low Voltage Main Switchboard / Protection</td>
      <td>- Protection of LV main switchboard</td>
      <td rowspan=""3"">NW&MARWDSM Section 7.8.2.10.2</td>
    </tr>
    <tr>
      <td>- Restoration after loss of power</td>
    </tr>
    <tr>
      <td>- Disconnection of non-essential loads</td>
    </tr>
    <tr>
      <td rowspan=""2"">Low Voltage Emergency Power Systems</td>
      <td>- UPS (120mins)</td>
      <td rowspan=""2"">NW&MARWDSM Section 7.8.2.11</td>
    </tr>
    <tr>
      <td>- UPS (30mins)</td>
    </tr>
    <tr>
      <td rowspan=""2"">Earthing System</td>
      <td>- Earthing and bonding</td>
      <td>NW&MARWDSM Section 7.5.8.1</td>
    </tr>
    <tr>
      <td>- Earth mat</td>
      <td>IEEE Std 80 -2013</td>
    </tr>
    <tr>
      <td rowspan=""2"">Lightning System</td>
      <td>- Lightning terminal</td>
      <td>NW&MARWDSM Section 7.5.8.4</td>
    </tr>
    <tr>
      <td>- Arrangement of down conductor</td>
      <td>NF C 17 - 102</td>
    </tr>
    <tr>
      <td rowspan=""4"">Lighting System</td>
      <td>- Essential lighting</td>
      <td rowspan=""4"">NW&MARWDSM Section 7.8.2.3<br>Codes of Practice for Minimum Fire Service Installations and Equipment and Inspection, Testing and Maintenance of Installations and Equipment<br>FSD Circular Letters</td>
    </tr>
    <tr>
      <td>- Emergency lighting</td>
    </tr>
    <tr>
      <td>- Lighting level</td>
    </tr>
    <tr>
      <td>- Lighting control</td>
    </tr>
  </tbody>
</table>","<table>
  <thead>
    <tr>
      <th>System</th>
      <th>Item</th>
      <th>Source</th>
    </tr>
  </thead>
  <tbody>
    <tr>
      <td>Power Supply System</td>
      <td>- Dual source supply arrangement (A transformer pair fed from different CLP's primary substation)</td>
      <td>Code of Practice 101 for Distribution Substation Design Version 15.0</td>
    </tr>
    <tr>
      <td rowspan=""4"">Lower Voltage Power Supply</td>
      <td>- Essential load</td>
      <td rowspan=""4"">NW&MARWDSM Section 7.8.2.10</td>
    </tr>
    <tr>
      <td>- Non-essential load</td>
    </tr>
    <tr>
      <td>- Critical load</td>
    </tr>
    <tr>
      <td>- 10% additional capacity</td>
    </tr>
    <tr>
      <td rowspan=""3"">Low Voltage Main Switchboard / Protection</td>
      <td>- Protection of LV main switchboard</td>
      <td rowspan=""3"">NW&MARWDSM Section 7.8.2.10.2</td>
    </tr>
    <tr>
      <td>- Restoration after loss of power</td>
    </tr>
    <tr>
      <td>- Disconnection of non-essential loads</td>
    </tr>
    <tr>
      <td rowspan=""2"">Low Voltage Emergency Power Systems</td>
      <td>- UPS (120mins)</td>
      <td rowspan=""2"">NW&MARWDSM Section 7.8.2.11</td>
    </tr>
    <tr>
      <td>- UPS (30mins)</td>
    </tr>
    <tr>
      <td rowspan=""2"">Earthing System</td>
      <td>- Earthing and bonding</td>
      <td>NW&MARWDSM Section 7.5.8.1</td>
    </tr>
    <tr>
      <td>- Earth mat</td>
      <td>IEEE Std 80 -2013</td>
    </tr>
    <tr>
      <td rowspan=""2"">Lightning System</td>
      <td>- Lightning terminal</td>
      <td>NW&MARWDSM Section 7.5.8.4</td>
    </tr>
    <tr>
      <td>- Arrangement of down conductor</td>
      <td>NF C 17 - 102</td>
    </tr>
    <tr>
      <td rowspan=""4"">Lighting System</td>
      <td>- Essential lighting</td>
      <td rowspan=""4"">NW&MARWDSM Section 7.8.2.3<br>Codes of Practice for Minimum Fire Service Installations and Equipment and Inspection, Testing and Maintenance of Installations and Equipment<br>FSD Circular Letters</td>
    </tr>
    <tr>
      <td>- Emergency lighting</td>
    </tr>
    <tr>
      <td>- Lighting level</td>
    </tr>
    <tr>
      <td>- Lighting control</td>
    </tr>
  </tbody>
</table>","|                                           |                                                                                                                                    |                                                                                                                                                                                               |
|-------------------------------------------|------------------------------------------------------------------------------------------------------------------------------------|-----------------------------------------------------------------------------------------------------------------------------------------------------------------------------------------------|
| System                                    | Item                                                                                                                               | Source                                                                                                                                                                                        |
| Power Supply System                       | \- Dual source supply arrangement (A transformer pair fed from different CLP's primary substation) [ ]                    | Code of Practice 101 for Distribution Substation Design Version 15.0                                                                                                                          |
| Lower Voltage Power Supply                | \- Essential load [ ]                                                                                                     | NW&MARWDSM Section 7.8.2.10                                                                                                                                                                   |
|                                           | \- Non-essential load [ ]                                                                                                 |                                                                                                                                                                                               |
|                                           | \- Critical load [ ]                                                                                                      |                                                                                                                                                                                               |
|                                           | \- 10% additional capacity [ ]                                                                                            |                                                                                                                                                                                               |
| Low Voltage Main Switchboard / Protection | \- Protection of LV main switchboard [ ]                                                                                  | NW&MARWDSM Section 7.8.2.10.2                                                                                                                                                                 |
|                                           | \- Restoration after loss of power - Disconnection of non-essential loads [ ] [ ]                                |                                                                                                                                                                                               |
| Low Voltage Emergency Power Systems       | \- UPS (120mins) [ ]                                                                                                      | NW&MARWDSM Section 7.8.2.11                                                                                                                                                                   |
|                                           | \- UPS (30mins) [ ]                                                                                                       |                                                                                                                                                                                               |
| Earthing System                           | \- Earthing and bonding [ ]                                                                                               | NW&MARWDSM Section 7.5.8.1 IEEE Std 80 -2013                                                                                                                                                  |
|                                           | \- Earth mat [ ]                                                                                                          |                                                                                                                                                                                               |
| Lightning System                          | \- Lightning terminal [ ]                                                                                                 | NW&MARWDSM Section 7.5.8.4 NF C 17 - 102                                                                                                                                                      |
|                                           | \- Arrangement of down conductor [ ]                                                                                      |                                                                                                                                                                                               |
| Lighting System                           | \- Essential lighting - Emergency lighting - Lighting level - Lighting control [ ] [ ] [ ] [ ] | NW&MARWDSM Section 7.8.2.3 Codes of Practice for Minimum Fire Service Installations and Equipment and Inspection, Testing and Maintenance of Installations and Equipment FSD Circular Letters |",https://storage.googleapis.com/chunkr-prod-bucket/b1e41788-2d6e-4f8e-ad16-2e39fb334c57/5d9ffc1b-8d78-44ef-813d-5174c6bbebed/images/WtvkZjU.jpg?x-id=GetObject&response-content-disposition=inline&response-content-encoding=utf-8&response-content-type=image%2Fjpeg&X-Amz-Algorithm=AWS4-HMAC-SHA256&X-Amz-Credential=GOOG1EBMQ2D33SPB3VQ4MMVJEKXWQFNK5WS57JRFVYUSD3ZCA76OC3B74IG7C%2F20260119%2Fus-east-1%2Fs3%2Faws4_request&X-Amz-Date=20260119T145120Z&X-Amz-Expires=3600&X-Amz-SignedHeaders=host&X-Amz-Signature=151a38f6da33937c603abe0e794471cca8354511ce96640cc2dcdeea56116688,251.9136,538.9488,899.5104,970.128
291a2655-93c6-4055-8403-8f13a4ea158e,4,0HAz_Kl,Table,30,"<table>
  <thead>
    <tr>
      <th>System</th>
      <th>Item</th>
      <th>Source</th>
    </tr>
  </thead>
  <tbody>
    <tr>
      <td>Small Power Supply</td>
      <td>- Power supply for various E&M equipment and power points</td>
      <td>NW&MARWDSM Section 7.8.2.4</td>
    </tr>
    <tr>
      <td>Low Voltage Cable</td>
      <td>- Cable type & sizing</td>
      <td>Code of Practice for the Electricity (Wiring) Regulation<br>Code of Practice for Energy Efficiency of Building Services Installation<br>BS 7671<br>NW&MARWDSM Section 7.8.2.10.4</td>
    </tr>
    <tr>
      <td>Cable Containment System</td>
      <td>- Type of containment<br>- Typical arrangement</td>
      <td>Code of Practice for the Electricity (Wiring) Regulation<br>BS 7671<br>NW&MARWDSM Section 7.12.4</td>
    </tr>
  </tbody>
</table>","<table>
  <thead>
    <tr>
      <th>System</th>
      <th>Item</th>
      <th>Source</th>
    </tr>
  </thead>
  <tbody>
    <tr>
      <td>Small Power Supply</td>
      <td>- Power supply for various E&M equipment and power points</td>
      <td>NW&MARWDSM Section 7.8.2.4</td>
    </tr>
    <tr>
      <td>Low Voltage Cable</td>
      <td>- Cable type & sizing</td>
      <td>Code of Practice for the Electricity (Wiring) Regulation<br>Code of Practice for Energy Efficiency of Building Services Installation<br>BS 7671<br>NW&MARWDSM Section 7.8.2.10.4</td>
    </tr>
    <tr>
      <td>Cable Containment System</td>
      <td>- Type of containment<br>- Typical arrangement</td>
      <td>Code of Practice for the Electricity (Wiring) Regulation<br>BS 7671<br>NW&MARWDSM Section 7.12.4</td>
    </tr>
  </tbody>
</table>","|                          |                                                            |                                                                                                                                                                         |
|--------------------------|------------------------------------------------------------|-------------------------------------------------------------------------------------------------------------------------------------------------------------------------|
| System                   | Item                                                       | Source                                                                                                                                                                  |
| Small Power Supply       | \- Power supply for various E&M equipment and power points | NW&MARWDSM Section 7.8.2.4                                                                                                                                              |
| Low Voltage Cable        | \- Cable type & sizing                                     | Code of Practice for the Electricity (Wiring) Regulation Code of Practice for Energy Efficiency of Building Services Installation BS 7671 NW&MARWDSM Section 7.8.2.10.4 |
| Cable Containment System | \- Type of containment - Typical arrangement               | Code of Practice for the Electricity (Wiring) Regulation BS 7671 NW&MARWDSM Section 7.12.4                                                                              |",https://storage.googleapis.com/chunkr-prod-bucket/b1e41788-2d6e-4f8e-ad16-2e39fb334c57/5d9ffc1b-8d78-44ef-813d-5174c6bbebed/images/0HAz_Kl.jpg?x-id=GetObject&response-content-disposition=inline&response-content-encoding=utf-8&response-content-type=image%2Fjpeg&X-Amz-Algorithm=AWS4-HMAC-SHA256&X-Amz-Credential=GOOG1EBMQ2D33SPB3VQ4MMVJEKXWQFNK5WS57JRFVYUSD3ZCA76OC3B74IG7C%2F20260119%2Fus-east-1%2Fs3%2Faws4_request&X-Amz-Date=20260119T145120Z&X-Amz-Expires=3600&X-Amz-SignedHeaders=host&X-Amz-Signature=76a681e37091b22640d197120243cb41fe74c5c65db4ab82f999bbfcdb03fcda,1337.5153,178.5168,898.0128,516.528
291a2655-93c6-4055-8403-8f13a4ea158e,5,apd3Lxq,Text,30,(b) The lighting performance requirements for A16 Station are as follows provided in the below Table:,<p>(b) The lighting performance requirements for A16 Station are as follows provided in the below Table:</p>,(b) The lighting performance requirements for A16 Station are as follows provided in the below Table:,,1224.7632,707.9184,989.4673,25.60321
291a2655-93c6-4055-8403-8f13a4ea158e,6,y81Vcs5,Caption,30,Table 3.20: Target Illumination,"<span class=""caption"">Table 3.20: Target Illumination</span>",Table 3.20: Target Illumination,,1331.1936,753.1632,283.65125,23.544006
291a2655-93c6-4055-8403-8f13a4ea158e,7,9NvGY_r,Table,30,"<table>
  <thead>
    <tr>
      <th rowspan=""2"">Location</th>
      <th colspan=""2"">Target Illumination (lux)</th>
    </tr>
    <tr>
      <th>Essential</th>
      <th>Emergency</th>
    </tr>
  </thead>
  <tbody>
    <tr>
      <td>Platform - General</td>
      <td>150</td>
      <td>10</td>
    </tr>
    <tr>
      <td>Platform - Edge</td>
      <td>200</td>
      <td>10</td>
    </tr>
    <tr>
      <td>Concourse</td>
      <td>180</td>
      <td>10</td>
    </tr>
    <tr>
      <td>Escalator - General</td>
      <td>150</td>
      <td>10</td>
    </tr>
    <tr>
      <td>Escalator - Entrance and Exit</td>
      <td>250</td>
      <td>10</td>
    </tr>
    <tr>
      <td>Public Stairway</td>
      <td>200</td>
      <td>10</td>
    </tr>
    <tr>
      <td>Back of House Stairway (Public use)</td>
      <td>200</td>
      <td>10</td>
    </tr>
    <tr>
      <td>Back of House Stairway (Staff use)</td>
      <td>150</td>
      <td>10</td>
    </tr>
    <tr>
      <td>Corridor (Connect to Back of House Office)</td>
      <td>200</td>
      <td>10</td>
    </tr>
    <tr>
      <td>Corridor (Connect to Back of House plant room)</td>
      <td>100</td>
      <td>10</td>
    </tr>
    <tr>
      <td>Retail Interface (shopfront)</td>
      <td>300</td>
      <td>10</td>
    </tr>
    <tr>
      <td>Entrance</td>
      <td>180</td>
      <td>10</td>
    </tr>
    <tr>
      <td>Ticketing Area</td>
      <td>180</td>
      <td>10</td>
    </tr>
  </tbody>
</table>","<table>
  <thead>
    <tr>
      <th rowspan=""2"">Location</th>
      <th colspan=""2"">Target Illumination (lux)</th>
    </tr>
    <tr>
      <th>Essential</th>
      <th>Emergency</th>
    </tr>
  </thead>
  <tbody>
    <tr>
      <td>Platform - General</td>
      <td>150</td>
      <td>10</td>
    </tr>
    <tr>
      <td>Platform - Edge</td>
      <td>200</td>
      <td>10</td>
    </tr>
    <tr>
      <td>Concourse</td>
      <td>180</td>
      <td>10</td>
    </tr>
    <tr>
      <td>Escalator - General</td>
      <td>150</td>
      <td>10</td>
    </tr>
    <tr>
      <td>Escalator - Entrance and Exit</td>
      <td>250</td>
      <td>10</td>
    </tr>
    <tr>
      <td>Public Stairway</td>
      <td>200</td>
      <td>10</td>
    </tr>
    <tr>
      <td>Back of House Stairway (Public use)</td>
      <td>200</td>
      <td>10</td>
    </tr>
    <tr>
      <td>Back of House Stairway (Staff use)</td>
      <td>150</td>
      <td>10</td>
    </tr>
    <tr>
      <td>Corridor (Connect to Back of House Office)</td>
      <td>200</td>
      <td>10</td>
    </tr>
    <tr>
      <td>Corridor (Connect to Back of House plant room)</td>
      <td>100</td>
      <td>10</td>
    </tr>
    <tr>
      <td>Retail Interface (shopfront)</td>
      <td>300</td>
      <td>10</td>
    </tr>
    <tr>
      <td>Entrance</td>
      <td>180</td>
      <td>10</td>
    </tr>
    <tr>
      <td>Ticketing Area</td>
      <td>180</td>
      <td>10</td>
    </tr>
  </tbody>
</table>","|                                                |                           |           |
|------------------------------------------------|---------------------------|-----------|
| Location                                       | Target Illumination (lux) |           |
|                                                | Essential                 | Emergency |
| Platform - General                             | 150                       | 10        |
| Platform - Edge                                | 200                       | 10        |
| Concourse                                      | 180                       | 10        |
| Escalator - General                            | 150                       | 10        |
| Escalator - Entrance and Exit                  | 250                       | 10        |
| Public Stairway                                | 200                       | 10        |
| Back of House Stairway (Public use)            | 200                       | 10        |
| Back of House Stairway (Staff use)             | 150                       | 10        |
| Corridor (Connect to Back of House Office)     | 200                       | 10        |
| Corridor (Connect to Back of House plant room) | 100                       | 10        |
| Retail Interface (shopfront)                   | 300                       | 10        |
| Entrance                                       | 180                       | 10        |
| Ticketing Area                                 | 180                       | 10        |",https://storage.googleapis.com/chunkr-prod-bucket/b1e41788-2d6e-4f8e-ad16-2e39fb334c57/5d9ffc1b-8d78-44ef-813d-5174c6bbebed/images/9NvGY_r.jpg?x-id=GetObject&response-content-disposition=inline&response-content-encoding=utf-8&response-content-type=image%2Fjpeg&X-Amz-Algorithm=AWS4-HMAC-SHA256&X-Amz-Credential=GOOG1EBMQ2D33SPB3VQ4MMVJEKXWQFNK5WS57JRFVYUSD3ZCA76OC3B74IG7C%2F20260119%2Fus-east-1%2Fs3%2Faws4_request&X-Amz-Date=20260119T145120Z&X-Amz-Expires=3600&X-Amz-SignedHeaders=host&X-Amz-Signature=da659d72bc0f18afbaa88a3629d7925f0f8f7bce747a2b0cabc2970108fb4e26,1332.2592,787.9824,905.11194,744.75354
291a2655-93c6-4055-8403-8f13a4ea158e,8,YXoPHks,PageFooter,30,Rev. A,"<div class=""page-footer"">Rev. A</div>",Rev. A,,142.0992,1601.3088,59.083206,19.079956
291a2655-93c6-4055-8403-8f13a4ea158e,9,PLkkKVL,PageFooter,30,Page 21,"<div class=""page-footer"">Page 21</div>",Page 21,,1151.9136,1601.4672,72.20166,20.851196
291a2655-93c6-4055-8403-8f13a4ea158e,10,Z5UbbzC,PageFooter,30,January 2023,"<div class=""page-footer"">January 2023</div>",January 2023,,2111.8608,1600.5457,122.846436,22.247925
291a2655-93c6-4055-8403-8f13a4ea158e,11,75lhcw4,Text,31,AECOM,<p>AECOM</p>,AECOM,,139.896,49.9248,164.11679,41.875202
291a2655-93c6-4055-8403-8f13a4ea158e,12,sBPgV0l,Text,31,Consultancy Agreement No. C1501 Design Services for Tuen Ma Extension 2.4C A16 Reference Design Building Services Design Final Report with Federated Design Model and Drawings,<p>Consultancy Agreement No. C1501 Design Services for Tuen Ma Extension 2.4C A16 Reference Design Building Services Design Final Report with Federated Design Model and Drawings</p>,Consultancy Agreement No. C1501 Design Services for Tuen Ma Extension 2.4C A16 Reference Design Building Services Design Final Report with Federated Design Model and Drawings,,1259.4384,58.7376,978.1056,79.66081
291a2655-93c6-4055-8403-8f13a4ea158e,13,K3W8hes,Table,31,"<table>
  <thead>
    <tr>
      <th rowspan=""2"">Location</th>
      <th colspan=""2"">Target Illumination (lux)</th>
    </tr>
    <tr>
      <th>Essential</th>
      <th>Emergency</th>
    </tr>
  </thead>
  <tbody>
    <tr>
      <td>Access to BOH Area from outdoor <sup>Note 1</sup></td>
      <td>5-15</td>
      <td>10</td>
    </tr>
    <tr>
      <td>Public Toilet</td>
      <td>150</td>
      <td>10</td>
    </tr>
    <tr>
      <td>Plant and Equipment Room General Area (Except Lift & Escalator Plant Room)</td>
      <td>150</td>
      <td>10<br>15 (for Electrical Plant Room)</td>
    </tr>
    <tr>
      <td>Plant and Equipment Room Control Area</td>
      <td>300</td>
      <td>10<br>15 (for Electrical Plant Room)</td>
    </tr>
    <tr>
      <td>Vertical Illuminance on control panel</td>
      <td>150</td>
      <td>-</td>
    </tr>
    <tr>
      <td>AFC Room</td>
      <td>150</td>
      <td>10</td>
    </tr>
    <tr>
      <td>Store Room</td>
      <td>100</td>
      <td>3</td>
    </tr>
    <tr>
      <td>Office (Including CuC)</td>
      <td>300 Nominal<br>500 Desktop</td>
      <td>10</td>
    </tr>
    <tr>
      <td>Station Supervisors Office</td>
      <td>300 Nominal<br>500 Desktop</td>
      <td>10</td>
    </tr>
    <tr>
      <td>Operation / Control Room</td>
      <td>300 Nominal<br>500 Desktop</td>
      <td>10</td>
    </tr>
    <tr>
      <td>Police Room</td>
      <td>300 Nominal<br>500 Desktop</td>
      <td>10</td>
    </tr>
    <tr>
      <td>Mess Room</td>
      <td>200</td>
      <td>10</td>
    </tr>
    <tr>
      <td>Locker Room</td>
      <td>150</td>
      <td>10</td>
    </tr>
    <tr>
      <td>Staff Toilet</td>
      <td>150</td>
      <td>10</td>
    </tr>
    <tr>
      <td>Maintenance Access to Roof</td>
      <td>50</td>
      <td>5</td>
    </tr>
  </tbody>
</table>
<p>Notes:</p>
<p>1 Depend on the security provision of the specific area.</p>","<table>
  <thead>
    <tr>
      <th rowspan=""2"">Location</th>
      <th colspan=""2"">Target Illumination (lux)</th>
    </tr>
    <tr>
      <th>Essential</th>
      <th>Emergency</th>
    </tr>
  </thead>
  <tbody>
    <tr>
      <td>Access to BOH Area from outdoor <sup>Note 1</sup></td>
      <td>5-15</td>
      <td>10</td>
    </tr>
    <tr>
      <td>Public Toilet</td>
      <td>150</td>
      <td>10</td>
    </tr>
    <tr>
      <td>Plant and Equipment Room General Area (Except Lift & Escalator Plant Room)</td>
      <td>150</td>
      <td>10<br>15 (for Electrical Plant Room)</td>
    </tr>
    <tr>
      <td>Plant and Equipment Room Control Area</td>
      <td>300</td>
      <td>10<br>15 (for Electrical Plant Room)</td>
    </tr>
    <tr>
      <td>Vertical Illuminance on control panel</td>
      <td>150</td>
      <td>-</td>
    </tr>
    <tr>
      <td>AFC Room</td>
      <td>150</td>
      <td>10</td>
    </tr>
    <tr>
      <td>Store Room</td>
      <td>100</td>
      <td>3</td>
    </tr>
    <tr>
      <td>Office (Including CuC)</td>
      <td>300 Nominal<br>500 Desktop</td>
      <td>10</td>
    </tr>
    <tr>
      <td>Station Supervisors Office</td>
      <td>300 Nominal<br>500 Desktop</td>
      <td>10</td>
    </tr>
    <tr>
      <td>Operation / Control Room</td>
      <td>300 Nominal<br>500 Desktop</td>
      <td>10</td>
    </tr>
    <tr>
      <td>Police Room</td>
      <td>300 Nominal<br>500 Desktop</td>
      <td>10</td>
    </tr>
    <tr>
      <td>Mess Room</td>
      <td>200</td>
      <td>10</td>
    </tr>
    <tr>
      <td>Locker Room</td>
      <td>150</td>
      <td>10</td>
    </tr>
    <tr>
      <td>Staff Toilet</td>
      <td>150</td>
      <td>10</td>
    </tr>
    <tr>
      <td>Maintenance Access to Roof</td>
      <td>50</td>
      <td>5</td>
    </tr>
  </tbody>
</table>
<p>Notes:</p>
<p>1 Depend on the security provision of the specific area.</p>","|                                                                            |                           |                                   |
|----------------------------------------------------------------------------|---------------------------|-----------------------------------|
| Location                                                                   | Target Illumination (lux) |                                   |
|                                                                            | Essential                 | Emergency                         |
| Access to BOH Area from outdoor Note 1                                     | 5-15                      | 10                                |
| Public Toilet                                                              | 150                       | 10                                |
| Plant and Equipment Room General Area (Except Lift & Escalator Plant Room) | 150                       | 10 15 (for Electrical Plant Room) |
| Plant and Equipment Room Control Area                                      | 300                       | 10 15 (for Electrical Plant Room) |
| Vertical Illuminance on control panel                                      | 150                       | \-                                |
| AFC Room                                                                   | 150                       | 10                                |
| Store Room                                                                 | 100                       | 3                                 |
| Office (Including CuC)                                                     | 300 Nominal 500 Desktop   | 10                                |
| Station Supervisors Office                                                 | 300 Nominal               | 10                                |
|                                                                            | 500 Desktop               |                                   |
| Operation / Control Room                                                   | 300 Nominal               | 10                                |
|                                                                            | 500 Desktop               |                                   |
| Police Room                                                                | 300 Nominal 500 Desktop   | 10                                |
| Mess Room                                                                  | 200                       | 10                                |
| Locker Room                                                                | 150                       | 10                                |
| Staff Toilet                                                               | 150                       | 10                                |
| Maintenance Access to Roof                                                 | 50                        | 5                                 |
| Notes:                                                                     |                           |                                   |
| 1 Depend on the security provision of the specific area.                   |                           |                                   |",https://storage.googleapis.com/chunkr-prod-bucket/b1e41788-2d6e-4f8e-ad16-2e39fb334c57/5d9ffc1b-8d78-44ef-813d-5174c6bbebed/images/K3W8hes.jpg?x-id=GetObject&response-content-disposition=inline&response-content-encoding=utf-8&response-content-type=image%2Fjpeg&X-Amz-Algorithm=AWS4-HMAC-SHA256&X-Amz-Credential=GOOG1EBMQ2D33SPB3VQ4MMVJEKXWQFNK5WS57JRFVYUSD3ZCA76OC3B74IG7C%2F20260119%2Fus-east-1%2Fs3%2Faws4_request&X-Amz-Date=20260119T145120Z&X-Amz-Expires=3600&X-Amz-SignedHeaders=host&X-Amz-Signature=2d5c70ad43381644df0ac7d595ec336f24bc7a03f7a97c2837a01c73bee9ff0d,249.2352,173.7072,904.8528,1119.5425
291a2655-93c6-4055-8403-8f13a4ea158e,14,YAnQWg_,Text,31,(c) Lighting Control,<p>(c) Lighting Control</p>,(c) Lighting Control,,142.7472,1314.2303,252.79202,24.249634
291a2655-93c6-4055-8403-8f13a4ea158e,15,MJaygnP,Text,31,". A lighting control system will be provided to achieve energy efficiency in lighting system for area with abundant of sunlight in daytime, the following lighting control provisions shall be adopted for normal lighting where applicable and comply with latest BEC code:","<p>. A lighting control system will be provided to achieve energy efficiency in lighting system for area with abundant of sunlight in daytime, the following lighting control provisions shall be adopted for normal lighting where applicable and comply with latest BEC code:</p>",". A lighting control system will be provided to achieve energy efficiency in lighting system for area with abundant of sunlight in daytime, the following lighting control provisions shall be adopted for normal lighting where applicable and comply with latest BEC code:",,250.8768,1356.1776,903.2256,78.33594
291a2655-93c6-4055-8403-8f13a4ea158e,16,HKRUTCs,Text,31,i. Timer-operated lighting,<p>i. Timer-operated lighting</p>,i. Timer-operated lighting,,335.3184,1446.6384,274.4208,24.969604
291a2655-93c6-4055-8403-8f13a4ea158e,17,eVaTBIQ,Text,31,ii. Occupancy sensors with manual local switch for lighting control,<p>ii. Occupancy sensors with manual local switch for lighting control</p>,ii. Occupancy sensors with manual local switch for lighting control,,330.7536,1482.8112,633.4128,25.488037
291a2655-93c6-4055-8403-8f13a4ea158e,18,qr8AQEL,Text,31,iii. Photocell sensors for above ground lighting control or skylight,<p>iii. Photocell sensors for above ground lighting control or skylight</p>,iii. Photocell sensors for above ground lighting control or skylight,,325.584,1517.5728,625.4784,28.166504
291a2655-93c6-4055-8403-8f13a4ea158e,19,Bl0Knyx,Text,31,. The control priority of photocell sensor shall be lower than all the manual switching controls (local manual switch / MCS remote switch control) but higher than the automatic switching control (MCS timer schedule control).,<p>. The control priority of photocell sensor shall be lower than all the manual switching controls (local manual switch / MCS remote switch control) but higher than the automatic switching control (MCS timer schedule control).</p>,. The control priority of photocell sensor shall be lower than all the manual switching controls (local manual switch / MCS remote switch control) but higher than the automatic switching control (MCS timer schedule control).,,1332.4464,185.1552,906.2064,76.838394
291a2655-93c6-4055-8403-8f13a4ea158e,20,MsQgXsW,Text,31,· Lighting control system shall follow and fulfill BEC code requirement.,<p>· Lighting control system shall follow and fulfill BEC code requirement.</p>,· Lighting control system shall follow and fulfill BEC code requirement.,,1332.7344,278.4672,651.44165,25.099213
291a2655-93c6-4055-8403-8f13a4ea158e,21,2YyFyjW,Text,31,. The following table summarize the lighting control method to be provided in different area.,<p>. The following table summarize the lighting control method to be provided in different area.</p>,. The following table summarize the lighting control method to be provided in different area.,,1333.2096,318.312,853.7328,24.897583
291a2655-93c6-4055-8403-8f13a4ea158e,22,pqc_T1T,Table,31,"<table>
  <thead>
    <tr>
      <th rowspan=""2"">Area</th>
      <th colspan=""6"">Lighting Control Method</th>
    </tr>
    <tr>
      <th>Local Manual Switch</th>
      <th>MCS Control (Remote manual switch)</th>
      <th>MCS Control (Time Schedule)</th>
      <th>Occupancy Sensor</th>
      <th>Photocell Sensor</th>
      <th>Always On</th>
    </tr>
  </thead>
  <tbody>
    <tr>
      <td>BOH Corridor</td>
      <td>✓</td>
      <td>✓</td>
      <td>✓</td>
      <td>✓</td>
      <td></td>
      <td>✓<br>(see note 3)</td>
    </tr>
    <tr>
      <td>BOH Area</td>
      <td>✓</td>
      <td></td>
      <td></td>
      <td>✓<br>(see note 1)</td>
      <td></td>
      <td></td>
    </tr>
    <tr>
      <td>Office Area</td>
      <td>✓</td>
      <td>✓</td>
      <td>✓</td>
      <td>✓</td>
      <td>✓<br>(see note 2)</td>
      <td></td>
    </tr>
    <tr>
      <td>FOH Public Area</td>
      <td></td>
      <td>✓</td>
      <td>✓</td>
      <td></td>
      <td>✓<br>(see note 2)</td>
      <td></td>
    </tr>
    <tr>
      <td>FOH External area</td>
      <td></td>
      <td></td>
      <td>✓</td>
      <td></td>
      <td></td>
      <td></td>
    </tr>
    <tr>
      <td>MoA/MoE Staircase</td>
      <td></td>
      <td></td>
      <td></td>
      <td>✓<br>(see note 3)</td>
      <td></td>
      <td>✓<br>(see note 3)</td>
    </tr>
  </tbody>
</table>","<table>
  <thead>
    <tr>
      <th rowspan=""2"">Area</th>
      <th colspan=""6"">Lighting Control Method</th>
    </tr>
    <tr>
      <th>Local Manual Switch</th>
      <th>MCS Control (Remote manual switch)</th>
      <th>MCS Control (Time Schedule)</th>
      <th>Occupancy Sensor</th>
      <th>Photocell Sensor</th>
      <th>Always On</th>
    </tr>
  </thead>
  <tbody>
    <tr>
      <td>BOH Corridor</td>
      <td>✓</td>
      <td>✓</td>
      <td>✓</td>
      <td>✓</td>
      <td></td>
      <td>✓<br>(see note 3)</td>
    </tr>
    <tr>
      <td>BOH Area</td>
      <td>✓</td>
      <td></td>
      <td></td>
      <td>✓<br>(see note 1)</td>
      <td></td>
      <td></td>
    </tr>
    <tr>
      <td>Office Area</td>
      <td>✓</td>
      <td>✓</td>
      <td>✓</td>
      <td>✓</td>
      <td>✓<br>(see note 2)</td>
      <td></td>
    </tr>
    <tr>
      <td>FOH Public Area</td>
      <td></td>
      <td>✓</td>
      <td>✓</td>
      <td></td>
      <td>✓<br>(see note 2)</td>
      <td></td>
    </tr>
    <tr>
      <td>FOH External area</td>
      <td></td>
      <td></td>
      <td>✓</td>
      <td></td>
      <td></td>
      <td></td>
    </tr>
    <tr>
      <td>MoA/MoE Staircase</td>
      <td></td>
      <td></td>
      <td></td>
      <td>✓<br>(see note 3)</td>
      <td></td>
      <td>✓<br>(see note 3)</td>
    </tr>
  </tbody>
</table>","|                   |                         |                                    |                             |                           |                           |                           |
|-------------------|-------------------------|------------------------------------|-----------------------------|---------------------------|---------------------------|---------------------------|
| Area              | Lighting Control Method |                                    |                             |                           |                           |                           |
|                   | Local Manual Switch     | MCS Control (Remote manual switch) | MCS Control (Time Schedule) | Occupancy Sensor          | Photocell Sensor          | Always On                 |
| BOH Corridor      | ✓ [x]            | ✓ [x]                       | ✓ [x]                | ✓ [x]              |                           | ✓ [x] (see note 3) |
| BOH Area          | ✓ [x]            |                                    |                             | ✓ [x] (see note 1) |                           |                           |
| Office Area       | ✓ [x]            | ✓ [x]                       | ✓ [x]                | ✓ [x]              | ✓ [x] (see note 2) |                           |
| FOH Public Area   | [ ]            | ✓ [x]                       | ✓ [x]                | [ ]              | ✓ [x] (see note 2) | [ ]              |
| FOH External area |                         | [ ]                       | ✓ [x]                | [ ]              | [ ]              | [ ]              |
| MoA/MoE Staircase |                         | [ ]                       | [ ]                | ✓ [x] (see note 3) | [ ]              | ✓ [x] (see note 3) |",https://storage.googleapis.com/chunkr-prod-bucket/b1e41788-2d6e-4f8e-ad16-2e39fb334c57/5d9ffc1b-8d78-44ef-813d-5174c6bbebed/images/pqc_T1T.jpg?x-id=GetObject&response-content-disposition=inline&response-content-encoding=utf-8&response-content-type=image%2Fjpeg&X-Amz-Algorithm=AWS4-HMAC-SHA256&X-Amz-Credential=GOOG1EBMQ2D33SPB3VQ4MMVJEKXWQFNK5WS57JRFVYUSD3ZCA76OC3B74IG7C%2F20260119%2Fus-east-1%2Fs3%2Faws4_request&X-Amz-Date=20260119T145120Z&X-Amz-Expires=3600&X-Amz-SignedHeaders=host&X-Amz-Signature=ed836788b2bd89ebd6207b82ade722b4e56422815bf50df57b6a28147ff81317,1332.9216,352.5408,918.59033,670.31995
291a2655-93c6-4055-8403-8f13a4ea158e,23,RWoYVZz,Text,31,Note:,<p>Note:</p>,Note:,,1332.2017,1026.36,51.1344,19.511963
291a2655-93c6-4055-8403-8f13a4ea158e,24,41ubalN,Text,31,"1. To fulfill BEC code requirement, occupancy sensor shall be provided for BOH area such as storeroom, cleaner room, locker room etc. Occupancy sensor will not be provided in plantroom area.","<p>1. To fulfill BEC code requirement, occupancy sensor shall be provided for BOH area such as storeroom, cleaner room, locker room etc. Occupancy sensor will not be provided in plantroom area.</p>","1. To fulfill BEC code requirement, occupancy sensor shall be provided for BOH area such as storeroom, cleaner room, locker room etc. Occupancy sensor will not be provided in plantroom area.",,1339.128,1051.0704,898.704,74.79358
291a2655-93c6-4055-8403-8f13a4ea158e,25,FfgXkQ6,Text,31,"2. To fulfill BEC code requirement, photocell sensor shall be provided to control lighting near fenestration area for daylight response control.","<p>2. To fulfill BEC code requirement, photocell sensor shall be provided to control lighting near fenestration area for daylight response control.</p>","2. To fulfill BEC code requirement, photocell sensor shall be provided to control lighting near fenestration area for daylight response control.",,1338.1056,1131.1488,900.28796,51.192017
291a2655-93c6-4055-8403-8f13a4ea158e,26,RVh6cI4,Text,31,"3. For BOH corridor, MoA/MoE staircase, UPS power supply emergency lighting shall be always on. Occupancy sensor will be provided to control the essential power supply lighting only.","<p>3. For BOH corridor, MoA/MoE staircase, UPS power supply emergency lighting shall be always on. Occupancy sensor will be provided to control the essential power supply lighting only.</p>","3. For BOH corridor, MoA/MoE staircase, UPS power supply emergency lighting shall be always on. Occupancy sensor will be provided to control the essential power supply lighting only.",,1336.6368,1185.12,900.0719,51.724854
291a2655-93c6-4055-8403-8f13a4ea158e,27,iYGNRfa,Text,31,4. All UPS power supply emergency lighting should be activated by fire alarm signal or essential power failure.,<p>4. All UPS power supply emergency lighting should be activated by fire alarm signal or essential power failure.</p>,4. All UPS power supply emergency lighting should be activated by fire alarm signal or essential power failure.,,1336.5072,1238.0256,901.5841,50.875122
291a2655-93c6-4055-8403-8f13a4ea158e,28,0tJtD3s,Text,31,5. Lighting control principle detail refer to Appendix M.,<p>5. Lighting control principle detail refer to Appendix M.</p>,5. Lighting control principle detail refer to Appendix M.,,1338.12,1292.0544,513.25916,24.9552
291a2655-93c6-4055-8403-8f13a4ea158e,29,ECRsCGV,Text,31,(d) Electrical Loading Estimation,<p>(d) Electrical Loading Estimation</p>,(d) Electrical Loading Estimation,,1224.3744,1370.4048,366.45117,24.926392
291a2655-93c6-4055-8403-8f13a4ea158e,30,m64byfr,Text,31,The electrical loading estimation for A16 Station is based on the following:,<p>The electrical loading estimation for A16 Station is based on the following:</p>,The electrical loading estimation for A16 Station is based on the following:,,1330.5312,1409.0688,667.1664,24.191895
291a2655-93c6-4055-8403-8f13a4ea158e,31,FgCcvGF,Text,31,". Power requirement for the concourse, platform, back of house, staff room, stabling area and other various accommodation","<p>. Power requirement for the concourse, platform, back of house, staff room, stabling area and other various accommodation</p>",". Power requirement for the concourse, platform, back of house, staff room, stabling area and other various accommodation",,1332.144,1463.2416,906.5808,48.960083
291a2655-93c6-4055-8403-8f13a4ea158e,32,OTokvdn,PageFooter,31,Rev. A,"<div class=""page-footer"">Rev. A</div>",Rev. A,,142.0128,1601.28,59.328003,19.166382
291a2655-93c6-4055-8403-8f13a4ea158e,33,ictc6my,PageFooter,31,Page 22,"<div class=""page-footer"">Page 22</div>",Page 22,,1151.6544,1601.136,73.02234,21.513672
291a2655-93c6-4055-8403-8f13a4ea158e,34,2yrpfU-,PageFooter,31,January 2023,"<div class=""page-footer"">January 2023</div>",January 2023,,2111.8896,1600.6608,122.80322,22.132812
291a2655-93c6-4055-8403-8f13a4ea158e,35,FA553pZ,Text,32,AECOM,<p>AECOM</p>,AECOM,,139.9824,50.2128,163.8,41.2704
291a2655-93c6-4055-8403-8f13a4ea158e,36,HSd6V4j,PageHeader,32,Consultancy Agreement No. C1501 Design Services for Tuen Ma Extension 2.4C A16 Reference Design Building Services Design Final Report with Federated Design Model and Drawings,"<div class=""page-header"">Consultancy Agreement No. C1501 Design Services for Tuen Ma Extension 2.4C A16 Reference Design Building Services Design Final Report with Federated Design Model and Drawings</div>",Consultancy Agreement No. C1501 Design Services for Tuen Ma Extension 2.4C A16 Reference Design Building Services Design Final Report with Federated Design Model and Drawings,,1259.5248,59.6304,978.1632,78.609604
291a2655-93c6-4055-8403-8f13a4ea158e,37,LdWME1o,Text,32,"· Power requirements for the Systemwide railway systems as per ""Power demand schedule"" (latest revision)","<p>· Power requirements for the Systemwide railway systems as per ""Power demand schedule"" (latest revision)</p>","· Power requirements for the Systemwide railway systems as per ""Power demand schedule"" (latest revision)",,250.7472,185.2848,904.8672,49.895996
291a2655-93c6-4055-8403-8f13a4ea158e,38,nU6jVmx,Text,32,"· Estimated electrical loading for the Environmental Control Systems, Fire Services and Plumbing and Drainage Systems","<p>· Estimated electrical loading for the Environmental Control Systems, Fire Services and Plumbing and Drainage Systems</p>","· Estimated electrical loading for the Environmental Control Systems, Fire Services and Plumbing and Drainage Systems",,250.9488,252.0144,904.49286,51.220795
291a2655-93c6-4055-8403-8f13a4ea158e,39,DPt9qYK,Text,32,. The diversity factors have been derived with reference to other railway projects in Hong Kong,<p>. The diversity factors have been derived with reference to other railway projects in Hong Kong</p>,. The diversity factors have been derived with reference to other railway projects in Hong Kong,,251.208,318.7584,874.6416,24.451202
291a2655-93c6-4055-8403-8f13a4ea158e,40,7N1BE9h,Text,32,· The estimated loading for the lighting and small power in different areas is as shown in Table 3.21:,<p>· The estimated loading for the lighting and small power in different areas is as shown in Table 3.21:</p>,· The estimated loading for the lighting and small power in different areas is as shown in Table 3.21:,,251.0496,358.9344,903.5424,24.9552
08fcda7f-efe8-4164-8264-08b7a9b51395,0,PdTfBJm,Caption,32,Table 3.21: Estimated Electrical Loading for Lighting and Small Power for Various Areas,"<span class=""caption"">Table 3.21: Estimated Electrical Loading for Lighting and Small Power for Various Areas</span>",Table 3.21: Estimated Electrical Loading for Lighting and Small Power for Various Areas,,248.9904,403.3584,795.528,24.696014
08fcda7f-efe8-4164-8264-08b7a9b51395,1,3AzLLD_,Table,32,"<table>
  <thead>
    <tr>
      <th>Area</th>
      <th>Lighting and Small Power<br>(kVA/m<sup>2</sup>)</th>
      <th>Lighting<br>(kVA/m<sup>2</sup>)</th>
      <th>Small Power<br>(kVA/m<sup>2</sup>)</th>
    </tr>
  </thead>
  <tbody>
    <tr>
      <td>Back of House</td>
      <td>0.02</td>
      <td>0.01</td>
      <td>0.01</td>
    </tr>
    <tr>
      <td>Staff Room</td>
      <td>0.062</td>
      <td>0.012</td>
      <td>0.05</td>
    </tr>
    <tr>
      <td>Plant Room</td>
      <td>0.04</td>
      <td>0.01</td>
      <td>0.03</td>
    </tr>
    <tr>
      <td>Platform</td>
      <td>0.024</td>
      <td>0.014</td>
      <td>0.01</td>
    </tr>
    <tr>
      <td>Concourse</td>
      <td>0.024</td>
      <td>0.014</td>
      <td>0.01</td>
    </tr>
    <tr>
      <td>Stabling Area</td>
      <td>0.008</td>
      <td>0.005</td>
      <td>0.003</td>
    </tr>
    <tr>
      <td>Concession</td>
      <td>0.56 for Catering<br>0.3 for Non-catering</td>
      <td>-</td>
      <td>-</td>
    </tr>
  </tbody>
</table>","<table>
  <thead>
    <tr>
      <th>Area</th>
      <th>Lighting and Small Power<br>(kVA/m<sup>2</sup>)</th>
      <th>Lighting<br>(kVA/m<sup>2</sup>)</th>
      <th>Small Power<br>(kVA/m<sup>2</sup>)</th>
    </tr>
  </thead>
  <tbody>
    <tr>
      <td>Back of House</td>
      <td>0.02</td>
      <td>0.01</td>
      <td>0.01</td>
    </tr>
    <tr>
      <td>Staff Room</td>
      <td>0.062</td>
      <td>0.012</td>
      <td>0.05</td>
    </tr>
    <tr>
      <td>Plant Room</td>
      <td>0.04</td>
      <td>0.01</td>
      <td>0.03</td>
    </tr>
    <tr>
      <td>Platform</td>
      <td>0.024</td>
      <td>0.014</td>
      <td>0.01</td>
    </tr>
    <tr>
      <td>Concourse</td>
      <td>0.024</td>
      <td>0.014</td>
      <td>0.01</td>
    </tr>
    <tr>
      <td>Stabling Area</td>
      <td>0.008</td>
      <td>0.005</td>
      <td>0.003</td>
    </tr>
    <tr>
      <td>Concession</td>
      <td>0.56 for Catering<br>0.3 for Non-catering</td>
      <td>-</td>
      <td>-</td>
    </tr>
  </tbody>
</table>","|               |                                        |                   |                      |
|---------------|----------------------------------------|-------------------|----------------------|
| Area          | Lighting and Small Power (kVA/m2)      | Lighting (kVA/m2) | Small Power (kVA/m2) |
| Back of House | 0.02                                   | 0.01              | 0.01                 |
| Staff Room    | 0.062                                  | 0.012             | 0.05                 |
| Plant Room    | 0.04                                   | 0.01              | 0.03                 |
| Platform      | 0.024                                  | 0.014             | 0.01                 |
| Concourse     | 0.024                                  | 0.014             | 0.01                 |
| Stabling Area | 0.008                                  | 0.005             | 0.003                |
| Concession    | 0.56 for Catering 0.3 for Non-catering | \-                | \-                   |",https://storage.googleapis.com/chunkr-prod-bucket/b1e41788-2d6e-4f8e-ad16-2e39fb334c57/5d9ffc1b-8d78-44ef-813d-5174c6bbebed/images/3AzLLD_.jpg?x-id=GetObject&response-content-disposition=inline&response-content-encoding=utf-8&response-content-type=image%2Fjpeg&X-Amz-Algorithm=AWS4-HMAC-SHA256&X-Amz-Credential=GOOG1EBMQ2D33SPB3VQ4MMVJEKXWQFNK5WS57JRFVYUSD3ZCA76OC3B74IG7C%2F20260119%2Fus-east-1%2Fs3%2Faws4_request&X-Amz-Date=20260119T145120Z&X-Amz-Expires=3600&X-Amz-SignedHeaders=host&X-Amz-Signature=54248802895b8eec2c8d2f17bc9c103e8c880268734ee7c1f522b76ae7def885,249.1344,438.0048,905.94714,457.54562
08fcda7f-efe8-4164-8264-08b7a9b51395,2,efcio3B,Text,32,(e) Small Power Systems,<p>(e) Small Power Systems</p>,(e) Small Power Systems,,142.632,911.5344,298.94397,24.177551
08fcda7f-efe8-4164-8264-08b7a9b51395,3,glpDQAN,Text,32,". Local distribution boards will be located as close to the load centre as possible for the final circuit distribution. Generally, all Electrical Rooms have been provided to accommodate the MCB/MCCB distribution boards and lighting control accessories.","<p>. Local distribution boards will be located as close to the load centre as possible for the final circuit distribution. Generally, all Electrical Rooms have been provided to accommodate the MCB/MCCB distribution boards and lighting control accessories.</p>",". Local distribution boards will be located as close to the load centre as possible for the final circuit distribution. Generally, all Electrical Rooms have been provided to accommodate the MCB/MCCB distribution boards and lighting control accessories.",,251.0352,953.424,904.6368,77.817566
08fcda7f-efe8-4164-8264-08b7a9b51395,4,u2rpOq1,Text,32,. The electrical circuits for the small power for Plantrooms will be separate from those for the public and staff areas. Surface or concealed conduit will be installed as appropriate.,<p>. The electrical circuits for the small power for Plantrooms will be separate from those for the public and staff areas. Surface or concealed conduit will be installed as appropriate.</p>,. The electrical circuits for the small power for Plantrooms will be separate from those for the public and staff areas. Surface or concealed conduit will be installed as appropriate.,,251.208,1046.8944,904.29114,50.58716
08fcda7f-efe8-4164-8264-08b7a9b51395,5,9qYCil3,Text,32,(f) Low Voltage Cable,<p>(f) Low Voltage Cable</p>,(f) Low Voltage Cable,,142.5888,1112.2704,274.68,24.33606
08fcda7f-efe8-4164-8264-08b7a9b51395,6,fPPU3dF,Text,32,". The type of low voltage cable for general distribution and final circuitry in all general areas of the Station will be LSHF type. For the feeder cables for the fire services installations, the cable will be FR/LSHF type as per FSD requirements.","<p>. The type of low voltage cable for general distribution and final circuitry in all general areas of the Station will be LSHF type. For the feeder cables for the fire services installations, the cable will be FR/LSHF type as per FSD requirements.</p>",". The type of low voltage cable for general distribution and final circuitry in all general areas of the Station will be LSHF type. For the feeder cables for the fire services installations, the cable will be FR/LSHF type as per FSD requirements.",,251.136,1154.4768,904.1616,79.214355
08fcda7f-efe8-4164-8264-08b7a9b51395,7,h7poJHn,Text,32,"· Fire resistant cable shall be provided from battery power pack / Uninterruptible Power Supply (UPS) system to emergency lighting. It shall also be applied to fire services installations, smoke extraction system, escalators and all lifts.","<p>· Fire resistant cable shall be provided from battery power pack / Uninterruptible Power Supply (UPS) system to emergency lighting. It shall also be applied to fire services installations, smoke extraction system, escalators and all lifts.</p>","· Fire resistant cable shall be provided from battery power pack / Uninterruptible Power Supply (UPS) system to emergency lighting. It shall also be applied to fire services installations, smoke extraction system, escalators and all lifts.",,250.7904,1247.5728,904.9392,78.92639
08fcda7f-efe8-4164-8264-08b7a9b51395,8,SJGqtpi,Text,32,"· The option for using cable containment such as conduits, trunking, cable tray, cable ladder, etc. are according to NW&MARWDSM Section 7.8, EMSD COP, BS 7671 IEE Wiring Regulations for Electrical Installations, etc.","<p>· The option for using cable containment such as conduits, trunking, cable tray, cable ladder, etc. are according to NW&MARWDSM Section 7.8, EMSD COP, BS 7671 IEE Wiring Regulations for Electrical Installations, etc.</p>","· The option for using cable containment such as conduits, trunking, cable tray, cable ladder, etc. are according to NW&MARWDSM Section 7.8, EMSD COP, BS 7671 IEE Wiring Regulations for Electrical Installations, etc.",,250.9344,1341.936,904.50726,77.12634
08fcda7f-efe8-4164-8264-08b7a9b51395,9,SmAxYm9,Text,32,"· Power cable sizing will be designed in accordance with the requirements as defined in NW&MARWDSM Section 7.8, the EMSD COP and BS 7671 IEE Wiring Regulations for Electrical Installations.","<p>· Power cable sizing will be designed in accordance with the requirements as defined in NW&MARWDSM Section 7.8, the EMSD COP and BS 7671 IEE Wiring Regulations for Electrical Installations.</p>","· Power cable sizing will be designed in accordance with the requirements as defined in NW&MARWDSM Section 7.8, the EMSD COP and BS 7671 IEE Wiring Regulations for Electrical Installations.",,250.92,1435.4064,904.17596,75.09607
08fcda7f-efe8-4164-8264-08b7a9b51395,10,k8kSk4Q,Text,32,. The correction factors to be considered for the sizing of power cables are as indicated below:,<p>. The correction factors to be considered for the sizing of power cables are as indicated below:</p>,. The correction factors to be considered for the sizing of power cables are as indicated below:,,250.9776,1528.8768,868.50714,24.148804
08fcda7f-efe8-4164-8264-08b7a9b51395,11,mTsWS7f,Text,32,> Grouping factor,<p>> Grouping factor</p>,> Grouping factor,,1366.3872,182.7936,201.34082,23.29921
08fcda7f-efe8-4164-8264-08b7a9b51395,12,yK3ko7a,Text,32,> Ambient temperature,<p>> Ambient temperature</p>,> Ambient temperature,,1366.5887,233.3376,254.7649,23.342392
08fcda7f-efe8-4164-8264-08b7a9b51395,13,jdVxrY8,Text,32,> Thermal Insulation,<p>> Thermal Insulation</p>,> Thermal Insulation,,1366.5743,283.7376,226.2384,22.679993
08fcda7f-efe8-4164-8264-08b7a9b51395,14,trOiW3A,Text,32,> Type of protection device,<p>> Type of protection device</p>,> Type of protection device,,1365.5376,334.9296,288.08643,23.544006
08fcda7f-efe8-4164-8264-08b7a9b51395,15,yFHIZS4,Text,32,> Installation Methods,<p>> Installation Methods</p>,> Installation Methods,,1365.624,385.4448,245.18872,21.959991
08fcda7f-efe8-4164-8264-08b7a9b51395,16,vBUjiCv,Text,32,> Maximum allowance of voltage drop/copper loss,<p>> Maximum allowance of voltage drop/copper loss</p>,> Maximum allowance of voltage drop/copper loss,,1366.128,436.0608,496.656,24.235199
08fcda7f-efe8-4164-8264-08b7a9b51395,17,N5RAHvP,Text,32,(g) Earth Mat,<p>(g) Earth Mat</p>,(g) Earth Mat,,1224.5616,487.4544,200.00159,24.753601
08fcda7f-efe8-4164-8264-08b7a9b51395,18,qrwkncw,Text,32,The design of electrical earthing system for A16 Station is based on the following:,<p>The design of electrical earthing system for A16 Station is based on the following:</p>,The design of electrical earthing system for A16 Station is based on the following:,,1330.5312,525.6288,730.78564,24.350403
08fcda7f-efe8-4164-8264-08b7a9b51395,19,xfSKv_u,Text,32,. The maximum overall resistance to earth = 0.5 ohm,<p>. The maximum overall resistance to earth = 0.5 ohm</p>,. The maximum overall resistance to earth = 0.5 ohm,,1332.7488,581.0256,498.32642,21.44165
08fcda7f-efe8-4164-8264-08b7a9b51395,20,3lxQize,Text,32,. Maximum Rise of Earth Potential = 430V rms for 1.0 second,<p>. Maximum Rise of Earth Potential = 430V rms for 1.0 second</p>,. Maximum Rise of Earth Potential = 430V rms for 1.0 second,,1333.224,620.4384,569.7792,21.729614
08fcda7f-efe8-4164-8264-08b7a9b51395,21,PsNZFMn,Text,32,. Maximum permissible Hand to Hand Touch Potential under fault condition = 116 Vrms for 1.0 second,<p>. Maximum permissible Hand to Hand Touch Potential under fault condition = 116 Vrms for 1.0 second</p>,. Maximum permissible Hand to Hand Touch Potential under fault condition = 116 Vrms for 1.0 second,,1333.4976,659.1888,904.0608,48.91681
08fcda7f-efe8-4164-8264-08b7a9b51395,22,v3TS8Nx,Text,32,"· Maximum permissible Hand to Foot Touch Potential under fault condition = (1000+1.5Ps) x 0.116V for 1.0 second, where Ps is the resistivity of the surface layer material in ohm-m","<p>· Maximum permissible Hand to Foot Touch Potential under fault condition = (1000+1.5Ps) x 0.116V for 1.0 second, where Ps is the resistivity of the surface layer material in ohm-m</p>","· Maximum permissible Hand to Foot Touch Potential under fault condition = (1000+1.5Ps) x 0.116V for 1.0 second, where Ps is the resistivity of the surface layer material in ohm-m",,1332.9792,725.7312,905.02563,52.80481
08fcda7f-efe8-4164-8264-08b7a9b51395,23,3ZE2_yo,Text,32,· Maximum Permissible Step Potential under fault condition = (1000 + 6Ps) x 0.116V for 1.0 seconds,<p>· Maximum Permissible Step Potential under fault condition = (1000 + 6Ps) x 0.116V for 1.0 seconds</p>,· Maximum Permissible Step Potential under fault condition = (1000 + 6Ps) x 0.116V for 1.0 seconds,,1333.4543,793.4112,904.4785,24.20642
08fcda7f-efe8-4164-8264-08b7a9b51395,24,o4hQpGC,Text,32,. The value Maximum grid current under fault condition - to be advised by CLP,<p>. The value Maximum grid current under fault condition - to be advised by CLP</p>,. The value Maximum grid current under fault condition - to be advised by CLP,,1332.5472,833.3136,729.25916,24.019226
08fcda7f-efe8-4164-8264-08b7a9b51395,25,D57J8Fh,Text,32,· Soil resistance - to be determined by site survey.,<p>· Soil resistance - to be determined by site survey.</p>,· Soil resistance - to be determined by site survey.,,1333.6992,873.5616,473.76,23.529602
08fcda7f-efe8-4164-8264-08b7a9b51395,26,nsJrmks,PageFooter,32,Rev. A,"<div class=""page-footer"">Rev. A</div>",Rev. A,,142.0128,1601.28,59.356796,19.209595
08fcda7f-efe8-4164-8264-08b7a9b51395,27,RBXP1EB,PageFooter,32,Page 23,"<div class=""page-footer"">Page 23</div>",Page 23,,1151.6832,1601.0496,72.57593,21.686401
08fcda7f-efe8-4164-8264-08b7a9b51395,28,qpZZEOk,PageFooter,32,January 2023,"<div class=""page-footer"">January 2023</div>",January 2023,,2111.7456,1600.4736,123.09131,22.43518
08fcda7f-efe8-4164-8264-08b7a9b51395,29,Qi-Z3D-,Text,33,AECOM,<p>AECOM</p>,AECOM,,140.4432,49.9536,163.46878,41.774395
08fcda7f-efe8-4164-8264-08b7a9b51395,30,LkgqPhj,PageHeader,33,Consultancy Agreement No. C1501 Design Services for Tuen Ma Extension 2.4C A16 Reference Design Building Services Design Final Report with Federated Design Model and Drawings,"<div class=""page-header"">Consultancy Agreement No. C1501 Design Services for Tuen Ma Extension 2.4C A16 Reference Design Building Services Design Final Report with Federated Design Model and Drawings</div>",Consultancy Agreement No. C1501 Design Services for Tuen Ma Extension 2.4C A16 Reference Design Building Services Design Final Report with Federated Design Model and Drawings,,1259.1216,59.112,978.5088,79.3152
291a0d25-0394-4f68-a50e-91c11a252333,0,d9EpG-I,SectionHeader,33,## 4 ECS SIMULATION,<h2>4 ECS SIMULATION</h2>,## 4 ECS SIMULATION,,142.6176,184.1472,309.0384,25.012802
291a0d25-0394-4f68-a50e-91c11a252333,1,1h3E80j,SectionHeader,33,## 4.1 General,<h2>4.1 General</h2>,## 4.1 General,,142.416,241.7328,189.20161,21.729599
291a0d25-0394-4f68-a50e-91c11a252333,2,Gu-mhDj,Text,33,"4.1.1 The cooling load simulation for the relevant air-conditioned areas at the A16 Station are carried out using computer simulation software. The simulation models have been established mainly based on the building orientation, thermal transfer properties of building materials, architectural plan, population and its variation profile, fresh air demand, air conditioning system operation time as well as the design parameters stipulated in Section 3 such as year round weather data, indoor design conditions, people load, lighting load, BS equipment load, Systemwide E&M equipment load, etc.","<p>4.1.1 The cooling load simulation for the relevant air-conditioned areas at the A16 Station are carried out using computer simulation software. The simulation models have been established mainly based on the building orientation, thermal transfer properties of building materials, architectural plan, population and its variation profile, fresh air demand, air conditioning system operation time as well as the design parameters stipulated in Section 3 such as year round weather data, indoor design conditions, people load, lighting load, BS equipment load, Systemwide E&M equipment load, etc.</p>","4.1.1 The cooling load simulation for the relevant air-conditioned areas at the A16 Station are carried out using computer simulation software. The simulation models have been established mainly based on the building orientation, thermal transfer properties of building materials, architectural plan, population and its variation profile, fresh air demand, air conditioning system operation time as well as the design parameters stipulated in Section 3 such as year round weather data, indoor design conditions, people load, lighting load, BS equipment load, Systemwide E&M equipment load, etc.",,142.3296,293.0688,1013.3856,159.01923
291a0d25-0394-4f68-a50e-91c11a252333,3,WrHemvV,Text,33,"4.1.2 The computer simulation software ""Carrier E2011, Hourly Analysis Program Version 5.10 International Edition"" has been used to compute the hourly cooling load for the main chiller or A/C plant and peak cooling load of individual rooms.","<p>4.1.2 The computer simulation software ""Carrier E2011, Hourly Analysis Program Version 5.10 International Edition"" has been used to compute the hourly cooling load for the main chiller or A/C plant and peak cooling load of individual rooms.</p>","4.1.2 The computer simulation software ""Carrier E2011, Hourly Analysis Program Version 5.10 International Edition"" has been used to compute the hourly cooling load for the main chiller or A/C plant and peak cooling load of individual rooms.",,142.488,477.5184,1013.328,78.94083
291a0d25-0394-4f68-a50e-91c11a252333,4,ZX-EYwo,Text,33,"4.1.3 By adopting the ""Assessment of Station Passengers for Station Cooling Load"" methodology presented in Appendix A to calculate the daily AM and PM peak passenger flow at A16 Station for the design year 2060. The results have been then inserted into the cooling load simulation for the stations. The daily peak population will be recalculated based on the daily passenger flow profile for the station and will be applied to the cooling load simulation at detailed design.","<p>4.1.3 By adopting the ""Assessment of Station Passengers for Station Cooling Load"" methodology presented in Appendix A to calculate the daily AM and PM peak passenger flow at A16 Station for the design year 2060. The results have been then inserted into the cooling load simulation for the stations. The daily peak population will be recalculated based on the daily passenger flow profile for the station and will be applied to the cooling load simulation at detailed design.</p>","4.1.3 By adopting the ""Assessment of Station Passengers for Station Cooling Load"" methodology presented in Appendix A to calculate the daily AM and PM peak passenger flow at A16 Station for the design year 2060. The results have been then inserted into the cooling load simulation for the stations. The daily peak population will be recalculated based on the daily passenger flow profile for the station and will be applied to the cooling load simulation at detailed design.",,142.6464,581.0112,1013.256,133.83356
291a0d25-0394-4f68-a50e-91c11a252333,5,AVD-Jgi,Text,33,4.1.4 The cooling load simulation software has been used to compute the maximum and minimum block cooling load throughout the year at TME A16 Station to establish the capacity and combination of the corresponding main chiller or A/C plant and associated cooling tower. The total required cooling capacity at the individual rooms will be determined by the year round peak cooling load.,<p>4.1.4 The cooling load simulation software has been used to compute the maximum and minimum block cooling load throughout the year at TME A16 Station to establish the capacity and combination of the corresponding main chiller or A/C plant and associated cooling tower. The total required cooling capacity at the individual rooms will be determined by the year round peak cooling load.</p>,4.1.4 The cooling load simulation software has been used to compute the maximum and minimum block cooling load throughout the year at TME A16 Station to establish the capacity and combination of the corresponding main chiller or A/C plant and associated cooling tower. The total required cooling capacity at the individual rooms will be determined by the year round peak cooling load.,,142.488,740.4192,1013.3568,106.142395
291a0d25-0394-4f68-a50e-91c11a252333,6,AjDBvZo,Text,33,"4.1.5 Refer to Appendix B ""ECS Requirements for Staff and Plant Rooms"" for details of MVAC requirement for different areas.","<p>4.1.5 Refer to Appendix B ""ECS Requirements for Staff and Plant Rooms"" for details of MVAC requirement for different areas.</p>","4.1.5 Refer to Appendix B ""ECS Requirements for Staff and Plant Rooms"" for details of MVAC requirement for different areas.",,142.5168,871.4016,1013.4864,49.88159
87005d2b-3573-4c1a-bff4-f6fd72753d39,0,-9KmWTJ,SectionHeader,33,## 4.1.6 Main Chiller Plant and Heat Rejection Plant:,<h2>4.1.6 Main Chiller Plant and Heat Rejection Plant:</h2>,## 4.1.6 Main Chiller Plant and Heat Rejection Plant:,,142.9488,949.1616,500.42883,24.37915
87005d2b-3573-4c1a-bff4-f6fd72753d39,1,kcc3EZv,Text,33,(a) The cooling load simulation result for the main chiller plant at A16 Station is summarized in the following Table 4.1:,<p>(a) The cooling load simulation result for the main chiller plant at A16 Station is summarized in the following Table 4.1:</p>,(a) The cooling load simulation result for the main chiller plant at A16 Station is summarized in the following Table 4.1:,,143.1216,999.8928,1012.24805,51.35034
87005d2b-3573-4c1a-bff4-f6fd72753d39,2,2OCAzK5,Caption,33,Table 4.1: Block Cooling Load Simulation Results for Main Plant,"<span class=""caption"">Table 4.1: Block Cooling Load Simulation Results for Main Plant</span>",Table 4.1: Block Cooling Load Simulation Results for Main Plant,,249.192,1071.4032,579.9168,24.1344
87005d2b-3573-4c1a-bff4-f6fd72753d39,3,X5omF1T,Table,33,"<table>
  <thead>
    <tr>
      <th>Item</th>
      <th>Cooling Load/Capacity<br>(kW)</th>
    </tr>
  </thead>
  <tbody>
    <tr>
      <td>Maximum Station Block Cooling Load</td>
      <td>3,695</td>
    </tr>
    <tr>
      <td>Minimum Station Block Cooling Load</td>
      <td>510.8</td>
    </tr>
    <tr>
      <td>Maximum Station Block Cooling Load (Mid-Night)</td>
      <td>883.9</td>
    </tr>
    <tr>
      <td>Minimum Station Block Cooling Load (Mid-Night)</td>
      <td>501.8</td>
    </tr>
    <tr>
      <td>Chiller Plant Total Cooling Capacity for Station</td>
      <td>5,266</td>
    </tr>
  </tbody>
</table>","<table>
  <thead>
    <tr>
      <th>Item</th>
      <th>Cooling Load/Capacity<br>(kW)</th>
    </tr>
  </thead>
  <tbody>
    <tr>
      <td>Maximum Station Block Cooling Load</td>
      <td>3,695</td>
    </tr>
    <tr>
      <td>Minimum Station Block Cooling Load</td>
      <td>510.8</td>
    </tr>
    <tr>
      <td>Maximum Station Block Cooling Load (Mid-Night)</td>
      <td>883.9</td>
    </tr>
    <tr>
      <td>Minimum Station Block Cooling Load (Mid-Night)</td>
      <td>501.8</td>
    </tr>
    <tr>
      <td>Chiller Plant Total Cooling Capacity for Station</td>
      <td>5,266</td>
    </tr>
  </tbody>
</table>","|                                                  |                            |
|--------------------------------------------------|----------------------------|
| Item                                             | Cooling Load/Capacity (kW) |
| Maximum Station Block Cooling Load               | 3,695                      |
| Minimum Station Block Cooling Load               | 510.8                      |
| Maximum Station Block Cooling Load (Mid-Night)   | 883.9                      |
| Minimum Station Block Cooling Load (Mid-Night)   | 501.8                      |
| Chiller Plant Total Cooling Capacity for Station | 5,266                      |",https://storage.googleapis.com/chunkr-prod-bucket/b1e41788-2d6e-4f8e-ad16-2e39fb334c57/5d9ffc1b-8d78-44ef-813d-5174c6bbebed/images/X5omF1T.jpg?x-id=GetObject&response-content-disposition=inline&response-content-encoding=utf-8&response-content-type=image%2Fjpeg&X-Amz-Algorithm=AWS4-HMAC-SHA256&X-Amz-Credential=GOOG1EBMQ2D33SPB3VQ4MMVJEKXWQFNK5WS57JRFVYUSD3ZCA76OC3B74IG7C%2F20260119%2Fus-east-1%2Fs3%2Faws4_request&X-Amz-Date=20260119T145120Z&X-Amz-Expires=3600&X-Amz-SignedHeaders=host&X-Amz-Signature=1b2537975227a98ce7b7c69c56d2d9a737fa6b3562fed38b2f115c7878d50b7f,226.6704,1106.4528,928.2528,300.08167
87005d2b-3573-4c1a-bff4-f6fd72753d39,4,6GXcpGw,Text,33,"(b) The total cooling capacity required for the chiller plant is 5,266kW which includes a 5% design margin for equipment aging and 10% for future expansion in accordance with NW&MARWDSM 7.7.1.2. By concerning the light load condition during the night-time, one fresh water-cooled chiller is proposed to operate at night-time. Therefore, two (2) number fresh water cooled chillers each rated at 2,124kW (604 RT) cooling capacity and one (1) number fresh water cooled chiller rated at 1,016kW (289 RT) are","<p>(b) The total cooling capacity required for the chiller plant is 5,266kW which includes a 5% design margin for equipment aging and 10% for future expansion in accordance with NW&MARWDSM 7.7.1.2. By concerning the light load condition during the night-time, one fresh water-cooled chiller is proposed to operate at night-time. Therefore, two (2) number fresh water cooled chillers each rated at 2,124kW (604 RT) cooling capacity and one (1) number fresh water cooled chiller rated at 1,016kW (289 RT) are</p>","(b) The total cooling capacity required for the chiller plant is 5,266kW which includes a 5% design margin for equipment aging and 10% for future expansion in accordance with NW&MARWDSM 7.7.1.2. By concerning the light load condition during the night-time, one fresh water-cooled chiller is proposed to operate at night-time. Therefore, two (2) number fresh water cooled chillers each rated at 2,124kW (604 RT) cooling capacity and one (1) number fresh water cooled chiller rated at 1,016kW (289 RT) are",,142.4736,1419.192,1012.70874,133.73279
87005d2b-3573-4c1a-bff4-f6fd72753d39,5,JLLZMLZ,Text,33,proposed to meet the overall cooling requirements for both day-time and night-time operations. The minimum station block cooling load is 501.8kW which is approximately 49% of the total capacity of the low load chiller.,<p>proposed to meet the overall cooling requirements for both day-time and night-time operations. The minimum station block cooling load is 501.8kW which is approximately 49% of the total capacity of the low load chiller.</p>,proposed to meet the overall cooling requirements for both day-time and night-time operations. The minimum station block cooling load is 501.8kW which is approximately 49% of the total capacity of the low load chiller.,,1330.6608,181.6128,908.48157,76.73761
87005d2b-3573-4c1a-bff4-f6fd72753d39,6,CQqgoDM,Text,33,"(c) In the event of a power supply failure, DX air handling units and outdoor units with an essential power backup will be operated to serve those areas where essential cooling is required.","<p>(c) In the event of a power supply failure, DX air handling units and outdoor units with an essential power backup will be operated to serve those areas where essential cooling is required.</p>","(c) In the event of a power supply failure, DX air handling units and outdoor units with an essential power backup will be operated to serve those areas where essential cooling is required.",,1224.5905,273.9456,1013.7743,52.488007
87005d2b-3573-4c1a-bff4-f6fd72753d39,7,-xxOwYY,Text,33,(d) Fresh water evaporative cooling towers and associated condensing water pumps will be provided to reject heat from the chiller condensers. The heat rejection capacity of cooling tower will be equivalent to at least 125% of the cooling capacity.,<p>(d) Fresh water evaporative cooling towers and associated condensing water pumps will be provided to reject heat from the chiller condensers. The heat rejection capacity of cooling tower will be equivalent to at least 125% of the cooling capacity.</p>,(d) Fresh water evaporative cooling towers and associated condensing water pumps will be provided to reject heat from the chiller condensers. The heat rejection capacity of cooling tower will be equivalent to at least 125% of the cooling capacity.,,1224.6768,339.048,1013.7312,79.94879
87005d2b-3573-4c1a-bff4-f6fd72753d39,8,xzbL9ra,Text,33,"(e) As hourly flow figures are available from MTR, the occupancies of concourse and platform at A16 Station are 406 persons and 118 persons respectively. The minimum fresh air supply flow rates required for concourse and platform are 5.2m3/sec and 4.0m3/sec respectively. The cooling load estimation and fresh air requirements will be reviewed once separate hourly flow figures of Public Areas (Entrance, Concourse and Platform) are received from MTR.","<p>(e) As hourly flow figures are available from MTR, the occupancies of concourse and platform at A16 Station are 406 persons and 118 persons respectively. The minimum fresh air supply flow rates required for concourse and platform are 5.2m3/sec and 4.0m3/sec respectively. The cooling load estimation and fresh air requirements will be reviewed once separate hourly flow figures of Public Areas (Entrance, Concourse and Platform) are received from MTR.</p>","(e) As hourly flow figures are available from MTR, the occupancies of concourse and platform at A16 Station are 406 persons and 118 persons respectively. The minimum fresh air supply flow rates required for concourse and platform are 5.2m3/sec and 4.0m3/sec respectively. The cooling load estimation and fresh air requirements will be reviewed once separate hourly flow figures of Public Areas (Entrance, Concourse and Platform) are received from MTR.",,1224.7632,431.064,1013.3137,133.80478
87005d2b-3573-4c1a-bff4-f6fd72753d39,9,KCFZBkK,Text,33,"(f) As advised by MTR, the exfiltration flow rate from platform to each track to the platform through PSD is 2m3/sec and the total exfiltration flow rate from the up and down tracks from the platform is assumed to be 4m3/sec. The fresh air supply rate for the Station concourse and platform public areas is designed to larger than the trackway exfiltration flow rate and exhaust airflow rate of toilets at the concourse, which will have sufficient quantity to maintain a positive pressure relative to the outside. Therefore, infiltration is considered not likely to occur during normal operation and hence, it can be disregarded in the cooling load simulation.","<p>(f) As advised by MTR, the exfiltration flow rate from platform to each track to the platform through PSD is 2m3/sec and the total exfiltration flow rate from the up and down tracks from the platform is assumed to be 4m3/sec. The fresh air supply rate for the Station concourse and platform public areas is designed to larger than the trackway exfiltration flow rate and exhaust airflow rate of toilets at the concourse, which will have sufficient quantity to maintain a positive pressure relative to the outside. Therefore, infiltration is considered not likely to occur during normal operation and hence, it can be disregarded in the cooling load simulation.</p>","(f) As advised by MTR, the exfiltration flow rate from platform to each track to the platform through PSD is 2m3/sec and the total exfiltration flow rate from the up and down tracks from the platform is assumed to be 4m3/sec. The fresh air supply rate for the Station concourse and platform public areas is designed to larger than the trackway exfiltration flow rate and exhaust airflow rate of toilets at the concourse, which will have sufficient quantity to maintain a positive pressure relative to the outside. Therefore, infiltration is considered not likely to occur during normal operation and hence, it can be disregarded in the cooling load simulation.",,1224.8496,577.8288,1012.69434,187.04163
9a776103-90aa-4a00-aa22-00f2f72ee5ea,0,uaF5KNT,SectionHeader,33,## 4.1.7 Main Public Areas,<h2>4.1.7 Main Public Areas</h2>,## 4.1.7 Main Public Areas,,1224.2303,790.56,271.1089,21.960022
9a776103-90aa-4a00-aa22-00f2f72ee5ea,1,13UOJq2,Text,33,(a) The estimated peak cooling loads for the main public areas at A16 are as summarized in Table 4.2 below:,<p>(a) The estimated peak cooling loads for the main public areas at A16 are as summarized in Table 4.2 below:</p>,(a) The estimated peak cooling loads for the main public areas at A16 are as summarized in Table 4.2 below:,,1224.6335,840.4416,1012.8816,49.16162
9a776103-90aa-4a00-aa22-00f2f72ee5ea,2,gAMw0GO,Caption,33,Table 4.2: A16 Station - Peak Cooling Load Simulation Results for Main Public Areas,"<span class=""caption"">Table 4.2: A16 Station - Peak Cooling Load Simulation Results for Main Public Areas</span>",Table 4.2: A16 Station - Peak Cooling Load Simulation Results for Main Public Areas,,1330.9775,912.7728,766.9729,24.20636
9a776103-90aa-4a00-aa22-00f2f72ee5ea,3,TEHIzKB,Table,33,"<table>
  <thead>
    <tr>
      <th>Area</th>
      <th>Total/Sensible Coil Load<br>(kW / kW)</th>
      <th>Total/Sensible Space Load<br>(kW)</th>
      <th>Supply Air Flow<br>(m<sup>3</sup>/s)</th>
    </tr>
  </thead>
  <tbody>
    <tr>
      <td>Concourse</td>
      <td>792.9 / 564.6</td>
      <td>460.2 / 448.4</td>
      <td>33.4</td>
    </tr>
    <tr>
      <td>Platform</td>
      <td>588.8 / 421.8</td>
      <td>336.6 / 333.8</td>
      <td>26.6</td>
    </tr>
  </tbody>
</table>","<table>
  <thead>
    <tr>
      <th>Area</th>
      <th>Total/Sensible Coil Load<br>(kW / kW)</th>
      <th>Total/Sensible Space Load<br>(kW)</th>
      <th>Supply Air Flow<br>(m<sup>3</sup>/s)</th>
    </tr>
  </thead>
  <tbody>
    <tr>
      <td>Concourse</td>
      <td>792.9 / 564.6</td>
      <td>460.2 / 448.4</td>
      <td>33.4</td>
    </tr>
    <tr>
      <td>Platform</td>
      <td>588.8 / 421.8</td>
      <td>336.6 / 333.8</td>
      <td>26.6</td>
    </tr>
  </tbody>
</table>","|           |                                    |                                |                        |
|-----------|------------------------------------|--------------------------------|------------------------|
| Area      | Total/Sensible Coil Load (kW / kW) | Total/Sensible Space Load (kW) | Supply Air Flow (m3/s) |
| Concourse | 792.9 / 564.6                      | 460.2 / 448.4                  | 33.4                   |
| Platform  | 588.8 / 421.8                      | 336.6 / 333.8                  | 26.6                   |",https://storage.googleapis.com/chunkr-prod-bucket/b1e41788-2d6e-4f8e-ad16-2e39fb334c57/5d9ffc1b-8d78-44ef-813d-5174c6bbebed/images/TEHIzKB.jpg?x-id=GetObject&response-content-disposition=inline&response-content-encoding=utf-8&response-content-type=image%2Fjpeg&X-Amz-Algorithm=AWS4-HMAC-SHA256&X-Amz-Credential=GOOG1EBMQ2D33SPB3VQ4MMVJEKXWQFNK5WS57JRFVYUSD3ZCA76OC3B74IG7C%2F20260119%2Fus-east-1%2Fs3%2Faws4_request&X-Amz-Date=20260119T145120Z&X-Amz-Expires=3600&X-Amz-SignedHeaders=host&X-Amz-Signature=b5f17bf40448e71d67ef5dc4c4cfe8e89ee69d17af091cd1481c090600bce174,1333.3824,946.512,903.98865,164.85114
9a776103-90aa-4a00-aa22-00f2f72ee5ea,4,5mcgr7N,Text,33,"(b) Based on the estimated peak coil loads and room loads as well as supply air flow required for the respective areas, an additional 10% design safety margin will be allowed in the sizing of the ECS equipment. The Major BS Equipment and plant Schedule is provided in Appendix D.","<p>(b) Based on the estimated peak coil loads and room loads as well as supply air flow required for the respective areas, an additional 10% design safety margin will be allowed in the sizing of the ECS equipment. The Major BS Equipment and plant Schedule is provided in Appendix D.</p>","(b) Based on the estimated peak coil loads and room loads as well as supply air flow required for the respective areas, an additional 10% design safety margin will be allowed in the sizing of the ECS equipment. The Major BS Equipment and plant Schedule is provided in Appendix D.",,1224.5328,1124.136,1013.64465,79.920044
9a776103-90aa-4a00-aa22-00f2f72ee5ea,5,3UTP6zY,Text,33,4.1.8 Essential Air-Conditioned Rooms,<p>4.1.8 Essential Air-Conditioned Rooms</p>,4.1.8 Essential Air-Conditioned Rooms,,1223.9424,1229.8608,402.43677,21.700806
9a776103-90aa-4a00-aa22-00f2f72ee5ea,6,6c7V1R6,Text,33,(a) The estimated peak cooling load for respective rooms with essential air conditioning provisions at A16 are as summarized in Table 4.3 below:,<p>(a) The estimated peak cooling load for respective rooms with essential air conditioning provisions at A16 are as summarized in Table 4.3 below:</p>,(a) The estimated peak cooling load for respective rooms with essential air conditioning provisions at A16 are as summarized in Table 4.3 below:,,1224.648,1279.7136,1013.2273,50.126343
9a776103-90aa-4a00-aa22-00f2f72ee5ea,7,iJOKvWl,PageFooter,33,Rev. A,"<div class=""page-footer"">Rev. A</div>",Rev. A,,142.2144,1601.5248,58.98239,18.691162
9a776103-90aa-4a00-aa22-00f2f72ee5ea,8,2wANStb,PageFooter,33,Page 24,"<div class=""page-footer"">Page 24</div>",Page 24,,1152.0,1601.4816,72.66235,20.836792
9a776103-90aa-4a00-aa22-00f2f72ee5ea,9,yKlXH5G,PageFooter,33,January 2023,"<div class=""page-footer"">January 2023</div>",January 2023,,2111.6592,1600.7904,123.076904,21.902344
9a776103-90aa-4a00-aa22-00f2f72ee5ea,10,ZvtSDdx,PageHeader,34,AECOM,"<div class=""page-header"">AECOM</div>",AECOM,,140.256,50.8032,163.7712,40.463997
9a776103-90aa-4a00-aa22-00f2f72ee5ea,11,-yVuhSr,PageHeader,34,Consultancy Agreement No. C1501 Design Services for Tuen Ma Extension 2.4C A16 Reference Design Building Services Design Final Report with Federated Design Model and Drawings,"<div class=""page-header"">Consultancy Agreement No. C1501 Design Services for Tuen Ma Extension 2.4C A16 Reference Design Building Services Design Final Report with Federated Design Model and Drawings</div>",Consultancy Agreement No. C1501 Design Services for Tuen Ma Extension 2.4C A16 Reference Design Building Services Design Final Report with Federated Design Model and Drawings,,1259.8848,59.5584,977.8176,78.48001
9a776103-90aa-4a00-aa22-00f2f72ee5ea,12,psv4REF,Caption,34,Table 4.3: A16 Station - Peak Cooling Load Simulation Results for Rooms with Essential Air Conditioning Provisions,"<span class=""caption"">Table 4.3: A16 Station - Peak Cooling Load Simulation Results for Rooms with Essential Air Conditioning Provisions</span>",Table 4.3: A16 Station - Peak Cooling Load Simulation Results for Rooms with Essential Air Conditioning Provisions,,248.6592,182.0016,906.68164,50.947205
9a776103-90aa-4a00-aa22-00f2f72ee5ea,13,f92nFvz,Table,34,"<table>
  <thead>
    <tr>
      <th>Area</th>
      <th>Peak Total Coil Load (kW)</th>
      <th>Supply Air Flow (m<sup>3</sup>/s)</th>
    </tr>
  </thead>
  <tbody>
    <tr>
      <td>Common Telecom Equipment Room (CTER)</td>
      <td>103.9</td>
      <td>7.5</td>
    </tr>
    <tr>
      <td>Telecom Equipment Room (TER)</td>
      <td>49.1</td>
      <td>3.5</td>
    </tr>
    <tr>
      <td>Signalling Equipment Room (SER)</td>
      <td>53.1</td>
      <td>3.8</td>
    </tr>
    <tr>
      <td>Networking Equipment Room (NER)</td>
      <td>50.0</td>
      <td>3.5</td>
    </tr>
    <tr>
      <td>TECS Control Room 1</td>
      <td>28.7</td>
      <td>2.0</td>
    </tr>
    <tr>
      <td>TECS Control Room 2</td>
      <td>29.2</td>
      <td>2.0</td>
    </tr>
    <tr>
      <td>TECS Control Room 3</td>
      <td>27.3</td>
      <td>1.9</td>
    </tr>
    <tr>
      <td>TECS Control Room 4</td>
      <td>29.0</td>
      <td>2.0</td>
    </tr>
    <tr>
      <td>ECS Control Room 1</td>
      <td>75.1</td>
      <td>5.4</td>
    </tr>
    <tr>
      <td>ECS Control Room 2</td>
      <td>24.8</td>
      <td>1.9</td>
    </tr>
    <tr>
      <td>ECS Control Room 3</td>
      <td>14.8</td>
      <td>1.1</td>
    </tr>
    <tr>
      <td>ECS Control Room 4</td>
      <td>10.7</td>
      <td>0.8</td>
    </tr>
    <tr>
      <td>ECS Control Room 6</td>
      <td>11.4</td>
      <td>0.8</td>
    </tr>
    <tr>
      <td>Fire Control Room</td>
      <td>40.2</td>
      <td>2.8</td>
    </tr>
    <tr>
      <td>UPS Room 1</td>
      <td>55.6</td>
      <td>4.0</td>
    </tr>
    <tr>
      <td>UPS Room 2</td>
      <td>71.8</td>
      <td>5.1</td>
    </tr>
    <tr>
      <td>CTR 1</td>
      <td>37.5</td>
      <td>2.6</td>
    </tr>
    <tr>
      <td>CTR 2</td>
      <td>37.5</td>
      <td>2.6</td>
    </tr>
  </tbody>
</table>","<table>
  <thead>
    <tr>
      <th>Area</th>
      <th>Peak Total Coil Load (kW)</th>
      <th>Supply Air Flow (m<sup>3</sup>/s)</th>
    </tr>
  </thead>
  <tbody>
    <tr>
      <td>Common Telecom Equipment Room (CTER)</td>
      <td>103.9</td>
      <td>7.5</td>
    </tr>
    <tr>
      <td>Telecom Equipment Room (TER)</td>
      <td>49.1</td>
      <td>3.5</td>
    </tr>
    <tr>
      <td>Signalling Equipment Room (SER)</td>
      <td>53.1</td>
      <td>3.8</td>
    </tr>
    <tr>
      <td>Networking Equipment Room (NER)</td>
      <td>50.0</td>
      <td>3.5</td>
    </tr>
    <tr>
      <td>TECS Control Room 1</td>
      <td>28.7</td>
      <td>2.0</td>
    </tr>
    <tr>
      <td>TECS Control Room 2</td>
      <td>29.2</td>
      <td>2.0</td>
    </tr>
    <tr>
      <td>TECS Control Room 3</td>
      <td>27.3</td>
      <td>1.9</td>
    </tr>
    <tr>
      <td>TECS Control Room 4</td>
      <td>29.0</td>
      <td>2.0</td>
    </tr>
    <tr>
      <td>ECS Control Room 1</td>
      <td>75.1</td>
      <td>5.4</td>
    </tr>
    <tr>
      <td>ECS Control Room 2</td>
      <td>24.8</td>
      <td>1.9</td>
    </tr>
    <tr>
      <td>ECS Control Room 3</td>
      <td>14.8</td>
      <td>1.1</td>
    </tr>
    <tr>
      <td>ECS Control Room 4</td>
      <td>10.7</td>
      <td>0.8</td>
    </tr>
    <tr>
      <td>ECS Control Room 6</td>
      <td>11.4</td>
      <td>0.8</td>
    </tr>
    <tr>
      <td>Fire Control Room</td>
      <td>40.2</td>
      <td>2.8</td>
    </tr>
    <tr>
      <td>UPS Room 1</td>
      <td>55.6</td>
      <td>4.0</td>
    </tr>
    <tr>
      <td>UPS Room 2</td>
      <td>71.8</td>
      <td>5.1</td>
    </tr>
    <tr>
      <td>CTR 1</td>
      <td>37.5</td>
      <td>2.6</td>
    </tr>
    <tr>
      <td>CTR 2</td>
      <td>37.5</td>
      <td>2.6</td>
    </tr>
  </tbody>
</table>","|                                      |                           |                        |
|--------------------------------------|---------------------------|------------------------|
| Area                                 | Peak Total Coil Load (kW) | Supply Air Flow (m3/s) |
| Common Telecom Equipment Room (CTER) | 103.9                     | 7.5                    |
| Telecom Equipment Room (TER)         | 49.1                      | 3.5                    |
| Signalling Equipment Room (SER)      | 53.1                      | 3.8                    |
| Networking Equipment Room (NER)      | 50.0                      | 3.5                    |
| TECS Control Room 1                  | 28.7                      | 2.0                    |
| TECS Control Room 2                  | 29.2                      | 2.0                    |
| TECS Control Room 3                  | 27.3                      | 1.9                    |
| TECS Control Room 4                  | 29.0                      | 2.0                    |
| ECS Control Room 1                   | 75.1                      | 5.4                    |
| ECS Control Room 2                   | 24.8                      | 1.9                    |
| ECS Control Room 3                   | 14.8                      | 1.1                    |
| ECS Control Room 4                   | 10.7                      | 0.8                    |
| ECS Control Room 6                   | 11.4                      | 0.8                    |
| Fire Control Room                    | 40.2                      | 2.8                    |
| UPS Room 1                           | 55.6                      | 4.0                    |
| UPS Room 2                           | 71.8                      | 5.1                    |
| CTR 1                                | 37.5                      | 2.6                    |
| CTR 2                                | 37.5                      | 2.6                    |",https://storage.googleapis.com/chunkr-prod-bucket/b1e41788-2d6e-4f8e-ad16-2e39fb334c57/5d9ffc1b-8d78-44ef-813d-5174c6bbebed/images/f92nFvz.jpg?x-id=GetObject&response-content-disposition=inline&response-content-encoding=utf-8&response-content-type=image%2Fjpeg&X-Amz-Algorithm=AWS4-HMAC-SHA256&X-Amz-Credential=GOOG1EBMQ2D33SPB3VQ4MMVJEKXWQFNK5WS57JRFVYUSD3ZCA76OC3B74IG7C%2F20260119%2Fus-east-1%2Fs3%2Faws4_request&X-Amz-Date=20260119T145120Z&X-Amz-Expires=3600&X-Amz-SignedHeaders=host&X-Amz-Signature=59419e24a5a8f8f57dac8749d13dcbda63bf188aa73b9f12787b1a3cad1d3775,248.2416,243.1008,905.8032,895.1616
9a776103-90aa-4a00-aa22-00f2f72ee5ea,14,jUIs1nx,Text,34,Note:,<p>Note:</p>,Note:,,261.216,1146.96,48.974396,17.438477
9a776103-90aa-4a00-aa22-00f2f72ee5ea,15,P1AE_mc,Text,34,(1) The figures outlined in Table 4.3 only include the cooling load simulation result for respective rooms with essential air conditioning provisions using chilled water system. Cooling load simulation result for rooms with essential air conditioning provisions using chilled water system is provided in Appendix B.,<p>(1) The figures outlined in Table 4.3 only include the cooling load simulation result for respective rooms with essential air conditioning provisions using chilled water system. Cooling load simulation result for rooms with essential air conditioning provisions using chilled water system is provided in Appendix B.</p>,(1) The figures outlined in Table 4.3 only include the cooling load simulation result for respective rooms with essential air conditioning provisions using chilled water system. Cooling load simulation result for rooms with essential air conditioning provisions using chilled water system is provided in Appendix B.,,262.1808,1178.4528,881.85596,72.15845
9a776103-90aa-4a00-aa22-00f2f72ee5ea,16,NF1HH5s,Text,34,"(b) Similarly, an additional 10% design safety margin will also be allowed in the sizing of the ECS equipment serving these rooms. The Major Plant and Equipment Schedule is provided in Appendix D.","<p>(b) Similarly, an additional 10% design safety margin will also be allowed in the sizing of the ECS equipment serving these rooms. The Major Plant and Equipment Schedule is provided in Appendix D.</p>","(b) Similarly, an additional 10% design safety margin will also be allowed in the sizing of the ECS equipment serving these rooms. The Major Plant and Equipment Schedule is provided in Appendix D.",,142.6752,1275.336,1012.32007,52.22876
9a776103-90aa-4a00-aa22-00f2f72ee5ea,17,Fvf5dPS,PageFooter,34,Rev. A,"<div class=""page-footer"">Rev. A</div>",Rev. A,,142.1856,1601.7983,59.14081,18.40332
9a776103-90aa-4a00-aa22-00f2f72ee5ea,18,NRAQttF,PageFooter,34,Page 25,"<div class=""page-footer"">Page 25</div>",Page 25,,1152.072,1601.5824,72.21594,20.908813
9a776103-90aa-4a00-aa22-00f2f72ee5ea,19,Wbx0L9E,PageFooter,34,January 2023,"<div class=""page-footer"">January 2023</div>",January 2023,,2111.7888,1600.9344,123.163086,21.815918
9a776103-90aa-4a00-aa22-00f2f72ee5ea,20,WtMHDoV,PageHeader,35,AECOM,"<div class=""page-header"">AECOM</div>",AECOM,,140.256,49.7808,163.5984,41.904
9a776103-90aa-4a00-aa22-00f2f72ee5ea,21,79A7K-0,PageHeader,35,Consultancy Agreement No. C1501 Design Services for Tuen Ma Extension 2.4C A16 Reference Design Building Services Design Final Report with Federated Design Model and Drawings,"<div class=""page-header"">Consultancy Agreement No. C1501 Design Services for Tuen Ma Extension 2.4C A16 Reference Design Building Services Design Final Report with Federated Design Model and Drawings</div>",Consultancy Agreement No. C1501 Design Services for Tuen Ma Extension 2.4C A16 Reference Design Building Services Design Final Report with Federated Design Model and Drawings,,1259.208,58.9248,978.43677,79.5168
edc6899f-09de-43b5-bbed-ac528c666016,0,NDOoT4_,SectionHeader,35,## 5 POWER SUPPLY REQUIREMENTS,<h2>5 POWER SUPPLY REQUIREMENTS</h2>,## 5 POWER SUPPLY REQUIREMENTS,,142.9056,183.7008,486.6624,26.582397
edc6899f-09de-43b5-bbed-ac528c666016,1,5tnNAro,SectionHeader,35,## 5.1 General,<h2>5.1 General</h2>,## 5.1 General,,142.2864,241.5456,189.432,22.060822
edc6899f-09de-43b5-bbed-ac528c666016,2,fmw_QmM,Text,35,5.1.1 The electrical power supply requirements for A16 Station are summarised in this Section.,<p>5.1.1 The electrical power supply requirements for A16 Station are summarised in this Section.</p>,5.1.1 The electrical power supply requirements for A16 Station are summarised in this Section.,,142.4016,293.112,905.2848,24.494415
d2aacad3-9c83-4815-b07a-96b700410c27,0,VVa6_Xe,SectionHeader,35,## 5.2 11kV Power Supply Network Summary,<h2>5.2 11kV Power Supply Network Summary</h2>,## 5.2 11kV Power Supply Network Summary,,142.3008,343.7136,496.18085,27.734406
d2aacad3-9c83-4815-b07a-96b700410c27,1,w3zYXVJ,Text,35,5.2.1 The 11kV power supply to A16 Station will be fed from CLP. The HV plant and associated cabling works will be supplied and installed by CLP. The design of the Transformer Rooms will comply with CLP Code of Practice No. 101.,<p>5.2.1 The 11kV power supply to A16 Station will be fed from CLP. The HV plant and associated cabling works will be supplied and installed by CLP. The design of the Transformer Rooms will comply with CLP Code of Practice No. 101.</p>,5.2.1 The 11kV power supply to A16 Station will be fed from CLP. The HV plant and associated cabling works will be supplied and installed by CLP. The design of the Transformer Rooms will comply with CLP Code of Practice No. 101.,,142.5024,396.4608,1013.0256,77.097626
d2aacad3-9c83-4815-b07a-96b700410c27,2,Pn6pTIf,Text,35,"5.2.2 In accordance with FSD requirements, transformers fed from two different power supply sources will not be installed within the same Transformer Room.","<p>5.2.2 In accordance with FSD requirements, transformers fed from two different power supply sources will not be installed within the same Transformer Room.</p>","5.2.2 In accordance with FSD requirements, transformers fed from two different power supply sources will not be installed within the same Transformer Room.",,142.3584,501.1056,1013.15515,50.817627
d2aacad3-9c83-4815-b07a-96b700410c27,3,YRYjz-M,Text,35,"5.2.3 In order to avoid a blackout caused by the failure of the 11kV power source, a dual electrical power supply system arrangement will be provided. A pair of transformers located in separate transformer rooms will be fed from a different CLP 11kV power source and will be strategically paired together for providing a dual power source to the LV Switch Board.","<p>5.2.3 In order to avoid a blackout caused by the failure of the 11kV power source, a dual electrical power supply system arrangement will be provided. A pair of transformers located in separate transformer rooms will be fed from a different CLP 11kV power source and will be strategically paired together for providing a dual power source to the LV Switch Board.</p>","5.2.3 In order to avoid a blackout caused by the failure of the 11kV power source, a dual electrical power supply system arrangement will be provided. A pair of transformers located in separate transformer rooms will be fed from a different CLP 11kV power source and will be strategically paired together for providing a dual power source to the LV Switch Board.",,142.56,578.4048,1013.4576,107.00641
4618f575-bd32-4b38-9486-a886ea28f63c,0,CA7Lv6m,SectionHeader,35,"## 5.2.4 For the power supply scheme, please refer to Appendix C2 or Figure 5.1 below.","<h2>5.2.4 For the power supply scheme, please refer to Appendix C2 or Figure 5.1 below.</h2>","## 5.2.4 For the power supply scheme, please refer to Appendix C2 or Figure 5.1 below.",,142.5024,710.64,816.3648,25.416016
4618f575-bd32-4b38-9486-a886ea28f63c,1,gcz7_7n,Text,35,1. EQUIPMENT SHOWN IN HIDDEN LINE IN THIS DRAWING SHALL BE SUPPLIED & INSTALLED BY CLP.,<p>1. EQUIPMENT SHOWN IN HIDDEN LINE IN THIS DRAWING SHALL BE SUPPLIED & INSTALLED BY CLP.</p>,1. EQUIPMENT SHOWN IN HIDDEN LINE IN THIS DRAWING SHALL BE SUPPLIED & INSTALLED BY CLP.,,223.488,757.6128,345.1824,11.995178
4618f575-bd32-4b38-9486-a886ea28f63c,2,4Fxbn_P,Picture,35,"**CLP 11kV POWER SUPPLY ARRANGEMENT FOR A16 STATION**

**A16 STATION**

**AT A16 STATION SOUTH END SIDE**

*   **LV MAIN SWITCHBOARD 1**
    *   **LV MAIN SWITCHROOM 1**
    *   **Busbar 1**
        *   **Non-ESS Loads** (connected via NC breaker)
        *   **ESS Loads** (connected via NC breaker)
        *   **Concession Loads** (2 loads, each connected via NC breaker)
        *   **ESS Loads** (connected via NC breaker)
        *   **Non-ESS Loads** (connected via NC breaker)
    *   **Automatic Elec. & Mech. Interlock** (connected to Busbar 1)
    *   **Incoming Feeder 1 (CLP TR A1)**
        *   11kV/380V Transformer (CLP TR A1)
        *   Connected to Busbar 1 via NC breaker.
        *   Connected to CLP 11kV Network Source A via dashed blue line.
    *   **Incoming Feeder 2 (CLP TR B1)**
        *   11kV/380V Transformer (CLP TR B1)
        *   Connected to Busbar 1 via NC breaker.
        *   Connected to CLP 11kV Network Source B via dashed red line.

**CLP HV CABLE RUN IN UNDERGROUND CABLE DUCT**

*   Dashed blue line from CLP 11kV Network Source A to CLP TR A1.
*   Dashed red line from CLP 11kV Network Source B to CLP TR B1.

**AT A16 STATION NORTH END SIDE**

*   **LV MAIN SWITCHBOARD 2**
    *   **LV MAIN SWITCHROOM 2**
    *   **Busbar 2**
        *   **Non-ESS Loads** (connected via NC breaker)
        *   **ESS Loads** (connected via NC breaker)
        *   **Concession Loads** (2 loads, each connected via NC breaker)
        *   **ESS Loads** (connected via NC breaker)
        *   **Non-ESS Loads** (connected via NC breaker)
    *   **Automatic Elec. & Mech. Interlock** (connected to Busbar 2)
    *   **Incoming Feeder 3 (CLP TR A2)**
        *   11kV/380V Transformer (CLP TR A2)
        *   Connected to Busbar 2 via NC breaker.
        *   Connected to CLP 11kV Network Source A via dashed blue line.
    *   **Incoming Feeder 4 (CLP TR B2)**
        *   11kV/380V Transformer (CLP TR B2)
        *   Connected to Busbar 2 via NC breaker.
        *   Connected to CLP 11kV Network Source B via dashed red line.

**CLP 11kV Network Source A** (connected to CLP TR A1 and CLP TR A2 via dashed blue lines)

**CLP 11kV Network Source B** (connected to CLP TR B1 and CLP TR B2 via dashed red lines)
","<div class=""picture"">A16 STATION NON ESS. ESS CONCESSION LOADS CONCESSION ESS NON ESS. NON ESS ESS CONCESSION LOADS ESS LOADS NON ESS. LOADS LOADS LOADS LOADS LOADS CONCESSION LOADS LOADS LOADS LOADS NIC NC NC NO NIC NC NIC NC NC NO NIC to NON-ESS. BUSBAR ESS ESS NON-ESS. BUSBAR BUSBAR BUSBAR NON-ESS. ESS ESS NON-ESS. AUTOMATIC BUSBAR BUSBAR AUTOMATIC BUSBAR BUISBAR ELEC. & MECH INTERLOCK ELEC & MECH INTERLOCK NC NC NC NC LV MAIN SWITCHBOARD 1 LV MAIN SWITCHBOARD 2 LV MAIN SWITCHROOM 1 LV MAIN SWITCHROOM 2 AT A16 STATION SOUTH END SIDE 11kV/380Y 11kV/380Y CLP TX-B2 11KW/380V CLP TX-A2 11kw/380V CLP 1X-A1 CLP TX-B1 AT A16 STATION NORTH END SIDE KINC NC N NC CLP HIV CABLE RUN IN UNDERGROUND CABLE DUCT CLP TX. RM A1 CLP TX. RM 82 CLP TX RM A2 CLP TX. RM 81 CLP 11kV Network Source A CLP 11kV Network Source B CLP 11kV POWER SUPPLY ARRANGEMENT FOR A16 STATION</div>","**CLP 11kV POWER SUPPLY ARRANGEMENT FOR A16 STATION**

**A16 STATION**

**AT A16 STATION SOUTH END SIDE**

*   **LV MAIN SWITCHBOARD 1**
    *   **LV MAIN SWITCHROOM 1**
    *   **Busbar 1**
        *   **Non-ESS Loads** (connected via NC breaker)
        *   **ESS Loads** (connected via NC breaker)
        *   **Concession Loads** (2 loads, each connected via NC breaker)
        *   **ESS Loads** (connected via NC breaker)
        *   **Non-ESS Loads** (connected via NC breaker)
    *   **Automatic Elec. & Mech. Interlock** (connected to Busbar 1)
    *   **Incoming Feeder 1 (CLP TR A1)**
        *   11kV/380V Transformer (CLP TR A1)
        *   Connected to Busbar 1 via NC breaker.
        *   Connected to CLP 11kV Network Source A via dashed blue line.
    *   **Incoming Feeder 2 (CLP TR B1)**
        *   11kV/380V Transformer (CLP TR B1)
        *   Connected to Busbar 1 via NC breaker.
        *   Connected to CLP 11kV Network Source B via dashed red line.

**CLP HV CABLE RUN IN UNDERGROUND CABLE DUCT**

*   Dashed blue line from CLP 11kV Network Source A to CLP TR A1.
*   Dashed red line from CLP 11kV Network Source B to CLP TR B1.

**AT A16 STATION NORTH END SIDE**

*   **LV MAIN SWITCHBOARD 2**
    *   **LV MAIN SWITCHROOM 2**
    *   **Busbar 2**
        *   **Non-ESS Loads** (connected via NC breaker)
        *   **ESS Loads** (connected via NC breaker)
        *   **Concession Loads** (2 loads, each connected via NC breaker)
        *   **ESS Loads** (connected via NC breaker)
        *   **Non-ESS Loads** (connected via NC breaker)
    *   **Automatic Elec. & Mech. Interlock** (connected to Busbar 2)
    *   **Incoming Feeder 3 (CLP TR A2)**
        *   11kV/380V Transformer (CLP TR A2)
        *   Connected to Busbar 2 via NC breaker.
        *   Connected to CLP 11kV Network Source A via dashed blue line.
    *   **Incoming Feeder 4 (CLP TR B2)**
        *   11kV/380V Transformer (CLP TR B2)
        *   Connected to Busbar 2 via NC breaker.
        *   Connected to CLP 11kV Network Source B via dashed red line.

**CLP 11kV Network Source A** (connected to CLP TR A1 and CLP TR A2 via dashed blue lines)

**CLP 11kV Network Source B** (connected to CLP TR B1 and CLP TR B2 via dashed red lines)
",https://storage.googleapis.com/chunkr-prod-bucket/b1e41788-2d6e-4f8e-ad16-2e39fb334c57/5d9ffc1b-8d78-44ef-813d-5174c6bbebed/images/4Fxbn_P.jpg?x-id=GetObject&response-content-disposition=inline&response-content-encoding=utf-8&response-content-type=image%2Fjpeg&X-Amz-Algorithm=AWS4-HMAC-SHA256&X-Amz-Credential=GOOG1EBMQ2D33SPB3VQ4MMVJEKXWQFNK5WS57JRFVYUSD3ZCA76OC3B74IG7C%2F20260119%2Fus-east-1%2Fs3%2Faws4_request&X-Amz-Date=20260119T145120Z&X-Amz-Expires=3600&X-Amz-SignedHeaders=host&X-Amz-Signature=fe2b4088a67c1fb448899e57e945a2b4d8df6d853e2c73bcc81e545786217974,215.8272,785.6352,935.7696,642.67206
4618f575-bd32-4b38-9486-a886ea28f63c,3,-kVjtG0,Caption,35,Figure 5.1: Power Supply Scheme for A16 Station,"<span class=""caption"">Figure 5.1: Power Supply Scheme for A16 Station</span>",Figure 5.1: Power Supply Scheme for A16 Station,,493.9632,1454.2416,448.776,24.148804
4618f575-bd32-4b38-9486-a886ea28f63c,4,n4MhWNe,Text,35,5.2.5 One of the transformers in each pair will be directly fed by the HV Switch Board installed in the same transformer room. The other transformer in each pair will be cross fed by the HV switch board installed,<p>5.2.5 One of the transformers in each pair will be directly fed by the HV Switch Board installed in the same transformer room. The other transformer in each pair will be cross fed by the HV switch board installed</p>,5.2.5 One of the transformers in each pair will be directly fed by the HV Switch Board installed in the same transformer room. The other transformer in each pair will be cross fed by the HV switch board installed,,142.3872,1504.872,1012.34875,50.472046
4618f575-bd32-4b38-9486-a886ea28f63c,5,o8x0oWD,Text,35,"at the other end of the Station. For this cross-feed arrangement, two (2) out of the four (4) transformer rooms will be equipped with HV switch board.","<p>at the other end of the Station. For this cross-feed arrangement, two (2) out of the four (4) transformer rooms will be equipped with HV switch board.</p>","at the other end of the Station. For this cross-feed arrangement, two (2) out of the four (4) transformer rooms will be equipped with HV switch board.",,1331.2656,181.4544,907.3728,51.3936
4618f575-bd32-4b38-9486-a886ea28f63c,6,eoUwEL_,Text,35,5.2.6 The power supply source for the south end HV switch board will be fed from CLP 11kV network from one of the nearby primary substation (exact substation name to be advised by CLP) and the north end HV switch board will be fed from alternative CLP 11kV network from another nearby primary substation (exact substation name to be advised by CLP).,<p>5.2.6 The power supply source for the south end HV switch board will be fed from CLP 11kV network from one of the nearby primary substation (exact substation name to be advised by CLP) and the north end HV switch board will be fed from alternative CLP 11kV network from another nearby primary substation (exact substation name to be advised by CLP).</p>,5.2.6 The power supply source for the south end HV switch board will be fed from CLP 11kV network from one of the nearby primary substation (exact substation name to be advised by CLP) and the north end HV switch board will be fed from alternative CLP 11kV network from another nearby primary substation (exact substation name to be advised by CLP).,,1223.6976,258.768,1014.6959,105.9552
4618f575-bd32-4b38-9486-a886ea28f63c,7,SHcOxXY,Text,35,5.2.7 The cross-feed 11kV cables between the transformer rooms at both ends of the Station are required to be routed from ground level EVA within A16 Station boundary to the transformer room at the other end by CLP. Exact routing and provisions to be developed and agreed with MTR Systemwide E&M and CLP in detailed design stage.,<p>5.2.7 The cross-feed 11kV cables between the transformer rooms at both ends of the Station are required to be routed from ground level EVA within A16 Station boundary to the transformer room at the other end by CLP. Exact routing and provisions to be developed and agreed with MTR Systemwide E&M and CLP in detailed design stage.</p>,5.2.7 The cross-feed 11kV cables between the transformer rooms at both ends of the Station are required to be routed from ground level EVA within A16 Station boundary to the transformer room at the other end by CLP. Exact routing and provisions to be developed and agreed with MTR Systemwide E&M and CLP in detailed design stage.,,1223.784,390.4272,1014.5807,106.08481
7c2022b3-7f00-42fb-9f09-78f4276caae8,0,oRP_Vlr,SectionHeader,35,## 5.3 LV Power Supply to Feeder Station,<h2>5.3 LV Power Supply to Feeder Station</h2>,## 5.3 LV Power Supply to Feeder Station,,1223.7983,522.8928,455.55847,25.315186
7c2022b3-7f00-42fb-9f09-78f4276caae8,1,4lrz-dr,Text,35,"5.3.1 CLP transformers in A16 Station not only supply power to the station, it also supply power to Feeder Station.","<p>5.3.1 CLP transformers in A16 Station not only supply power to the station, it also supply power to Feeder Station.</p>","5.3.1 CLP transformers in A16 Station not only supply power to the station, it also supply power to Feeder Station.",,1223.9568,575.3952,1014.1057,49.276794
7c2022b3-7f00-42fb-9f09-78f4276caae8,2,XdJDVxA,Text,35,5.3.2 Detail refer Section 15.5 in this report.,<p>5.3.2 Detail refer Section 15.5 in this report.</p>,5.3.2 Detail refer Section 15.5 in this report.,,1223.9424,652.5072,454.896,24.235168
3434236d-53a8-4f2d-aa67-3327a7ee95bc,0,iLtCsYA,SectionHeader,35,## 5.4 Power Supply Modes,<h2>5.4 Power Supply Modes</h2>,## 5.4 Power Supply Modes,,1223.9856,704.6928,322.14246,24.998413
3434236d-53a8-4f2d-aa67-3327a7ee95bc,1,GKXXshU,Text,35,5.4.1 Different power supply modes have been considered in order to cater for the failure of one of the supply sources.,<p>5.4.1 Different power supply modes have been considered in order to cater for the failure of one of the supply sources.</p>,5.4.1 Different power supply modes have been considered in order to cater for the failure of one of the supply sources.,,1223.712,756.216,1013.6017,52.286377
3434236d-53a8-4f2d-aa67-3327a7ee95bc,2,xQrTcys,Caption,35,Table 5.1: Power Supply Modes,"<span class=""caption"">Table 5.1: Power Supply Modes</span>",Table 5.1: Power Supply Modes,,1294.0128,834.984,290.92322,23.58722
3434236d-53a8-4f2d-aa67-3327a7ee95bc,3,DH_r6Hz,Table,35,"<table>
  <tr>
    <td>Normal Mode</td>
    <td>Both CLP power supplies are healthy</td>
  </tr>
  <tr>
    <td>Essential Mode</td>
    <td>A single CLP power supply source failure</td>
  </tr>
  <tr>
    <td>Emergency Mode</td>
    <td>Boundary Fire scenario</td>
  </tr>
</table>","<table>
  <tr>
    <td>Normal Mode</td>
    <td>Both CLP power supplies are healthy</td>
  </tr>
  <tr>
    <td>Essential Mode</td>
    <td>A single CLP power supply source failure</td>
  </tr>
  <tr>
    <td>Emergency Mode</td>
    <td>Boundary Fire scenario</td>
  </tr>
</table>","|                |                                          |
|----------------|------------------------------------------|
| Normal Mode    | Both CLP power supplies are healthy      |
| Essential Mode | A single CLP power supply source failure |
| Emergency Mode | Boundary Fire scenario                   |",https://storage.googleapis.com/chunkr-prod-bucket/b1e41788-2d6e-4f8e-ad16-2e39fb334c57/5d9ffc1b-8d78-44ef-813d-5174c6bbebed/images/DH_r6Hz.jpg?x-id=GetObject&response-content-disposition=inline&response-content-encoding=utf-8&response-content-type=image%2Fjpeg&X-Amz-Algorithm=AWS4-HMAC-SHA256&X-Amz-Credential=GOOG1EBMQ2D33SPB3VQ4MMVJEKXWQFNK5WS57JRFVYUSD3ZCA76OC3B74IG7C%2F20260119%2Fus-east-1%2Fs3%2Faws4_request&X-Amz-Date=20260119T145120Z&X-Amz-Expires=3600&X-Amz-SignedHeaders=host&X-Amz-Signature=dd959c36ecaaf7a3b7d8f2ce03cb30435328bd76c660d7df712a6eb2299a5330,1295.0063,870.7104,938.34717,149.3136
5c657500-9e49-4cc0-8c9f-3713f84badea,0,OLHEcGJ,SectionHeader,35,## 5.4.2 Combination of Modes,<h2>5.4.2 Combination of Modes</h2>,## 5.4.2 Combination of Modes,,1224.0864,1073.808,315.8352,21.787231
5c657500-9e49-4cc0-8c9f-3713f84badea,1,lPoVau4,Caption,35,Table 5.2.1: Power Supply Mode Combinations,"<span class=""caption"">Table 5.2.1: Power Supply Mode Combinations</span>",Table 5.2.1: Power Supply Mode Combinations,,1294.0704,1124.496,430.96313,23.28479
5c657500-9e49-4cc0-8c9f-3713f84badea,2,-QLDw2P,Table,35,"<table>
  <thead>
    <tr>
      <th>Case</th>
      <th>Combination of Modes</th>
      <th>Description</th>
    </tr>
  </thead>
  <tbody>
    <tr>
      <td>1</td>
      <td>Normal</td>
      <td>Both CLP power supplies are healthy</td>
    </tr>
    <tr>
      <td>2</td>
      <td>Essential</td>
      <td>A single CLP power supply source failure</td>
    </tr>
    <tr>
      <td>3</td>
      <td>Emergency</td>
      <td>Boundary Fire scenario</td>
    </tr>
    <tr>
      <td>4</td>
      <td>Emergency & Essential</td>
      <td>Boundary Fire scenario with only single CLP power supply source</td>
    </tr>
  </tbody>
</table>","<table>
  <thead>
    <tr>
      <th>Case</th>
      <th>Combination of Modes</th>
      <th>Description</th>
    </tr>
  </thead>
  <tbody>
    <tr>
      <td>1</td>
      <td>Normal</td>
      <td>Both CLP power supplies are healthy</td>
    </tr>
    <tr>
      <td>2</td>
      <td>Essential</td>
      <td>A single CLP power supply source failure</td>
    </tr>
    <tr>
      <td>3</td>
      <td>Emergency</td>
      <td>Boundary Fire scenario</td>
    </tr>
    <tr>
      <td>4</td>
      <td>Emergency & Essential</td>
      <td>Boundary Fire scenario with only single CLP power supply source</td>
    </tr>
  </tbody>
</table>","|      |                       |                                                                 |
|------|-----------------------|-----------------------------------------------------------------|
| Case | Combination of Modes  | Description                                                     |
| 1    | Normal                | Both CLP power supplies are healthy                             |
| 2    | Essential             | A single CLP power supply source failure                        |
| 3    | Emergency             | Boundary Fire scenario                                          |
| 4    | Emergency & Essential | Boundary Fire scenario with only single CLP power supply source |",https://storage.googleapis.com/chunkr-prod-bucket/b1e41788-2d6e-4f8e-ad16-2e39fb334c57/5d9ffc1b-8d78-44ef-813d-5174c6bbebed/images/-QLDw2P.jpg?x-id=GetObject&response-content-disposition=inline&response-content-encoding=utf-8&response-content-type=image%2Fjpeg&X-Amz-Algorithm=AWS4-HMAC-SHA256&X-Amz-Credential=GOOG1EBMQ2D33SPB3VQ4MMVJEKXWQFNK5WS57JRFVYUSD3ZCA76OC3B74IG7C%2F20260119%2Fus-east-1%2Fs3%2Faws4_request&X-Amz-Date=20260119T145120Z&X-Amz-Expires=3600&X-Amz-SignedHeaders=host&X-Amz-Signature=0a8ec76ffc6dc982801b0ace02e3359ad7431fb030ec711c83bce62c68b0392b,1294.5743,1159.848,938.50574,286.83362
5c657500-9e49-4cc0-8c9f-3713f84badea,3,65LIZt2,PageFooter,35,Rev. A,"<div class=""page-footer"">Rev. A</div>",Rev. A,,142.3296,1601.5392,58.694397,18.74878
5c657500-9e49-4cc0-8c9f-3713f84badea,4,kJWMr1B,PageFooter,35,Page 26,"<div class=""page-footer"">Page 26</div>",Page 26,,1151.7552,1601.2512,73.224,21.23999
5c657500-9e49-4cc0-8c9f-3713f84badea,5,tWjFj4q,PageFooter,35,January 2023,"<div class=""page-footer"">January 2023</div>",January 2023,,2111.8464,1600.776,122.91846,22.003174
5c657500-9e49-4cc0-8c9f-3713f84badea,6,bAbSQq3,Text,36,AECOM,<p>AECOM</p>,AECOM,,140.328,49.8816,163.39679,41.8032
5c657500-9e49-4cc0-8c9f-3713f84badea,7,WAE5V8y,PageHeader,36,Consultancy Agreement No. C1501 Design Services for Tuen Ma Extension 2.4C A16 Reference Design Building Services Design Final Report with Federated Design Model and Drawings,"<div class=""page-header"">Consultancy Agreement No. C1501 Design Services for Tuen Ma Extension 2.4C A16 Reference Design Building Services Design Final Report with Federated Design Model and Drawings</div>",Consultancy Agreement No. C1501 Design Services for Tuen Ma Extension 2.4C A16 Reference Design Building Services Design Final Report with Federated Design Model and Drawings,,1259.4528,59.1408,977.91833,79.21439
5c657500-9e49-4cc0-8c9f-3713f84badea,8,zVdcEKQ,Text,36,5.4.3 Different combination of operation mode in Feeder Station should be considered for A16 transformers loading estimation. Table 5.2.2 table list 6 nos. scenarios for mode of operation by considering both A16 and Feeder Station.,<p>5.4.3 Different combination of operation mode in Feeder Station should be considered for A16 transformers loading estimation. Table 5.2.2 table list 6 nos. scenarios for mode of operation by considering both A16 and Feeder Station.</p>,5.4.3 Different combination of operation mode in Feeder Station should be considered for A16 transformers loading estimation. Table 5.2.2 table list 6 nos. scenarios for mode of operation by considering both A16 and Feeder Station.,,142.0992,180.9216,1012.91046,77.68799
5c657500-9e49-4cc0-8c9f-3713f84badea,9,q0eOCJ2,Caption,36,Table 5.2.2: Power Supply Mode Combinations for A16 Station and Feeder Station,"<span class=""caption"">Table 5.2.2: Power Supply Mode Combinations for A16 Station and Feeder Station</span>",Table 5.2.2: Power Supply Mode Combinations for A16 Station and Feeder Station,,211.6944,286.0848,751.5504,24.335999
5c657500-9e49-4cc0-8c9f-3713f84badea,10,jmK_gui,Table,36,"<table>
  <thead>
    <tr>
      <th>Case</th>
      <th>A16 Operation Mode</th>
      <th>Feeder Station Operation Mode</th>
    </tr>
  </thead>
  <tbody>
    <tr>
      <td>A</td>
      <td>Normal</td>
      <td>Normal</td>
    </tr>
    <tr>
      <td>B</td>
      <td>Emergency</td>
      <td>Essential</td>
    </tr>
    <tr>
      <td>C</td>
      <td>Essential</td>
      <td>Essential</td>
    </tr>
    <tr>
      <td>D</td>
      <td>Essential</td>
      <td>Emergency & Essential</td>
    </tr>
    <tr>
      <td>E</td>
      <td>Emergency</td>
      <td>Emergency</td>
    </tr>
    <tr>
      <td>F</td>
      <td>Emergency & Essential</td>
      <td>Essential</td>
    </tr>
    <tr>
      <td>G</td>
      <td>Emergency & Essential</td>
      <td>Emergency & Essential</td>
    </tr>
  </tbody>
</table>","<table>
  <thead>
    <tr>
      <th>Case</th>
      <th>A16 Operation Mode</th>
      <th>Feeder Station Operation Mode</th>
    </tr>
  </thead>
  <tbody>
    <tr>
      <td>A</td>
      <td>Normal</td>
      <td>Normal</td>
    </tr>
    <tr>
      <td>B</td>
      <td>Emergency</td>
      <td>Essential</td>
    </tr>
    <tr>
      <td>C</td>
      <td>Essential</td>
      <td>Essential</td>
    </tr>
    <tr>
      <td>D</td>
      <td>Essential</td>
      <td>Emergency & Essential</td>
    </tr>
    <tr>
      <td>E</td>
      <td>Emergency</td>
      <td>Emergency</td>
    </tr>
    <tr>
      <td>F</td>
      <td>Emergency & Essential</td>
      <td>Essential</td>
    </tr>
    <tr>
      <td>G</td>
      <td>Emergency & Essential</td>
      <td>Emergency & Essential</td>
    </tr>
  </tbody>
</table>","|      |                       |                               |
|------|-----------------------|-------------------------------|
| Case | A16 Operation Mode    | Feeder Station Operation Mode |
| A    | Normal                | Normal                        |
| B    | Emergency             | Essential                     |
| C    | Essential             | Essential                     |
| D    | Essential             | Emergency & Essential         |
| E    | Emergency             | Emergency                     |
| F    | Emergency & Essential | Essential                     |
| G    | Emergency & Essential | Emergency & Essential         |",https://storage.googleapis.com/chunkr-prod-bucket/b1e41788-2d6e-4f8e-ad16-2e39fb334c57/5d9ffc1b-8d78-44ef-813d-5174c6bbebed/images/jmK_gui.jpg?x-id=GetObject&response-content-disposition=inline&response-content-encoding=utf-8&response-content-type=image%2Fjpeg&X-Amz-Algorithm=AWS4-HMAC-SHA256&X-Amz-Credential=GOOG1EBMQ2D33SPB3VQ4MMVJEKXWQFNK5WS57JRFVYUSD3ZCA76OC3B74IG7C%2F20260119%2Fus-east-1%2Fs3%2Faws4_request&X-Amz-Date=20260119T145120Z&X-Amz-Expires=3600&X-Amz-SignedHeaders=host&X-Amz-Signature=1d6e986657404f7fe74189de57143f9459bca367643265510239e8d7335371a8,212.328,319.752,925.704,418.96796
5c657500-9e49-4cc0-8c9f-3713f84badea,11,EEkrCNT,Text,36,"5.4.4 Reference is made to the detailed breakdown of the electrical loads in Appendix C1. Case G under ""Emergency & Essential"" in A16 Station and ""Emergency & Essential "" in Feeder Station result in the largest essential / loading demand will be used for determining the final number of transformers to be adopted.","<p>5.4.4 Reference is made to the detailed breakdown of the electrical loads in Appendix C1. Case G under ""Emergency & Essential"" in A16 Station and ""Emergency & Essential "" in Feeder Station result in the largest essential / loading demand will be used for determining the final number of transformers to be adopted.</p>","5.4.4 Reference is made to the detailed breakdown of the electrical loads in Appendix C1. Case G under ""Emergency & Essential"" in A16 Station and ""Emergency & Essential "" in Feeder Station result in the largest essential / loading demand will be used for determining the final number of transformers to be adopted.",,142.3584,763.6176,1013.42883,105.969604
3ab048e0-0dad-4df9-82ed-6f1141d91b8a,0,5ZZAn1M,SectionHeader,36,## 5.5 Power Supply Requirement Summary,<h2>5.5 Power Supply Requirement Summary</h2>,## 5.5 Power Supply Requirement Summary,,142.632,896.4864,484.19995,26.611206
3ab048e0-0dad-4df9-82ed-6f1141d91b8a,1,3K_xSkK,SectionHeader,36,## 5.5.1 The summary of the electrical load estimation at A16 Station is as follows:,<h2>5.5.1 The summary of the electrical load estimation at A16 Station is as follows:</h2>,## 5.5.1 The summary of the electrical load estimation at A16 Station is as follows:,,142.4592,947.808,769.37756,25.588806
3ab048e0-0dad-4df9-82ed-6f1141d91b8a,2,1VkU4Up,Caption,36,Table 5.3: A16 Station - Electrical Load Estimation Summary,"<span class=""caption"">Table 5.3: A16 Station - Electrical Load Estimation Summary</span>",Table 5.3: A16 Station - Electrical Load Estimation Summary,,211.752,998.3664,547.5888,26.006409
3ab048e0-0dad-4df9-82ed-6f1141d91b8a,3,njijb27,Table,36,"<table>
  <tbody>
    <tr>
      <td rowspan=""4"">Total electrical loadings demand</td>
      <td>Station:</td>
      <td>5,487 kVA</td>
    </tr>
    <tr>
      <td>TECS:</td>
      <td>1,160 kVA</td>
    </tr>
    <tr>
      <td>Feeder Station:</td>
      <td>499.5 kVA</td>
    </tr>
    <tr>
      <td>Total:</td>
      <td>7,146 kVA</td>
    </tr>
    <tr>
      <td>Required no. of CLP Transformer and Transformer ratings</td>
      <td>Total:</td>
      <td>4 no. 2,000kVA</td>
    </tr>
  </tbody>
</table>","<table>
  <tbody>
    <tr>
      <td rowspan=""4"">Total electrical loadings demand</td>
      <td>Station:</td>
      <td>5,487 kVA</td>
    </tr>
    <tr>
      <td>TECS:</td>
      <td>1,160 kVA</td>
    </tr>
    <tr>
      <td>Feeder Station:</td>
      <td>499.5 kVA</td>
    </tr>
    <tr>
      <td>Total:</td>
      <td>7,146 kVA</td>
    </tr>
    <tr>
      <td>Required no. of CLP Transformer and Transformer ratings</td>
      <td>Total:</td>
      <td>4 no. 2,000kVA</td>
    </tr>
  </tbody>
</table>","|                                                         |                 |                |
|---------------------------------------------------------|-----------------|----------------|
| Total electrical loadings demand                        | Station:        | 5,487 KVA      |
|                                                         | TECS:           | 1,160 kVA      |
|                                                         | Feeder Station: | 499.5 kVA      |
|                                                         | Total:          | 7,146 kVA      |
| Required no. of CLP Transformer and Transformer ratings | Total:          | 4 no. 2,000kVA |",https://storage.googleapis.com/chunkr-prod-bucket/b1e41788-2d6e-4f8e-ad16-2e39fb334c57/5d9ffc1b-8d78-44ef-813d-5174c6bbebed/images/njijb27.jpg?x-id=GetObject&response-content-disposition=inline&response-content-encoding=utf-8&response-content-type=image%2Fjpeg&X-Amz-Algorithm=AWS4-HMAC-SHA256&X-Amz-Credential=GOOG1EBMQ2D33SPB3VQ4MMVJEKXWQFNK5WS57JRFVYUSD3ZCA76OC3B74IG7C%2F20260119%2Fus-east-1%2Fs3%2Faws4_request&X-Amz-Date=20260119T145120Z&X-Amz-Expires=3600&X-Amz-SignedHeaders=host&X-Amz-Signature=51ad0c8524fa76bc96952d18a040f27fbaf5c6304167a3040aa10b61e47ee9ec,212.6304,1034.784,867.2832,235.59839
684c9fc8-29c1-417e-a349-1d37b99d86d9,0,FGOju9d,SectionHeader,36,## 5.5.2 The detailed breakdown of electrical loads for different scenarios is as shown in Table 5.5.,<h2>5.5.2 The detailed breakdown of electrical loads for different scenarios is as shown in Table 5.5.</h2>,## 5.5.2 The detailed breakdown of electrical loads for different scenarios is as shown in Table 5.5.,,1224.0144,181.4256,914.86084,24.091202
684c9fc8-29c1-417e-a349-1d37b99d86d9,1,28viLYT,Caption,36,Table 5.5: A16 Station - Breakdown of Electrical Loads (include Feeder Station load),"<span class=""caption"">Table 5.5: A16 Station - Breakdown of Electrical Loads (include Feeder Station load)</span>",Table 5.5: A16 Station - Breakdown of Electrical Loads (include Feeder Station load),,1293.4224,232.2288,762.4512,24.5952
684c9fc8-29c1-417e-a349-1d37b99d86d9,2,w3ce20L,Table,36,"<table>
  <thead>
    <tr>
      <th rowspan=""2""></th>
      <th colspan=""2"">Normal / Fire Operation<br>(kVA)</th>
      <th rowspan=""2"">Emergency with<br>Operation<br>(kVA)</th>
    </tr>
    <tr>
      <th>Source A</th>
      <th>Source B</th>
    </tr>
  </thead>
  <tbody>
    <tr>
      <td>Transformer rooms at south end</td>
      <td>1,377</td>
      <td>1,655</td>
      <td>1,916</td>
    </tr>
    <tr>
      <td>Transformer rooms at north end</td>
      <td>1,817</td>
      <td>1,797</td>
      <td>1,997</td>
    </tr>
    <tr>
      <td>Total</td>
      <td colspan=""2"">6,646</td>
      <td>3,913</td>
    </tr>
  </tbody>
</table>","<table>
  <thead>
    <tr>
      <th rowspan=""2""></th>
      <th colspan=""2"">Normal / Fire Operation<br>(kVA)</th>
      <th rowspan=""2"">Emergency with<br>Operation<br>(kVA)</th>
    </tr>
    <tr>
      <th>Source A</th>
      <th>Source B</th>
    </tr>
  </thead>
  <tbody>
    <tr>
      <td>Transformer rooms at south end</td>
      <td>1,377</td>
      <td>1,655</td>
      <td>1,916</td>
    </tr>
    <tr>
      <td>Transformer rooms at north end</td>
      <td>1,817</td>
      <td>1,797</td>
      <td>1,997</td>
    </tr>
    <tr>
      <td>Total</td>
      <td colspan=""2"">6,646</td>
      <td>3,913</td>
    </tr>
  </tbody>
</table>","|                                |                               |          |                                |
|--------------------------------|-------------------------------|----------|--------------------------------|
|                                | Normal / Fire Operation (kVA) |          | Emergency with Operation (kVA) |
|                                | Source A                      | Source B |                                |
| Transformer rooms at south end | 1,377                         | 1,655    | 1,916                          |
| Transformer rooms at north end | 1,817                         | 1,797    | 1,997                          |
| Total                          | 6,646                         |          | 3,913                          |",https://storage.googleapis.com/chunkr-prod-bucket/b1e41788-2d6e-4f8e-ad16-2e39fb334c57/5d9ffc1b-8d78-44ef-813d-5174c6bbebed/images/w3ce20L.jpg?x-id=GetObject&response-content-disposition=inline&response-content-encoding=utf-8&response-content-type=image%2Fjpeg&X-Amz-Algorithm=AWS4-HMAC-SHA256&X-Amz-Credential=GOOG1EBMQ2D33SPB3VQ4MMVJEKXWQFNK5WS57JRFVYUSD3ZCA76OC3B74IG7C%2F20260119%2Fus-east-1%2Fs3%2Faws4_request&X-Amz-Date=20260119T145120Z&X-Amz-Expires=3600&X-Amz-SignedHeaders=host&X-Amz-Signature=6e72c14b04e0fd8c158515449cb19cfa23305a6efa19e8b9ddac6e70d13bb9fe,1294.1711,267.1632,869.4866,285.63837
684c9fc8-29c1-417e-a349-1d37b99d86d9,3,ZM1olZ6,Text,36,"5.5.3 The maximum demand of transformer for A16 Station & feeder station is estimated to be 6,646 kVA under a normal operation scenario and 3,913 kVA under essential & emergency operation in A16 Station scenario.","<p>5.5.3 The maximum demand of transformer for A16 Station & feeder station is estimated to be 6,646 kVA under a normal operation scenario and 3,913 kVA under essential & emergency operation in A16 Station scenario.</p>","5.5.3 The maximum demand of transformer for A16 Station & feeder station is estimated to be 6,646 kVA under a normal operation scenario and 3,913 kVA under essential & emergency operation in A16 Station scenario.",,1224.1152,578.6064,1013.58716,76.996826
684c9fc8-29c1-417e-a349-1d37b99d86d9,4,6dT5dme,Text,36,5.5.4 Detailed electrical breakdown under case 'A' to 'G' refer to the electrical loads in Appendix C1.,<p>5.5.4 Detailed electrical breakdown under case 'A' to 'G' refer to the electrical loads in Appendix C1.</p>,5.5.4 Detailed electrical breakdown under case 'A' to 'G' refer to the electrical loads in Appendix C1.,,1224.288,683.3376,953.1361,24.335999
d5d3347c-30d3-417f-87b0-04270b82d2b9,0,fyroKDD,SectionHeader,36,## 5.6 LV Power Supply Requirement,<h2>5.6 LV Power Supply Requirement</h2>,## 5.6 LV Power Supply Requirement,,1224.4176,735.5232,413.06396,24.825623
d5d3347c-30d3-417f-87b0-04270b82d2b9,1,ShwqLOl,Text,36,"5.6.1 In line with the dual power supply strategy, the power supply sources from the transformers to each LV switch board will be fed from two different CLP primary substations. Any one of the service transformers will be designed to have sufficient capacity to cater for all essential electrical loadings of the responsible areas.","<p>5.6.1 In line with the dual power supply strategy, the power supply sources from the transformers to each LV switch board will be fed from two different CLP primary substations. Any one of the service transformers will be designed to have sufficient capacity to cater for all essential electrical loadings of the responsible areas.</p>","5.6.1 In line with the dual power supply strategy, the power supply sources from the transformers to each LV switch board will be fed from two different CLP primary substations. Any one of the service transformers will be designed to have sufficient capacity to cater for all essential electrical loadings of the responsible areas.",,1224.216,786.9888,1014.24963,105.09125
d5d3347c-30d3-417f-87b0-04270b82d2b9,2,SP4YmRt,Text,36,"5.6.2 In the event of either one of the 11kV supply or transformer failure, the LV switch board will automatically disconnect all non-essential loads and the remaining essential loads will be maintained via the remaining healthy supply by automatic switching within LV switch board.","<p>5.6.2 In the event of either one of the 11kV supply or transformer failure, the LV switch board will automatically disconnect all non-essential loads and the remaining essential loads will be maintained via the remaining healthy supply by automatic switching within LV switch board.</p>","5.6.2 In the event of either one of the 11kV supply or transformer failure, the LV switch board will automatically disconnect all non-essential loads and the remaining essential loads will be maintained via the remaining healthy supply by automatic switching within LV switch board.",,1223.9856,917.6976,1013.4287,80.38086
d5d3347c-30d3-417f-87b0-04270b82d2b9,3,WZzk-Dx,Text,36,"5.6.3 The detailed breakdown of the electrical loads for each Transformer is indicated in separate BS Calculation Report. The power supply requirement comprises demand mainly from area based on lighting and small power, Station ECS, FS, PD and Systemwide E&M system requirements.","<p>5.6.3 The detailed breakdown of the electrical loads for each Transformer is indicated in separate BS Calculation Report. The power supply requirement comprises demand mainly from area based on lighting and small power, Station ECS, FS, PD and Systemwide E&M system requirements.</p>","5.6.3 The detailed breakdown of the electrical loads for each Transformer is indicated in separate BS Calculation Report. The power supply requirement comprises demand mainly from area based on lighting and small power, Station ECS, FS, PD and Systemwide E&M system requirements.",,1224.1296,1022.8752,1013.52954,80.064026
d5d3347c-30d3-417f-87b0-04270b82d2b9,4,5oUrq0x,Text,36,5.6.4 The power supply requirements for the Systemwide E&M systems are based on the Systemwide E&M Equipment Power Demand Schedule (latest revision) which are included under Appendix H.,<p>5.6.4 The power supply requirements for the Systemwide E&M systems are based on the Systemwide E&M Equipment Power Demand Schedule (latest revision) which are included under Appendix H.</p>,5.6.4 The power supply requirements for the Systemwide E&M systems are based on the Systemwide E&M Equipment Power Demand Schedule (latest revision) which are included under Appendix H.,,1223.9712,1127.1456,1013.4575,53.164795
d5d3347c-30d3-417f-87b0-04270b82d2b9,5,QYQRy8n,Text,36,5.6.5 Provision has been made for 10% additional spare capacity for the electrical loads and 20% additional spare capacity for the UPS as requested in NW&MARWDSM Clauses 7.8.2.10.1 and 7.8.2.11.2 respectively.,<p>5.6.5 Provision has been made for 10% additional spare capacity for the electrical loads and 20% additional spare capacity for the UPS as requested in NW&MARWDSM Clauses 7.8.2.10.1 and 7.8.2.11.2 respectively.</p>,5.6.5 Provision has been made for 10% additional spare capacity for the electrical loads and 20% additional spare capacity for the UPS as requested in NW&MARWDSM Clauses 7.8.2.10.1 and 7.8.2.11.2 respectively.,,1224.0144,1204.0272,1014.0049,79.444824
92e30fd5-43c8-4bf7-a331-3b51be3ff4f1,0,4l1nbtu,SectionHeader,36,## 5.6.6 The LV boards will provide feeders to various essential loads as described below: -,<h2>5.6.6 The LV boards will provide feeders to various essential loads as described below: -</h2>,## 5.6.6 The LV boards will provide feeders to various essential loads as described below: -,,1223.856,1309.3344,842.2561,24.638428
92e30fd5-43c8-4bf7-a331-3b51be3ff4f1,1,rhK42pO,Text,36,· Lighting and small power,<p>· Lighting and small power</p>,· Lighting and small power,,1333.4543,1365.6816,261.61926,22.46399
92e30fd5-43c8-4bf7-a331-3b51be3ff4f1,2,jGV7mbQ,Text,36,· UPS systems,<p>· UPS systems</p>,· UPS systems,,1333.296,1405.9584,150.07678,20.99524
92e30fd5-43c8-4bf7-a331-3b51be3ff4f1,3,QvPTXHD,Text,36,· Station ECS equipment,<p>· Station ECS equipment</p>,· Station ECS equipment,,1333.6848,1445.976,242.1936,21.54248
92e30fd5-43c8-4bf7-a331-3b51be3ff4f1,4,5XRySxh,Text,36,· Smoke extraction equipment,<p>· Smoke extraction equipment</p>,· Smoke extraction equipment,,1333.44,1485.4752,297.07202,21.326416
92e30fd5-43c8-4bf7-a331-3b51be3ff4f1,5,XJabqFD,Text,36,· Fire fighting system,<p>· Fire fighting system</p>,· Fire fighting system,,1333.44,1525.5072,211.88171,22.276855
92e30fd5-43c8-4bf7-a331-3b51be3ff4f1,6,qxVWprL,PageFooter,36,Rev. A,"<div class=""page-footer"">Rev. A</div>",Rev. A,,142.2432,1601.3232,59.025604,19.079956
92e30fd5-43c8-4bf7-a331-3b51be3ff4f1,7,PXd2bm7,PageFooter,36,Page 27,"<div class=""page-footer"">Page 27</div>",Page 27,,1152.0864,1601.3951,72.18713,20.908813
92e30fd5-43c8-4bf7-a331-3b51be3ff4f1,8,74nmkxs,PageFooter,36,January 2023,"<div class=""page-footer"">January 2023</div>",January 2023,,2111.8032,1600.7616,122.947266,21.974365
92e30fd5-43c8-4bf7-a331-3b51be3ff4f1,9,oQIhRQf,Text,37,AECOM,<p>AECOM</p>,AECOM,,140.112,50.7024,164.01599,40.406403
92e30fd5-43c8-4bf7-a331-3b51be3ff4f1,10,rGBGSWM,PageHeader,37,Consultancy Agreement No. C1501 Design Services for Tuen Ma Extension 2.4C A16 Reference Design Building Services Design Final Report with Federated Design Model and Drawings,"<div class=""page-header"">Consultancy Agreement No. C1501 Design Services for Tuen Ma Extension 2.4C A16 Reference Design Building Services Design Final Report with Federated Design Model and Drawings</div>",Consultancy Agreement No. C1501 Design Services for Tuen Ma Extension 2.4C A16 Reference Design Building Services Design Final Report with Federated Design Model and Drawings,,1259.5968,59.6304,978.048,78.782394
92e30fd5-43c8-4bf7-a331-3b51be3ff4f1,11,EUspChl,Text,37,· Plumbing and drainage system,<p>· Plumbing and drainage system</p>,· Plumbing and drainage system,,251.3376,186.8544,311.60162,22.679993
92e30fd5-43c8-4bf7-a331-3b51be3ff4f1,12,cMufngj,Text,37,· MTR Systemwide System:,<p>· MTR Systemwide System:</p>,· MTR Systemwide System:,,251.4384,227.088,266.86078,21.686401
92e30fd5-43c8-4bf7-a331-3b51be3ff4f1,13,iAYzdRT,Text,37,> Communication system,<p>> Communication system</p>,> Communication system,,287.4672,263.0736,256.0176,23.241577
92e30fd5-43c8-4bf7-a331-3b51be3ff4f1,14,1ksLU20,Text,37,> PA system,<p>> PA system</p>,> PA system,,287.3232,300.7152,139.176,23.097595
92e30fd5-43c8-4bf7-a331-3b51be3ff4f1,15,t4jxjvu,Text,37,> Signalling system,<p>> Signalling system</p>,> Signalling system,,287.0928,337.9104,199.5408,24.50879
92e30fd5-43c8-4bf7-a331-3b51be3ff4f1,16,9KTQ_Ij,Text,37,> MCS system,<p>> MCS system</p>,> MCS system,,287.856,376.1712,154.78561,22.521606
92e30fd5-43c8-4bf7-a331-3b51be3ff4f1,17,U4njEoT,Text,37,> SAMS,<p>> SAMS</p>,> SAMS,,287.4672,412.9056,98.5968,21.168
92e30fd5-43c8-4bf7-a331-3b51be3ff4f1,18,Zii4h7N,Text,37,> PSD system,<p>> PSD system</p>,> PSD system,,287.28,450.2592,149.65921,23.054413
92e30fd5-43c8-4bf7-a331-3b51be3ff4f1,19,aEl_0sz,Text,37,> AFC system,<p>> AFC system</p>,> AFC system,,287.1504,487.8864,149.77441,22.953583
92e30fd5-43c8-4bf7-a331-3b51be3ff4f1,20,JT9q2kL,Text,37,> Lifts and escalators,<p>> Lifts and escalators</p>,> Lifts and escalators,,287.0496,525.1392,218.4768,22.104004
92e30fd5-43c8-4bf7-a331-3b51be3ff4f1,21,EeNDOF0,Text,37,> POW system,<p>> POW system</p>,> POW system,,287.784,562.824,159.5376,22.780823
92e30fd5-43c8-4bf7-a331-3b51be3ff4f1,22,LpIvgJH,Text,37,> TECS,<p>> TECS</p>,> TECS,,287.7984,600.2928,89.6832,21.038391
92e30fd5-43c8-4bf7-a331-3b51be3ff4f1,23,DYUKc-J,Text,37,> Passenger Mobile Communication system,<p>> Passenger Mobile Communication system</p>,> Passenger Mobile Communication system,,287.8272,637.3872,419.64478,23.903992
92e30fd5-43c8-4bf7-a331-3b51be3ff4f1,24,I2_DIen,Text,37,> Overhead Line system,<p>> Overhead Line system</p>,> Overhead Line system,,287.5392,674.9136,243.40317,23.112
92e30fd5-43c8-4bf7-a331-3b51be3ff4f1,25,TLQ15BP,Text,37,5.6.7 The non-essential loads which will be disconnected in the event of failure of one supply source are as follows:,<p>5.6.7 The non-essential loads which will be disconnected in the event of failure of one supply source are as follows:</p>,5.6.7 The non-essential loads which will be disconnected in the event of failure of one supply source are as follows:,,142.1712,725.2272,1013.6016,49.694397
92e30fd5-43c8-4bf7-a331-3b51be3ff4f1,26,FX19tEf,Text,37,· Advertising panels,<p>· Advertising panels</p>,· Advertising panels,,250.8048,808.0416,203.09761,22.43518
92e30fd5-43c8-4bf7-a331-3b51be3ff4f1,27,lHijr4F,Text,37,· Non-essential small power for general use,<p>· Non-essential small power for general use</p>,· Non-essential small power for general use,,250.8912,847.6272,414.3168,22.492798
92e30fd5-43c8-4bf7-a331-3b51be3ff4f1,28,Gx18bP2,Text,37,. Non-emergency signage,<p>. Non-emergency signage</p>,. Non-emergency signage,,251.424,888.552,253.7712,22.26239
92e30fd5-43c8-4bf7-a331-3b51be3ff4f1,29,gpILB2-,Text,37,· Non-essential ECS equipment,<p>· Non-essential ECS equipment</p>,· Non-essential ECS equipment,,251.28,927.4032,301.86722,22.46399
92e30fd5-43c8-4bf7-a331-3b51be3ff4f1,30,9VXJz8q,Text,37,· Concession loads,<p>· Concession loads</p>,· Concession loads,,250.704,967.824,191.6208,20.880005
92e30fd5-43c8-4bf7-a331-3b51be3ff4f1,31,vA-yQez,Text,37,5.6.8 A single fire scenario will be assumed for the Station and Trackway firefighting equipment electrical loading estimation.,<p>5.6.8 A single fire scenario will be assumed for the Station and Trackway firefighting equipment electrical loading estimation.</p>,5.6.8 A single fire scenario will be assumed for the Station and Trackway firefighting equipment electrical loading estimation.,,142.128,1016.3088,1013.22723,51.868835
92e30fd5-43c8-4bf7-a331-3b51be3ff4f1,32,xmH8JRG,Text,37,"5.6.9 There are critical loads that must be maintained in the event of a failure of the dual power supply sources. These critical loads are required to maintain necessary systems for the evacuation or safety of the personnel. In such instance, Uninterruptible Power Supply (UPS) will be provided of suitable duration (30 or 120 minutes) for a continuous back-up electrical supply as follows:","<p>5.6.9 There are critical loads that must be maintained in the event of a failure of the dual power supply sources. These critical loads are required to maintain necessary systems for the evacuation or safety of the personnel. In such instance, Uninterruptible Power Supply (UPS) will be provided of suitable duration (30 or 120 minutes) for a continuous back-up electrical supply as follows:</p>","5.6.9 There are critical loads that must be maintained in the event of a failure of the dual power supply sources. These critical loads are required to maintain necessary systems for the evacuation or safety of the personnel. In such instance, Uninterruptible Power Supply (UPS) will be provided of suitable duration (30 or 120 minutes) for a continuous back-up electrical supply as follows:",,142.3728,1093.9536,1013.02563,105.9552
92e30fd5-43c8-4bf7-a331-3b51be3ff4f1,33,p5CxHdd,Text,37,(a) Backup duration - 30 minutes,<p>(a) Backup duration - 30 minutes</p>,(a) Backup duration - 30 minutes,,142.5744,1225.5408,378.28802,24.379272
92e30fd5-43c8-4bf7-a331-3b51be3ff4f1,34,h4MAZsa,Text,37,· Station ECS control system,<p>· Station ECS control system</p>,· Station ECS control system,,251.3088,1269.6768,275.8464,21.124878
92e30fd5-43c8-4bf7-a331-3b51be3ff4f1,35,fEn6ZUu,Text,37,· Tunnel ECS control system,<p>· Tunnel ECS control system</p>,· Tunnel ECS control system,,251.3232,1309.248,273.55682,21.369507
92e30fd5-43c8-4bf7-a331-3b51be3ff4f1,36,1mRMfwX,Text,37,· Communication system,<p>· Communication system</p>,· Communication system,,251.1072,1349.5968,247.92482,21.355225
92e30fd5-43c8-4bf7-a331-3b51be3ff4f1,37,Lju4mgs,Text,37,. Main Control system,<p>. Main Control system</p>,. Main Control system,,251.2512,1389.5135,223.14238,21.268799
92e30fd5-43c8-4bf7-a331-3b51be3ff4f1,38,i3JeUAH,Text,37,. PID system,<p>. PID system</p>,. PID system,,250.6464,1430.6832,137.0448,19.958374
92e30fd5-43c8-4bf7-a331-3b51be3ff4f1,39,q89C892,Text,37,· CCTV system,<p>· CCTV system</p>,· CCTV system,,250.8192,1470.2976,152.9712,20.649536
92e30fd5-43c8-4bf7-a331-3b51be3ff4f1,40,SOijakw,Text,37,. PA system,<p>. PA system</p>,. PA system,,250.6608,1510.8048,130.9248,19.483154
92e30fd5-43c8-4bf7-a331-3b51be3ff4f1,41,bqhmt_8,Text,37,. Master Clock,<p>. Master Clock</p>,. Master Clock,,250.7904,1549.7712,155.9664,19.137573
92e30fd5-43c8-4bf7-a331-3b51be3ff4f1,42,pUk58rl,Text,37,· Station Building Automation System,<p>· Station Building Automation System</p>,· Station Building Automation System,,1333.0944,186.7248,360.07202,22.37761
92e30fd5-43c8-4bf7-a331-3b51be3ff4f1,43,N5jquoj,Text,37,· AFC System,<p>· AFC System</p>,· AFC System,,1332.9937,227.4192,142.3728,20.332794
92e30fd5-43c8-4bf7-a331-3b51be3ff4f1,44,f7vIje0,Text,37,· OHL equipment,<p>· OHL equipment</p>,· OHL equipment,,1332.9792,267.552,179.6543,21.081604
92e30fd5-43c8-4bf7-a331-3b51be3ff4f1,45,LSIzA9m,Text,37,(b) Backup duration - 120 minutes,<p>(b) Backup duration - 120 minutes</p>,(b) Backup duration - 120 minutes,,1224.1873,303.984,389.4048,25.185577
92e30fd5-43c8-4bf7-a331-3b51be3ff4f1,46,vA8HY6p,Text,37,· Communication system,<p>· Communication system</p>,· Communication system,,1332.792,347.976,248.25598,21.23999
92e30fd5-43c8-4bf7-a331-3b51be3ff4f1,47,JokeZ5H,Text,37,. Transmission System for Communications,<p>. Transmission System for Communications</p>,. Transmission System for Communications,,1333.368,387.8352,411.04797,21.7872
92e30fd5-43c8-4bf7-a331-3b51be3ff4f1,48,vhgq_iC,Text,37,. Main Control system,<p>. Main Control system</p>,. Main Control system,,1333.4543,427.752,223.14246,20.851196
92e30fd5-43c8-4bf7-a331-3b51be3ff4f1,49,xI_c0Uj,Text,37,"· O&M, HKP and FSD Radio","<p>· O&M, HKP and FSD Radio</p>","· O&M, HKP and FSD Radio",,1332.9648,467.2368,266.3999,21.744019
92e30fd5-43c8-4bf7-a331-3b51be3ff4f1,50,06_VjhZ,Text,37,· Ventilation systems in UPS Room,<p>· Ventilation systems in UPS Room</p>,· Ventilation systems in UPS Room,,1333.152,507.4272,332.91357,21.499207
92e30fd5-43c8-4bf7-a331-3b51be3ff4f1,51,AWt5rw-,Text,37,(Equipment backup time requirement should refer to the latest power demand schedule),<p>(Equipment backup time requirement should refer to the latest power demand schedule)</p>,(Equipment backup time requirement should refer to the latest power demand schedule),,1331.7408,542.3184,800.40955,26.395203
92e30fd5-43c8-4bf7-a331-3b51be3ff4f1,52,XxSyZjG,Text,37,"5.6.10 Dedicated UPS with 120 minutes backup duration will be provided for the emergency lighting systems in accordance with Guidelines on Formulation of Fire Safety Requirements for New Railway Infrastructures and FSD COP Circular Letter, 5/2021:","<p>5.6.10 Dedicated UPS with 120 minutes backup duration will be provided for the emergency lighting systems in accordance with Guidelines on Formulation of Fire Safety Requirements for New Railway Infrastructures and FSD COP Circular Letter, 5/2021:</p>","5.6.10 Dedicated UPS with 120 minutes backup duration will be provided for the emergency lighting systems in accordance with Guidelines on Formulation of Fire Safety Requirements for New Railway Infrastructures and FSD COP Circular Letter, 5/2021:",,1223.5968,593.568,1014.4081,76.924805
92e30fd5-43c8-4bf7-a331-3b51be3ff4f1,53,fQdKDHZ,Text,37,· Public area emergency lighting,<p>· Public area emergency lighting</p>,· Public area emergency lighting,,1333.2672,702.4608,312.5232,23.601562
92e30fd5-43c8-4bf7-a331-3b51be3ff4f1,54,rn-p8rb,Text,37,· Staff area emergency lighting,<p>· Staff area emergency lighting</p>,· Staff area emergency lighting,,1333.1952,741.9168,300.03845,24.03357
92e30fd5-43c8-4bf7-a331-3b51be3ff4f1,55,QHCOoOc,Text,37,· Trackside emergency lighting,<p>· Trackside emergency lighting</p>,· Trackside emergency lighting,,1333.2384,782.28,298.45435,23.875183
92e30fd5-43c8-4bf7-a331-3b51be3ff4f1,56,rQU1goG,Text,37,· Emergency Platform Screen Door Boom Lighting,<p>· Emergency Platform Screen Door Boom Lighting</p>,· Emergency Platform Screen Door Boom Lighting,,1333.584,822.2688,467.9856,23.544006
92e30fd5-43c8-4bf7-a331-3b51be3ff4f1,57,GfzYxpV,Text,37,· Emergency Signs,<p>· Emergency Signs</p>,· Emergency Signs,,1333.224,862.8048,188.1648,22.766418
92e30fd5-43c8-4bf7-a331-3b51be3ff4f1,58,VUkEjhi,Text,37,"5.6.11 For the detailed arrangement of the UPS systems at A16 Station, please refer to Sections 9.1 and 9.2.","<p>5.6.11 For the detailed arrangement of the UPS systems at A16 Station, please refer to Sections 9.1 and 9.2.</p>","5.6.11 For the detailed arrangement of the UPS systems at A16 Station, please refer to Sections 9.1 and 9.2.",,1223.8127,911.3616,1011.75854,24.768005
92e30fd5-43c8-4bf7-a331-3b51be3ff4f1,59,SfPvYGh,PageFooter,37,Rev. A,"<div class=""page-footer"">Rev. A</div>",Rev. A,,141.912,1601.4384,59.7312,19.065674
92e30fd5-43c8-4bf7-a331-3b51be3ff4f1,60,yPPOp-y,PageFooter,37,Page 28,"<div class=""page-footer"">Page 28</div>",Page 28,,1151.7552,1601.1648,73.36792,21.369629
92e30fd5-43c8-4bf7-a331-3b51be3ff4f1,61,-VNkbzb,PageFooter,37,January 2023,"<div class=""page-footer"">January 2023</div>",January 2023,,2111.5872,1600.848,123.595215,21.931152
